PLAYER_LOCATION,675,3/20/2024 10:46:35 AM,056553d9-117f-4dee-9eed-4e09eb27f7d0,1.4,"(2.0, 1.7, 0.0)","(0.0, 0.0, 0.0)","(0.0, 0.0, 0.0)",
PLAYER_LOCATION,675,3/20/2024 10:46:35 AM,056553d9-117f-4dee-9eed-4e09eb27f7d0,1.4,"(2.0, 1.7, 0.0)","(0.0, 0.0, 0.0)","(0.0, 0.0, 0.0)",
PLAYER_LOCATION,1463,3/20/2024 10:46:35 AM,056553d9-117f-4dee-9eed-4e09eb27f7d0,1.4,"(1.9, 1.7, 0.0)","(0.0, 0.0, 0.0)","(0.0, 0.0, 0.0)",
PLAYER_LOCATION,1463,3/20/2024 10:46:35 AM,056553d9-117f-4dee-9eed-4e09eb27f7d0,1.4,"(1.9, 1.7, 0.0)","(0.0, 0.0, 0.0)","(0.0, 0.0, 0.0)",
PLAYER_LOCATION,1982,3/20/2024 10:46:36 AM,056553d9-117f-4dee-9eed-4e09eb27f7d0,1.4,"(1.9, 1.7, 0.0)","(0.0, 0.0, 0.0)","(0.0, 0.0, 0.0)",
PLAYER_LOCATION,1982,3/20/2024 10:46:36 AM,056553d9-117f-4dee-9eed-4e09eb27f7d0,1.4,"(1.9, 1.7, 0.0)","(0.0, 0.0, 0.0)","(0.0, 0.0, 0.0)",
PLAYER_LOCATION,2510,3/20/2024 10:46:36 AM,056553d9-117f-4dee-9eed-4e09eb27f7d0,1.4,"(1.9, 1.7, 0.0)","(0.0, 0.0, 0.0)","(0.0, 0.0, 0.0)",
PLAYER_LOCATION,2510,3/20/2024 10:46:36 AM,056553d9-117f-4dee-9eed-4e09eb27f7d0,1.4,"(1.9, 1.7, 0.0)","(0.0, 0.0, 0.0)","(0.0, 0.0, 0.0)",
PLAYER_LOCATION,3011,3/20/2024 10:46:37 AM,056553d9-117f-4dee-9eed-4e09eb27f7d0,1.4,"(1.9, 1.7, 0.0)","(0.0, 0.0, 0.0)","(0.0, 0.0, 0.0)",
PLAYER_LOCATION,3011,3/20/2024 10:46:37 AM,056553d9-117f-4dee-9eed-4e09eb27f7d0,1.4,"(1.9, 1.7, 0.0)","(0.0, 0.0, 0.0)","(0.0, 0.0, 0.0)",
PLAYER_LOCATION,3511,3/20/2024 10:46:37 AM,056553d9-117f-4dee-9eed-4e09eb27f7d0,1.4,"(1.9, 1.7, 0.0)","(0.0, 0.0, 0.0)","(0.0, 0.0, 0.0)",
PLAYER_LOCATION,3511,3/20/2024 10:46:37 AM,056553d9-117f-4dee-9eed-4e09eb27f7d0,1.4,"(1.9, 1.7, 0.0)","(0.0, 0.0, 0.0)","(0.0, 0.0, 0.0)",
PLAYER_LOCATION,4012,3/20/2024 10:46:38 AM,056553d9-117f-4dee-9eed-4e09eb27f7d0,1.4,"(2.0, 1.7, 0.0)","(0.0, 0.0, 0.0)","(0.0, 0.0, 0.0)",
PLAYER_LOCATION,4012,3/20/2024 10:46:38 AM,056553d9-117f-4dee-9eed-4e09eb27f7d0,1.4,"(2.0, 1.7, 0.0)","(0.0, 0.0, 0.0)","(0.0, 0.0, 0.0)",
PLAYER_LOCATION,4640,3/20/2024 10:46:39 AM,056553d9-117f-4dee-9eed-4e09eb27f7d0,1.4,"(2.0, 1.7, 0.0)","(0.0, 0.0, 0.0)","(0.0, 0.0, 0.0)",
PLAYER_LOCATION,4640,3/20/2024 10:46:39 AM,056553d9-117f-4dee-9eed-4e09eb27f7d0,1.4,"(2.0, 1.7, 0.0)","(0.0, 0.0, 0.0)","(0.0, 0.0, 0.0)",
PLAYER_LOCATION,5153,3/20/2024 10:46:39 AM,056553d9-117f-4dee-9eed-4e09eb27f7d0,1.4,"(1.9, 1.7, 0.0)","(0.0, 0.0, 0.0)","(0.0, 0.0, 0.0)",
PLAYER_LOCATION,5153,3/20/2024 10:46:39 AM,056553d9-117f-4dee-9eed-4e09eb27f7d0,1.4,"(1.9, 1.7, 0.0)","(0.0, 0.0, 0.0)","(0.0, 0.0, 0.0)",
PLAYER_LOCATION,5658,3/20/2024 10:46:40 AM,056553d9-117f-4dee-9eed-4e09eb27f7d0,1.4,"(1.9, 1.7, 0.0)","(0.0, 0.0, 0.0)","(0.0, 0.0, 0.0)",
PLAYER_LOCATION,5658,3/20/2024 10:46:40 AM,056553d9-117f-4dee-9eed-4e09eb27f7d0,1.4,"(1.9, 1.7, 0.0)","(0.0, 0.0, 0.0)","(0.0, 0.0, 0.0)",
PLAYER_LOCATION,11427,3/20/2024 10:46:45 AM,056553d9-117f-4dee-9eed-4e09eb27f7d0,1.4,"(-0.3, 1.7, -8.3)","(0.0, 0.0, 0.0)","(0.0, 0.0, 0.0)",
PLAYER_LOCATION,11427,3/20/2024 10:46:45 AM,056553d9-117f-4dee-9eed-4e09eb27f7d0,1.4,"(-0.3, 1.7, -8.3)","(0.0, 0.0, 0.0)","(0.0, 0.0, 0.0)",
PATIENT_DEMOTED,11726,3/20/2024 10:46:46 AM,056553d9-117f-4dee-9eed-4e09eb27f7d0,1.4,100,Infinity,Marine with Leg Amputation Root,"(0.1, 0.0, -5.3)","(0.0, 0.1, 0.0, 1.0)",IMMEDIATE,waver,fast,fast,normal,agony,fetal,
PLAYER_LOCATION,11913,3/20/2024 10:46:46 AM,056553d9-117f-4dee-9eed-4e09eb27f7d0,1.4,"(-0.3, 1.7, -8.4)","(0.0, 0.0, 0.0)","(0.0, 0.0, 0.0)",
PLAYER_LOCATION,11913,3/20/2024 10:46:46 AM,056553d9-117f-4dee-9eed-4e09eb27f7d0,1.4,"(-0.3, 1.7, -8.4)","(0.0, 0.0, 0.0)","(0.0, 0.0, 0.0)",
PLAYER_LOCATION,12414,3/20/2024 10:46:46 AM,056553d9-117f-4dee-9eed-4e09eb27f7d0,1.4,"(-0.3, 1.7, -8.4)","(0.0, 0.0, 0.0)","(0.0, 0.0, 0.0)",
PLAYER_LOCATION,12414,3/20/2024 10:46:46 AM,056553d9-117f-4dee-9eed-4e09eb27f7d0,1.4,"(-0.3, 1.7, -8.4)","(0.0, 0.0, 0.0)","(0.0, 0.0, 0.0)",
SESSION_START,12610,3/20/2024 10:46:47 AM,056553d9-117f-4dee-9eed-4e09eb27f7d0,1.4,
PATIENT_RECORD,12610,3/20/2024 10:46:47 AM,056553d9-117f-4dee-9eed-4e09eb27f7d0,1.4,100,128,Marine with Narrative Root,"(0.0, 0.0, 0.0)","(0.0, 0.1, 0.0, 1.0)",MINIMAL,waver,normal,normal,normal,normal,calm,shooting,
PATIENT_RECORD,12610,3/20/2024 10:46:47 AM,056553d9-117f-4dee-9eed-4e09eb27f7d0,1.4,100,Infinity,Marine with Leg Amputation Root,"(0.0, 0.0, -5.0)","(0.0, 0.1, 0.0, 1.0)",IMMEDIATE,waver,fast,fast,normal,low,agony,fetal,
INJURY_RECORD,12610,3/20/2024 10:46:47 AM,056553d9-117f-4dee-9eed-4e09eb27f7d0,1.4,L Shin Amputation,Marine with Leg Amputation Root,tourniquet,high,leftLeg,False,False,"(-0.1, 0.4, -5.0)",
PLAYER_LOCATION,12927,3/20/2024 10:46:47 AM,056553d9-117f-4dee-9eed-4e09eb27f7d0,1.4,"(-0.3, 1.7, -8.4)","(0.0, 0.0, 0.0)","(0.0, 0.0, 0.0)",
PLAYER_LOCATION,12927,3/20/2024 10:46:47 AM,056553d9-117f-4dee-9eed-4e09eb27f7d0,1.4,"(-0.3, 1.7, -8.4)","(0.0, 0.0, 0.0)","(0.0, 0.0, 0.0)",
PLAYER_LOCATION,13453,3/20/2024 10:46:47 AM,056553d9-117f-4dee-9eed-4e09eb27f7d0,1.4,"(-0.3, 1.7, -8.4)","(0.0, 0.0, 0.0)","(0.0, 0.0, 0.0)",
PLAYER_LOCATION,13453,3/20/2024 10:46:47 AM,056553d9-117f-4dee-9eed-4e09eb27f7d0,1.4,"(-0.3, 1.7, -8.4)","(0.0, 0.0, 0.0)","(0.0, 0.0, 0.0)",
PLAYER_LOCATION,13956,3/20/2024 10:46:48 AM,056553d9-117f-4dee-9eed-4e09eb27f7d0,1.4,"(-0.3, 1.7, -8.4)","(0.0, 0.0, 0.0)","(0.0, 0.0, 0.0)",
PLAYER_LOCATION,13956,3/20/2024 10:46:48 AM,056553d9-117f-4dee-9eed-4e09eb27f7d0,1.4,"(-0.3, 1.7, -8.4)","(0.0, 0.0, 0.0)","(0.0, 0.0, 0.0)",
PLAYER_LOCATION,14483,3/20/2024 10:46:48 AM,056553d9-117f-4dee-9eed-4e09eb27f7d0,1.4,"(-0.3, 1.8, -8.4)","(0.0, 0.0, 0.0)","(0.0, 0.0, 0.0)",
PLAYER_LOCATION,14483,3/20/2024 10:46:48 AM,056553d9-117f-4dee-9eed-4e09eb27f7d0,1.4,"(-0.3, 1.8, -8.4)","(0.0, 0.0, 0.0)","(0.0, 0.0, 0.0)",
PLAYER_LOCATION,14984,3/20/2024 10:46:49 AM,056553d9-117f-4dee-9eed-4e09eb27f7d0,1.4,"(-0.2, 1.8, -8.3)","(0.0, 0.0, 0.0)","(0.0, 0.0, 0.0)",
PLAYER_LOCATION,14984,3/20/2024 10:46:49 AM,056553d9-117f-4dee-9eed-4e09eb27f7d0,1.4,"(-0.2, 1.8, -8.3)","(0.0, 0.0, 0.0)","(0.0, 0.0, 0.0)",
PLAYER_LOCATION,15485,3/20/2024 10:46:49 AM,056553d9-117f-4dee-9eed-4e09eb27f7d0,1.4,"(-0.2, 1.8, -8.3)","(0.0, 0.0, 0.0)","(0.0, 0.0, 0.0)",
PLAYER_LOCATION,15485,3/20/2024 10:46:49 AM,056553d9-117f-4dee-9eed-4e09eb27f7d0,1.4,"(-0.2, 1.8, -8.3)","(0.0, 0.0, 0.0)","(0.0, 0.0, 0.0)",
PLAYER_LOCATION,15985,3/20/2024 10:46:50 AM,056553d9-117f-4dee-9eed-4e09eb27f7d0,1.4,"(-0.3, 1.8, -8.3)","(0.0, 0.0, 0.0)","(0.0, 0.0, 0.0)",
PLAYER_LOCATION,15985,3/20/2024 10:46:50 AM,056553d9-117f-4dee-9eed-4e09eb27f7d0,1.4,"(-0.3, 1.8, -8.3)","(0.0, 0.0, 0.0)","(0.0, 0.0, 0.0)",
PLAYER_LOCATION,16490,3/20/2024 10:46:50 AM,056553d9-117f-4dee-9eed-4e09eb27f7d0,1.4,"(-0.3, 1.8, -8.3)","(0.0, 0.0, 0.0)","(0.0, 0.0, 0.0)",
PLAYER_LOCATION,16490,3/20/2024 10:46:50 AM,056553d9-117f-4dee-9eed-4e09eb27f7d0,1.4,"(-0.3, 1.8, -8.3)","(0.0, 0.0, 0.0)","(0.0, 0.0, 0.0)",
PLAYER_LOCATION,17002,3/20/2024 10:46:51 AM,056553d9-117f-4dee-9eed-4e09eb27f7d0,1.4,"(-0.3, 1.8, -8.3)","(0.0, 0.0, 0.0)","(0.0, 0.0, 0.0)",
PLAYER_LOCATION,17002,3/20/2024 10:46:51 AM,056553d9-117f-4dee-9eed-4e09eb27f7d0,1.4,"(-0.3, 1.8, -8.3)","(0.0, 0.0, 0.0)","(0.0, 0.0, 0.0)",
PLAYER_LOCATION,17510,3/20/2024 10:46:51 AM,056553d9-117f-4dee-9eed-4e09eb27f7d0,1.4,"(-0.3, 1.8, -8.3)","(0.0, 0.0, 0.0)","(0.0, 0.0, 0.0)",
PLAYER_LOCATION,17510,3/20/2024 10:46:51 AM,056553d9-117f-4dee-9eed-4e09eb27f7d0,1.4,"(-0.3, 1.8, -8.3)","(0.0, 0.0, 0.0)","(0.0, 0.0, 0.0)",
PLAYER_LOCATION,18050,3/20/2024 10:46:52 AM,056553d9-117f-4dee-9eed-4e09eb27f7d0,1.4,"(-0.3, 1.8, -8.3)","(0.0, 0.0, 0.0)","(0.0, 0.0, 0.0)",
PLAYER_LOCATION,18050,3/20/2024 10:46:52 AM,056553d9-117f-4dee-9eed-4e09eb27f7d0,1.4,"(-0.3, 1.8, -8.3)","(0.0, 0.0, 0.0)","(0.0, 0.0, 0.0)",
PLAYER_LOCATION,18555,3/20/2024 10:46:53 AM,056553d9-117f-4dee-9eed-4e09eb27f7d0,1.4,"(-0.3, 1.8, -8.3)","(0.0, 0.0, 0.0)","(0.0, 0.0, 0.0)",
PLAYER_LOCATION,18555,3/20/2024 10:46:53 AM,056553d9-117f-4dee-9eed-4e09eb27f7d0,1.4,"(-0.3, 1.8, -8.3)","(0.0, 0.0, 0.0)","(0.0, 0.0, 0.0)",
PLAYER_LOCATION,19070,3/20/2024 10:46:53 AM,056553d9-117f-4dee-9eed-4e09eb27f7d0,1.4,"(-0.3, 1.8, -8.3)","(0.0, 0.0, 0.0)","(0.0, 0.0, 0.0)",
PLAYER_LOCATION,19070,3/20/2024 10:46:53 AM,056553d9-117f-4dee-9eed-4e09eb27f7d0,1.4,"(-0.3, 1.8, -8.3)","(0.0, 0.0, 0.0)","(0.0, 0.0, 0.0)",
PLAYER_LOCATION,19594,3/20/2024 10:46:54 AM,056553d9-117f-4dee-9eed-4e09eb27f7d0,1.4,"(-0.4, 1.7, -8.3)","(0.0, 0.0, 0.0)","(0.0, 0.0, 0.0)",
PLAYER_LOCATION,19594,3/20/2024 10:46:54 AM,056553d9-117f-4dee-9eed-4e09eb27f7d0,1.4,"(-0.4, 1.7, -8.3)","(0.0, 0.0, 0.0)","(0.0, 0.0, 0.0)",
PLAYER_LOCATION,20108,3/20/2024 10:46:54 AM,056553d9-117f-4dee-9eed-4e09eb27f7d0,1.4,"(-0.4, 1.7, -8.3)","(0.0, 0.0, 0.0)","(0.0, 0.0, 0.0)",
PLAYER_LOCATION,20108,3/20/2024 10:46:54 AM,056553d9-117f-4dee-9eed-4e09eb27f7d0,1.4,"(-0.4, 1.7, -8.3)","(0.0, 0.0, 0.0)","(0.0, 0.0, 0.0)",
PLAYER_LOCATION,20629,3/20/2024 10:46:55 AM,056553d9-117f-4dee-9eed-4e09eb27f7d0,1.4,"(-0.4, 1.7, -8.3)","(0.0, 0.0, 0.0)","(0.0, 0.0, 0.0)",
PLAYER_LOCATION,20629,3/20/2024 10:46:55 AM,056553d9-117f-4dee-9eed-4e09eb27f7d0,1.4,"(-0.4, 1.7, -8.3)","(0.0, 0.0, 0.0)","(0.0, 0.0, 0.0)",
PLAYER_LOCATION,21133,3/20/2024 10:46:55 AM,056553d9-117f-4dee-9eed-4e09eb27f7d0,1.4,"(-0.4, 1.7, -8.3)","(0.0, 0.0, 0.0)","(0.0, 0.0, 0.0)",
PLAYER_LOCATION,21133,3/20/2024 10:46:55 AM,056553d9-117f-4dee-9eed-4e09eb27f7d0,1.4,"(-0.4, 1.7, -8.3)","(0.0, 0.0, 0.0)","(0.0, 0.0, 0.0)",
PLAYER_LOCATION,21691,3/20/2024 10:46:56 AM,056553d9-117f-4dee-9eed-4e09eb27f7d0,1.4,"(-0.3, 1.8, -8.3)","(0.0, 0.0, 0.0)","(0.0, 0.0, 0.0)",
PLAYER_LOCATION,21691,3/20/2024 10:46:56 AM,056553d9-117f-4dee-9eed-4e09eb27f7d0,1.4,"(-0.3, 1.8, -8.3)","(0.0, 0.0, 0.0)","(0.0, 0.0, 0.0)",
PLAYER_LOCATION,22207,3/20/2024 10:46:56 AM,056553d9-117f-4dee-9eed-4e09eb27f7d0,1.4,"(-0.3, 1.8, -8.3)","(0.0, 0.0, 0.0)","(0.0, 0.0, 0.0)",
PLAYER_LOCATION,22207,3/20/2024 10:46:56 AM,056553d9-117f-4dee-9eed-4e09eb27f7d0,1.4,"(-0.3, 1.8, -8.3)","(0.0, 0.0, 0.0)","(0.0, 0.0, 0.0)",
PLAYER_LOCATION,22707,3/20/2024 10:46:57 AM,056553d9-117f-4dee-9eed-4e09eb27f7d0,1.4,"(-0.3, 1.8, -8.3)","(0.0, 0.0, 0.0)","(0.0, 0.0, 0.0)",
PLAYER_LOCATION,22707,3/20/2024 10:46:57 AM,056553d9-117f-4dee-9eed-4e09eb27f7d0,1.4,"(-0.3, 1.8, -8.3)","(0.0, 0.0, 0.0)","(0.0, 0.0, 0.0)",
PLAYER_LOCATION,23208,3/20/2024 10:46:57 AM,056553d9-117f-4dee-9eed-4e09eb27f7d0,1.4,"(-0.3, 1.7, -8.3)","(0.0, 0.0, 0.0)","(0.0, 0.0, 0.0)",
PLAYER_LOCATION,23208,3/20/2024 10:46:57 AM,056553d9-117f-4dee-9eed-4e09eb27f7d0,1.4,"(-0.3, 1.7, -8.3)","(0.0, 0.0, 0.0)","(0.0, 0.0, 0.0)",
PLAYER_LOCATION,23726,3/20/2024 10:46:58 AM,056553d9-117f-4dee-9eed-4e09eb27f7d0,1.4,"(-0.3, 1.7, -8.4)","(0.0, 0.0, 0.0)","(0.0, 0.0, 0.0)",
PLAYER_LOCATION,23726,3/20/2024 10:46:58 AM,056553d9-117f-4dee-9eed-4e09eb27f7d0,1.4,"(-0.3, 1.7, -8.4)","(0.0, 0.0, 0.0)","(0.0, 0.0, 0.0)",
PLAYER_LOCATION,24225,3/20/2024 10:46:58 AM,056553d9-117f-4dee-9eed-4e09eb27f7d0,1.4,"(-0.3, 1.7, -8.4)","(0.0, 0.0, 0.0)","(0.0, 0.0, 0.0)",
PLAYER_LOCATION,24225,3/20/2024 10:46:58 AM,056553d9-117f-4dee-9eed-4e09eb27f7d0,1.4,"(-0.3, 1.7, -8.4)","(0.0, 0.0, 0.0)","(0.0, 0.0, 0.0)",
PLAYER_LOCATION,24726,3/20/2024 10:46:59 AM,056553d9-117f-4dee-9eed-4e09eb27f7d0,1.4,"(-0.3, 1.7, -8.4)","(0.0, 0.0, 0.0)","(0.0, 0.0, 0.0)",
PLAYER_LOCATION,24726,3/20/2024 10:46:59 AM,056553d9-117f-4dee-9eed-4e09eb27f7d0,1.4,"(-0.3, 1.7, -8.4)","(0.0, 0.0, 0.0)","(0.0, 0.0, 0.0)",
PLAYER_LOCATION,25249,3/20/2024 10:46:59 AM,056553d9-117f-4dee-9eed-4e09eb27f7d0,1.4,"(-0.3, 1.7, -8.3)","(0.0, 0.0, 0.0)","(0.0, 0.0, 0.0)",
PLAYER_LOCATION,25249,3/20/2024 10:46:59 AM,056553d9-117f-4dee-9eed-4e09eb27f7d0,1.4,"(-0.3, 1.7, -8.3)","(0.0, 0.0, 0.0)","(0.0, 0.0, 0.0)",
PLAYER_LOCATION,25769,3/20/2024 10:47:00 AM,056553d9-117f-4dee-9eed-4e09eb27f7d0,1.4,"(-0.3, 1.7, -8.3)","(0.0, 0.0, 0.0)","(0.0, 0.0, 0.0)",
PLAYER_LOCATION,25769,3/20/2024 10:47:00 AM,056553d9-117f-4dee-9eed-4e09eb27f7d0,1.4,"(-0.3, 1.7, -8.3)","(0.0, 0.0, 0.0)","(0.0, 0.0, 0.0)",
TELEPORT,26254,3/20/2024 10:47:00 AM,056553d9-117f-4dee-9eed-4e09eb27f7d0,1.4,"(0.3, 0.0, -7.3)",
PLAYER_LOCATION,26289,3/20/2024 10:47:00 AM,056553d9-117f-4dee-9eed-4e09eb27f7d0,1.4,"(-0.3, 1.7, -8.4)","(0.0, 0.0, 0.0)","(0.0, 0.0, 0.0)",
PLAYER_LOCATION,26289,3/20/2024 10:47:00 AM,056553d9-117f-4dee-9eed-4e09eb27f7d0,1.4,"(-0.3, 1.7, -8.4)","(0.0, 0.0, 0.0)","(0.0, 0.0, 0.0)",
PLAYER_LOCATION,26810,3/20/2024 10:47:01 AM,056553d9-117f-4dee-9eed-4e09eb27f7d0,1.4,"(-0.3, 1.7, -8.4)","(0.0, 0.0, 0.0)","(0.0, 0.0, 0.0)",
PLAYER_LOCATION,26810,3/20/2024 10:47:01 AM,056553d9-117f-4dee-9eed-4e09eb27f7d0,1.4,"(-0.3, 1.7, -8.4)","(0.0, 0.0, 0.0)","(0.0, 0.0, 0.0)",
PLAYER_LOCATION,27349,3/20/2024 10:47:01 AM,056553d9-117f-4dee-9eed-4e09eb27f7d0,1.4,"(-0.3, 1.7, -8.4)","(0.0, 0.0, 0.0)","(0.0, 0.0, 0.0)",
PLAYER_LOCATION,27349,3/20/2024 10:47:01 AM,056553d9-117f-4dee-9eed-4e09eb27f7d0,1.4,"(-0.3, 1.7, -8.4)","(0.0, 0.0, 0.0)","(0.0, 0.0, 0.0)",
PLAYER_LOCATION,27859,3/20/2024 10:47:02 AM,056553d9-117f-4dee-9eed-4e09eb27f7d0,1.4,"(-0.3, 1.7, -8.4)","(0.0, 0.0, 0.0)","(0.0, 0.0, 0.0)",
PLAYER_LOCATION,27859,3/20/2024 10:47:02 AM,056553d9-117f-4dee-9eed-4e09eb27f7d0,1.4,"(-0.3, 1.7, -8.4)","(0.0, 0.0, 0.0)","(0.0, 0.0, 0.0)",
PLAYER_LOCATION,28361,3/20/2024 10:47:02 AM,056553d9-117f-4dee-9eed-4e09eb27f7d0,1.4,"(-0.3, 1.7, -8.4)","(0.0, 0.0, 0.0)","(0.0, 0.0, 0.0)",
PLAYER_LOCATION,28361,3/20/2024 10:47:02 AM,056553d9-117f-4dee-9eed-4e09eb27f7d0,1.4,"(-0.3, 1.7, -8.4)","(0.0, 0.0, 0.0)","(0.0, 0.0, 0.0)",
PLAYER_LOCATION,28864,3/20/2024 10:47:03 AM,056553d9-117f-4dee-9eed-4e09eb27f7d0,1.4,"(-0.4, 1.7, -8.4)","(0.0, 0.0, 0.0)","(0.0, 0.0, 0.0)",
PLAYER_LOCATION,28864,3/20/2024 10:47:03 AM,056553d9-117f-4dee-9eed-4e09eb27f7d0,1.4,"(-0.4, 1.7, -8.4)","(0.0, 0.0, 0.0)","(0.0, 0.0, 0.0)",
PLAYER_LOCATION,29391,3/20/2024 10:47:03 AM,056553d9-117f-4dee-9eed-4e09eb27f7d0,1.4,"(-0.4, 1.7, -8.4)","(0.0, 0.0, 0.0)","(0.0, 0.0, 0.0)",
PLAYER_LOCATION,29391,3/20/2024 10:47:03 AM,056553d9-117f-4dee-9eed-4e09eb27f7d0,1.4,"(-0.4, 1.7, -8.4)","(0.0, 0.0, 0.0)","(0.0, 0.0, 0.0)",
PLAYER_LOCATION,29907,3/20/2024 10:47:04 AM,056553d9-117f-4dee-9eed-4e09eb27f7d0,1.4,"(-0.3, 1.7, -8.4)","(0.0, 0.0, 0.0)","(0.0, 0.0, 0.0)",
PLAYER_LOCATION,29907,3/20/2024 10:47:04 AM,056553d9-117f-4dee-9eed-4e09eb27f7d0,1.4,"(-0.3, 1.7, -8.4)","(0.0, 0.0, 0.0)","(0.0, 0.0, 0.0)",
PLAYER_LOCATION,30417,3/20/2024 10:47:04 AM,056553d9-117f-4dee-9eed-4e09eb27f7d0,1.4,"(-0.3, 1.7, -8.4)","(0.0, 0.0, 0.0)","(0.0, 0.0, 0.0)",
PLAYER_LOCATION,30417,3/20/2024 10:47:04 AM,056553d9-117f-4dee-9eed-4e09eb27f7d0,1.4,"(-0.3, 1.7, -8.4)","(0.0, 0.0, 0.0)","(0.0, 0.0, 0.0)",
PLAYER_LOCATION,30922,3/20/2024 10:47:05 AM,056553d9-117f-4dee-9eed-4e09eb27f7d0,1.4,"(-0.3, 1.7, -8.4)","(0.0, 0.0, 0.0)","(0.0, 0.0, 0.0)",
PLAYER_LOCATION,30922,3/20/2024 10:47:05 AM,056553d9-117f-4dee-9eed-4e09eb27f7d0,1.4,"(-0.3, 1.7, -8.4)","(0.0, 0.0, 0.0)","(0.0, 0.0, 0.0)",
PLAYER_LOCATION,31429,3/20/2024 10:47:05 AM,056553d9-117f-4dee-9eed-4e09eb27f7d0,1.4,"(-0.3, 1.7, -8.4)","(0.0, 0.0, 0.0)","(0.0, 0.0, 0.0)",
PLAYER_LOCATION,31429,3/20/2024 10:47:05 AM,056553d9-117f-4dee-9eed-4e09eb27f7d0,1.4,"(-0.3, 1.7, -8.4)","(0.0, 0.0, 0.0)","(0.0, 0.0, 0.0)",
PLAYER_LOCATION,31954,3/20/2024 10:47:06 AM,056553d9-117f-4dee-9eed-4e09eb27f7d0,1.4,"(-0.3, 1.7, -8.4)","(0.0, 0.0, 0.0)","(0.0, 0.0, 0.0)",
PLAYER_LOCATION,31954,3/20/2024 10:47:06 AM,056553d9-117f-4dee-9eed-4e09eb27f7d0,1.4,"(-0.3, 1.7, -8.4)","(0.0, 0.0, 0.0)","(0.0, 0.0, 0.0)",
PLAYER_LOCATION,32456,3/20/2024 10:47:06 AM,056553d9-117f-4dee-9eed-4e09eb27f7d0,1.4,"(-0.3, 1.7, -8.4)","(0.0, 0.0, 0.0)","(0.0, 0.0, 0.0)",
PLAYER_LOCATION,32456,3/20/2024 10:47:06 AM,056553d9-117f-4dee-9eed-4e09eb27f7d0,1.4,"(-0.3, 1.7, -8.4)","(0.0, 0.0, 0.0)","(0.0, 0.0, 0.0)",
PLAYER_LOCATION,32989,3/20/2024 10:47:07 AM,056553d9-117f-4dee-9eed-4e09eb27f7d0,1.4,"(-0.3, 1.7, -8.4)","(0.0, 0.0, 0.0)","(0.0, 0.0, 0.0)",
PLAYER_LOCATION,32989,3/20/2024 10:47:07 AM,056553d9-117f-4dee-9eed-4e09eb27f7d0,1.4,"(-0.3, 1.7, -8.4)","(0.0, 0.0, 0.0)","(0.0, 0.0, 0.0)",
PLAYER_LOCATION,33517,3/20/2024 10:47:07 AM,056553d9-117f-4dee-9eed-4e09eb27f7d0,1.4,"(-0.3, 1.7, -8.4)","(0.0, 0.0, 0.0)","(0.0, 0.0, 0.0)",
PLAYER_LOCATION,33517,3/20/2024 10:47:07 AM,056553d9-117f-4dee-9eed-4e09eb27f7d0,1.4,"(-0.3, 1.7, -8.4)","(0.0, 0.0, 0.0)","(0.0, 0.0, 0.0)",
TELEPORT,33980,3/20/2024 10:47:08 AM,056553d9-117f-4dee-9eed-4e09eb27f7d0,1.4,"(0.3, 0.0, -7.3)",
PLAYER_LOCATION,34037,3/20/2024 10:47:08 AM,056553d9-117f-4dee-9eed-4e09eb27f7d0,1.4,"(-0.3, 1.7, -8.4)","(0.0, 0.0, 0.0)","(0.0, 0.0, 0.0)",
PLAYER_LOCATION,34037,3/20/2024 10:47:08 AM,056553d9-117f-4dee-9eed-4e09eb27f7d0,1.4,"(-0.3, 1.7, -8.4)","(0.0, 0.0, 0.0)","(0.0, 0.0, 0.0)",
PLAYER_LOCATION,34560,3/20/2024 10:47:09 AM,056553d9-117f-4dee-9eed-4e09eb27f7d0,1.4,"(-0.3, 1.7, -8.8)","(0.0, 0.0, 0.0)","(0.0, 0.0, 0.0)",
PLAYER_LOCATION,34560,3/20/2024 10:47:09 AM,056553d9-117f-4dee-9eed-4e09eb27f7d0,1.4,"(-0.3, 1.7, -8.8)","(0.0, 0.0, 0.0)","(0.0, 0.0, 0.0)",
PLAYER_LOCATION,35087,3/20/2024 10:47:09 AM,056553d9-117f-4dee-9eed-4e09eb27f7d0,1.4,"(-0.2, 1.7, -9.2)","(0.0, 0.0, 0.0)","(0.0, 0.0, 0.0)",
PLAYER_LOCATION,35087,3/20/2024 10:47:09 AM,056553d9-117f-4dee-9eed-4e09eb27f7d0,1.4,"(-0.2, 1.7, -9.2)","(0.0, 0.0, 0.0)","(0.0, 0.0, 0.0)",
PLAYER_LOCATION,35587,3/20/2024 10:47:10 AM,056553d9-117f-4dee-9eed-4e09eb27f7d0,1.4,"(-0.2, 1.7, -9.6)","(0.0, 0.0, 0.0)","(0.0, 0.0, 0.0)",
PLAYER_LOCATION,35587,3/20/2024 10:47:10 AM,056553d9-117f-4dee-9eed-4e09eb27f7d0,1.4,"(-0.2, 1.7, -9.6)","(0.0, 0.0, 0.0)","(0.0, 0.0, 0.0)",
PLAYER_LOCATION,36090,3/20/2024 10:47:10 AM,056553d9-117f-4dee-9eed-4e09eb27f7d0,1.4,"(-0.2, 1.7, -9.9)","(0.0, 0.0, 0.0)","(0.0, 0.0, 0.0)",
PLAYER_LOCATION,36090,3/20/2024 10:47:10 AM,056553d9-117f-4dee-9eed-4e09eb27f7d0,1.4,"(-0.2, 1.7, -9.9)","(0.0, 0.0, 0.0)","(0.0, 0.0, 0.0)",
PLAYER_LOCATION,36595,3/20/2024 10:47:11 AM,056553d9-117f-4dee-9eed-4e09eb27f7d0,1.4,"(-0.1, 1.7, -10.3)","(0.0, 0.0, 0.0)","(0.0, 0.0, 0.0)",
PLAYER_LOCATION,36595,3/20/2024 10:47:11 AM,056553d9-117f-4dee-9eed-4e09eb27f7d0,1.4,"(-0.1, 1.7, -10.3)","(0.0, 0.0, 0.0)","(0.0, 0.0, 0.0)",
PLAYER_LOCATION,37121,3/20/2024 10:47:11 AM,056553d9-117f-4dee-9eed-4e09eb27f7d0,1.4,"(-0.2, 1.7, -10.5)","(0.0, 0.0, 0.0)","(0.0, 0.0, 0.0)",
PLAYER_LOCATION,37121,3/20/2024 10:47:11 AM,056553d9-117f-4dee-9eed-4e09eb27f7d0,1.4,"(-0.2, 1.7, -10.5)","(0.0, 0.0, 0.0)","(0.0, 0.0, 0.0)",
PLAYER_LOCATION,37647,3/20/2024 10:47:12 AM,056553d9-117f-4dee-9eed-4e09eb27f7d0,1.4,"(-0.3, 1.7, -10.4)","(0.0, 0.0, 0.0)","(0.0, 0.0, 0.0)",
PLAYER_LOCATION,37647,3/20/2024 10:47:12 AM,056553d9-117f-4dee-9eed-4e09eb27f7d0,1.4,"(-0.3, 1.7, -10.4)","(0.0, 0.0, 0.0)","(0.0, 0.0, 0.0)",
PLAYER_LOCATION,38149,3/20/2024 10:47:12 AM,056553d9-117f-4dee-9eed-4e09eb27f7d0,1.4,"(-0.2, 1.7, -10.4)","(0.0, 0.0, 0.0)","(0.0, 0.0, 0.0)",
PLAYER_LOCATION,38149,3/20/2024 10:47:12 AM,056553d9-117f-4dee-9eed-4e09eb27f7d0,1.4,"(-0.2, 1.7, -10.4)","(0.0, 0.0, 0.0)","(0.0, 0.0, 0.0)",
PLAYER_LOCATION,38674,3/20/2024 10:47:13 AM,056553d9-117f-4dee-9eed-4e09eb27f7d0,1.4,"(-0.1, 1.7, -10.3)","(0.0, 0.0, 0.0)","(0.0, 0.0, 0.0)",
PLAYER_LOCATION,38674,3/20/2024 10:47:13 AM,056553d9-117f-4dee-9eed-4e09eb27f7d0,1.4,"(-0.1, 1.7, -10.3)","(0.0, 0.0, 0.0)","(0.0, 0.0, 0.0)",
PLAYER_LOCATION,39174,3/20/2024 10:47:13 AM,056553d9-117f-4dee-9eed-4e09eb27f7d0,1.4,"(-0.1, 1.7, -10.3)","(0.0, 0.0, 0.0)","(0.0, 0.0, 0.0)",
PLAYER_LOCATION,39174,3/20/2024 10:47:13 AM,056553d9-117f-4dee-9eed-4e09eb27f7d0,1.4,"(-0.1, 1.7, -10.3)","(0.0, 0.0, 0.0)","(0.0, 0.0, 0.0)",
PLAYER_LOCATION,39686,3/20/2024 10:47:14 AM,056553d9-117f-4dee-9eed-4e09eb27f7d0,1.4,"(-0.2, 1.7, -10.4)","(0.0, 0.0, 0.0)","(0.0, 0.0, 0.0)",
PLAYER_LOCATION,39686,3/20/2024 10:47:14 AM,056553d9-117f-4dee-9eed-4e09eb27f7d0,1.4,"(-0.2, 1.7, -10.4)","(0.0, 0.0, 0.0)","(0.0, 0.0, 0.0)",
PLAYER_LOCATION,40185,3/20/2024 10:47:14 AM,056553d9-117f-4dee-9eed-4e09eb27f7d0,1.4,"(-0.2, 1.7, -10.4)","(0.0, 0.0, 0.0)","(0.0, 0.0, 0.0)",
PLAYER_LOCATION,40185,3/20/2024 10:47:14 AM,056553d9-117f-4dee-9eed-4e09eb27f7d0,1.4,"(-0.2, 1.7, -10.4)","(0.0, 0.0, 0.0)","(0.0, 0.0, 0.0)",
PLAYER_LOCATION,40770,3/20/2024 10:47:15 AM,056553d9-117f-4dee-9eed-4e09eb27f7d0,1.4,"(-0.2, 1.7, -10.3)","(0.0, 0.0, 0.0)","(0.0, 0.0, 0.0)",
PLAYER_LOCATION,40770,3/20/2024 10:47:15 AM,056553d9-117f-4dee-9eed-4e09eb27f7d0,1.4,"(-0.2, 1.7, -10.3)","(0.0, 0.0, 0.0)","(0.0, 0.0, 0.0)",
PLAYER_LOCATION,41300,3/20/2024 10:47:15 AM,056553d9-117f-4dee-9eed-4e09eb27f7d0,1.4,"(-0.1, 1.7, -10.4)","(0.0, 0.0, 0.0)","(0.0, 0.0, 0.0)",
PLAYER_LOCATION,41300,3/20/2024 10:47:15 AM,056553d9-117f-4dee-9eed-4e09eb27f7d0,1.4,"(-0.1, 1.7, -10.4)","(0.0, 0.0, 0.0)","(0.0, 0.0, 0.0)",
TELEPORT,41758,3/20/2024 10:47:16 AM,056553d9-117f-4dee-9eed-4e09eb27f7d0,1.4,"(0.3, 0.0, -7.3)",
PLAYER_LOCATION,41806,3/20/2024 10:47:16 AM,056553d9-117f-4dee-9eed-4e09eb27f7d0,1.4,"(-0.1, 1.7, -10.4)","(0.0, 0.0, 0.0)","(0.0, 0.0, 0.0)",
PLAYER_GAZE,41806,3/20/2024 10:47:16 AM,056553d9-117f-4dee-9eed-4e09eb27f7d0,1.4,"(0.0, 0.0, -5.0)",Marine with Leg Amputation Root,5.674677,"(-0.1, 1.7, -5.4)",
PLAYER_LOCATION,41806,3/20/2024 10:47:16 AM,056553d9-117f-4dee-9eed-4e09eb27f7d0,1.4,"(-0.1, 1.7, -10.4)","(0.0, 0.0, 0.0)","(0.0, 0.0, 0.0)",
PLAYER_GAZE,41806,3/20/2024 10:47:16 AM,056553d9-117f-4dee-9eed-4e09eb27f7d0,1.4,"(0.0, 0.0, -5.0)",Marine with Leg Amputation Root,5.674677,"(-0.1, 1.7, -5.4)",
VOICE_CAPTURE,42056,3/20/2024 10:47:16 AM,056553d9-117f-4dee-9eed-4e09eb27f7d0,1.4,Ohh OK,NA,
PLAYER_LOCATION,42333,3/20/2024 10:47:16 AM,056553d9-117f-4dee-9eed-4e09eb27f7d0,1.4,"(-0.1, 1.7, -10.4)","(0.0, 0.0, 0.0)","(0.0, 0.0, 0.0)",
PLAYER_GAZE,42333,3/20/2024 10:47:16 AM,056553d9-117f-4dee-9eed-4e09eb27f7d0,1.4,"(0.0, 0.0, -5.0)",Marine with Leg Amputation Root,5.679098,"(-0.1, 1.7, -5.4)",
PLAYER_LOCATION,42333,3/20/2024 10:47:16 AM,056553d9-117f-4dee-9eed-4e09eb27f7d0,1.4,"(-0.1, 1.7, -10.4)","(0.0, 0.0, 0.0)","(0.0, 0.0, 0.0)",
PLAYER_GAZE,42333,3/20/2024 10:47:16 AM,056553d9-117f-4dee-9eed-4e09eb27f7d0,1.4,"(0.0, 0.0, -5.0)",Marine with Leg Amputation Root,5.679098,"(-0.1, 1.7, -5.4)",
PLAYER_LOCATION,42850,3/20/2024 10:47:17 AM,056553d9-117f-4dee-9eed-4e09eb27f7d0,1.4,"(-0.1, 1.7, -10.4)","(0.0, 0.0, 0.0)","(0.0, 0.0, 0.0)",
PLAYER_GAZE,42850,3/20/2024 10:47:17 AM,056553d9-117f-4dee-9eed-4e09eb27f7d0,1.4,"(0.0, 0.0, -5.0)",Marine with Leg Amputation Root,5.675028,"(-0.1, 1.7, -5.4)",
PLAYER_LOCATION,42850,3/20/2024 10:47:17 AM,056553d9-117f-4dee-9eed-4e09eb27f7d0,1.4,"(-0.1, 1.7, -10.4)","(0.0, 0.0, 0.0)","(0.0, 0.0, 0.0)",
PLAYER_GAZE,42850,3/20/2024 10:47:17 AM,056553d9-117f-4dee-9eed-4e09eb27f7d0,1.4,"(0.0, 0.0, -5.0)",Marine with Leg Amputation Root,5.675028,"(-0.1, 1.7, -5.4)",
PLAYER_LOCATION,43349,3/20/2024 10:47:17 AM,056553d9-117f-4dee-9eed-4e09eb27f7d0,1.4,"(-0.1, 1.7, -10.4)","(0.0, 0.0, 0.0)","(0.0, 0.0, 0.0)",
PLAYER_GAZE,43349,3/20/2024 10:47:17 AM,056553d9-117f-4dee-9eed-4e09eb27f7d0,1.4,"(0.0, 0.0, -5.0)",Marine with Leg Amputation Root,5.678472,"(-0.1, 1.7, -5.4)",
PLAYER_LOCATION,43349,3/20/2024 10:47:17 AM,056553d9-117f-4dee-9eed-4e09eb27f7d0,1.4,"(-0.1, 1.7, -10.4)","(0.0, 0.0, 0.0)","(0.0, 0.0, 0.0)",
PLAYER_GAZE,43349,3/20/2024 10:47:17 AM,056553d9-117f-4dee-9eed-4e09eb27f7d0,1.4,"(0.0, 0.0, -5.0)",Marine with Leg Amputation Root,5.678472,"(-0.1, 1.7, -5.4)",
PLAYER_LOCATION,43877,3/20/2024 10:47:18 AM,056553d9-117f-4dee-9eed-4e09eb27f7d0,1.4,"(-0.1, 1.7, -10.4)","(0.0, 0.0, 0.0)","(0.0, 0.0, 0.0)",
PLAYER_GAZE,43877,3/20/2024 10:47:18 AM,056553d9-117f-4dee-9eed-4e09eb27f7d0,1.4,"(0.0, 0.0, -5.0)",Marine with Leg Amputation Root,5.686901,"(-0.1, 1.7, -5.4)",
PLAYER_LOCATION,43877,3/20/2024 10:47:18 AM,056553d9-117f-4dee-9eed-4e09eb27f7d0,1.4,"(-0.1, 1.7, -10.4)","(0.0, 0.0, 0.0)","(0.0, 0.0, 0.0)",
PLAYER_GAZE,43877,3/20/2024 10:47:18 AM,056553d9-117f-4dee-9eed-4e09eb27f7d0,1.4,"(0.0, 0.0, -5.0)",Marine with Leg Amputation Root,5.686901,"(-0.1, 1.7, -5.4)",
PLAYER_LOCATION,44404,3/20/2024 10:47:18 AM,056553d9-117f-4dee-9eed-4e09eb27f7d0,1.4,"(-0.1, 1.7, -10.4)","(0.0, 0.0, 0.0)","(0.0, 0.0, 0.0)",
PLAYER_GAZE,44404,3/20/2024 10:47:18 AM,056553d9-117f-4dee-9eed-4e09eb27f7d0,1.4,"(0.0, 0.0, -5.0)",Marine with Leg Amputation Root,5.683424,"(-0.1, 1.7, -5.4)",
PLAYER_LOCATION,44404,3/20/2024 10:47:18 AM,056553d9-117f-4dee-9eed-4e09eb27f7d0,1.4,"(-0.1, 1.7, -10.4)","(0.0, 0.0, 0.0)","(0.0, 0.0, 0.0)",
PLAYER_GAZE,44404,3/20/2024 10:47:18 AM,056553d9-117f-4dee-9eed-4e09eb27f7d0,1.4,"(0.0, 0.0, -5.0)",Marine with Leg Amputation Root,5.683424,"(-0.1, 1.7, -5.4)",
PLAYER_LOCATION,44906,3/20/2024 10:47:19 AM,056553d9-117f-4dee-9eed-4e09eb27f7d0,1.4,"(-0.1, 1.7, -10.4)","(0.0, 0.0, 0.0)","(0.0, 0.0, 0.0)",
PLAYER_GAZE,44906,3/20/2024 10:47:19 AM,056553d9-117f-4dee-9eed-4e09eb27f7d0,1.4,"(0.0, 0.0, -5.0)",Marine with Leg Amputation Root,5.682958,"(-0.1, 1.7, -5.4)",
PLAYER_LOCATION,44906,3/20/2024 10:47:19 AM,056553d9-117f-4dee-9eed-4e09eb27f7d0,1.4,"(-0.1, 1.7, -10.4)","(0.0, 0.0, 0.0)","(0.0, 0.0, 0.0)",
PLAYER_GAZE,44906,3/20/2024 10:47:19 AM,056553d9-117f-4dee-9eed-4e09eb27f7d0,1.4,"(0.0, 0.0, -5.0)",Marine with Leg Amputation Root,5.682958,"(-0.1, 1.7, -5.4)",
PLAYER_LOCATION,45433,3/20/2024 10:47:19 AM,056553d9-117f-4dee-9eed-4e09eb27f7d0,1.4,"(-0.1, 1.7, -10.4)","(0.0, 0.0, 0.0)","(0.0, 0.0, 0.0)",
PLAYER_GAZE,45433,3/20/2024 10:47:19 AM,056553d9-117f-4dee-9eed-4e09eb27f7d0,1.4,"(0.0, 0.0, -5.0)",Marine with Leg Amputation Root,5.685374,"(-0.1, 1.7, -5.4)",
PLAYER_LOCATION,45433,3/20/2024 10:47:19 AM,056553d9-117f-4dee-9eed-4e09eb27f7d0,1.4,"(-0.1, 1.7, -10.4)","(0.0, 0.0, 0.0)","(0.0, 0.0, 0.0)",
PLAYER_GAZE,45433,3/20/2024 10:47:19 AM,056553d9-117f-4dee-9eed-4e09eb27f7d0,1.4,"(0.0, 0.0, -5.0)",Marine with Leg Amputation Root,5.685374,"(-0.1, 1.7, -5.4)",
PLAYER_LOCATION,45947,3/20/2024 10:47:20 AM,056553d9-117f-4dee-9eed-4e09eb27f7d0,1.4,"(-0.1, 1.7, -10.4)","(0.0, 0.0, 0.0)","(0.0, 0.0, 0.0)",
PLAYER_GAZE,45947,3/20/2024 10:47:20 AM,056553d9-117f-4dee-9eed-4e09eb27f7d0,1.4,"(0.0, 0.0, -5.0)",Marine with Leg Amputation Root,5.681404,"(-0.1, 1.7, -5.4)",
PLAYER_LOCATION,45947,3/20/2024 10:47:20 AM,056553d9-117f-4dee-9eed-4e09eb27f7d0,1.4,"(-0.1, 1.7, -10.4)","(0.0, 0.0, 0.0)","(0.0, 0.0, 0.0)",
PLAYER_GAZE,45947,3/20/2024 10:47:20 AM,056553d9-117f-4dee-9eed-4e09eb27f7d0,1.4,"(0.0, 0.0, -5.0)",Marine with Leg Amputation Root,5.681404,"(-0.1, 1.7, -5.4)",
TELEPORT,46084,3/20/2024 10:47:20 AM,056553d9-117f-4dee-9eed-4e09eb27f7d0,1.4,"(0.3, 0.0, -7.3)",
PLAYER_LOCATION,46459,3/20/2024 10:47:20 AM,056553d9-117f-4dee-9eed-4e09eb27f7d0,1.4,"(-0.2, 1.7, -10.1)","(0.0, 0.0, 0.0)","(0.0, 0.0, 0.0)",
PLAYER_GAZE,46459,3/20/2024 10:47:20 AM,056553d9-117f-4dee-9eed-4e09eb27f7d0,1.4,"(0.0, 0.0, -5.0)",Marine with Leg Amputation Root,5.414433,"(-0.2, 1.7, -5.1)",
PLAYER_LOCATION,46459,3/20/2024 10:47:20 AM,056553d9-117f-4dee-9eed-4e09eb27f7d0,1.4,"(-0.2, 1.7, -10.1)","(0.0, 0.0, 0.0)","(0.0, 0.0, 0.0)",
PLAYER_GAZE,46459,3/20/2024 10:47:20 AM,056553d9-117f-4dee-9eed-4e09eb27f7d0,1.4,"(0.0, 0.0, -5.0)",Marine with Leg Amputation Root,5.414433,"(-0.2, 1.7, -5.1)",
PLAYER_LOCATION,46960,3/20/2024 10:47:21 AM,056553d9-117f-4dee-9eed-4e09eb27f7d0,1.4,"(-0.2, 1.7, -9.8)","(0.0, 0.0, 0.0)","(0.0, 0.0, 0.0)",
PLAYER_GAZE,46960,3/20/2024 10:47:21 AM,056553d9-117f-4dee-9eed-4e09eb27f7d0,1.4,"(0.0, 0.0, -5.0)",Marine with Leg Amputation Root,5.076659,"(-0.2, 1.7, -4.8)",
PLAYER_LOCATION,46960,3/20/2024 10:47:21 AM,056553d9-117f-4dee-9eed-4e09eb27f7d0,1.4,"(-0.2, 1.7, -9.8)","(0.0, 0.0, 0.0)","(0.0, 0.0, 0.0)",
PLAYER_GAZE,46960,3/20/2024 10:47:21 AM,056553d9-117f-4dee-9eed-4e09eb27f7d0,1.4,"(0.0, 0.0, -5.0)",Marine with Leg Amputation Root,5.076659,"(-0.2, 1.7, -4.8)",
PLAYER_LOCATION,47561,3/20/2024 10:47:22 AM,056553d9-117f-4dee-9eed-4e09eb27f7d0,1.4,"(-0.3, 1.7, -9.4)","(0.0, 0.0, 0.0)","(0.0, 0.0, 0.0)",
PLAYER_GAZE,47561,3/20/2024 10:47:22 AM,056553d9-117f-4dee-9eed-4e09eb27f7d0,1.4,"(0.0, 0.0, -5.0)",Marine with Leg Amputation Root,4.700072,"(-0.3, 1.7, -4.4)",
PLAYER_LOCATION,47561,3/20/2024 10:47:22 AM,056553d9-117f-4dee-9eed-4e09eb27f7d0,1.4,"(-0.3, 1.7, -9.4)","(0.0, 0.0, 0.0)","(0.0, 0.0, 0.0)",
PLAYER_GAZE,47561,3/20/2024 10:47:22 AM,056553d9-117f-4dee-9eed-4e09eb27f7d0,1.4,"(0.0, 0.0, -5.0)",Marine with Leg Amputation Root,4.700072,"(-0.3, 1.7, -4.4)",
PLAYER_LOCATION,48074,3/20/2024 10:47:22 AM,056553d9-117f-4dee-9eed-4e09eb27f7d0,1.4,"(-0.3, 1.7, -9.0)","(0.0, 0.0, 0.0)","(0.0, 0.0, 0.0)",
PLAYER_GAZE,48074,3/20/2024 10:47:22 AM,056553d9-117f-4dee-9eed-4e09eb27f7d0,1.4,"(0.0, 0.0, -5.0)",Marine with Leg Amputation Root,4.380643,"(-0.3, 1.7, -4.0)",
PLAYER_LOCATION,48074,3/20/2024 10:47:22 AM,056553d9-117f-4dee-9eed-4e09eb27f7d0,1.4,"(-0.3, 1.7, -9.0)","(0.0, 0.0, 0.0)","(0.0, 0.0, 0.0)",
PLAYER_GAZE,48074,3/20/2024 10:47:22 AM,056553d9-117f-4dee-9eed-4e09eb27f7d0,1.4,"(0.0, 0.0, -5.0)",Marine with Leg Amputation Root,4.380643,"(-0.3, 1.7, -4.0)",
PLAYER_LOCATION,48582,3/20/2024 10:47:23 AM,056553d9-117f-4dee-9eed-4e09eb27f7d0,1.4,"(-0.4, 1.7, -8.7)","(0.0, 0.0, 0.0)","(0.0, 0.0, 0.0)",
PLAYER_GAZE,48582,3/20/2024 10:47:23 AM,056553d9-117f-4dee-9eed-4e09eb27f7d0,1.4,"(0.0, 0.0, -5.0)",Marine with Leg Amputation Root,4.059387,"(-0.4, 1.7, -3.7)",
PLAYER_LOCATION,48582,3/20/2024 10:47:23 AM,056553d9-117f-4dee-9eed-4e09eb27f7d0,1.4,"(-0.4, 1.7, -8.7)","(0.0, 0.0, 0.0)","(0.0, 0.0, 0.0)",
PLAYER_GAZE,48582,3/20/2024 10:47:23 AM,056553d9-117f-4dee-9eed-4e09eb27f7d0,1.4,"(0.0, 0.0, -5.0)",Marine with Leg Amputation Root,4.059387,"(-0.4, 1.7, -3.7)",
PLAYER_LOCATION,49085,3/20/2024 10:47:23 AM,056553d9-117f-4dee-9eed-4e09eb27f7d0,1.4,"(-0.4, 1.7, -8.3)","(0.0, 0.0, 0.0)","(0.0, 0.0, 0.0)",
PLAYER_GAZE,49085,3/20/2024 10:47:23 AM,056553d9-117f-4dee-9eed-4e09eb27f7d0,1.4,"(0.0, 0.0, -5.0)",Marine with Leg Amputation Root,3.760958,"(-0.4, 1.7, -3.3)",
PLAYER_LOCATION,49085,3/20/2024 10:47:23 AM,056553d9-117f-4dee-9eed-4e09eb27f7d0,1.4,"(-0.4, 1.7, -8.3)","(0.0, 0.0, 0.0)","(0.0, 0.0, 0.0)",
PLAYER_GAZE,49085,3/20/2024 10:47:23 AM,056553d9-117f-4dee-9eed-4e09eb27f7d0,1.4,"(0.0, 0.0, -5.0)",Marine with Leg Amputation Root,3.760958,"(-0.4, 1.7, -3.3)",
PLAYER_LOCATION,49594,3/20/2024 10:47:24 AM,056553d9-117f-4dee-9eed-4e09eb27f7d0,1.4,"(-0.5, 1.7, -8.0)","(0.0, 0.0, 0.0)","(0.0, 0.0, 0.0)",
PLAYER_GAZE,49594,3/20/2024 10:47:24 AM,056553d9-117f-4dee-9eed-4e09eb27f7d0,1.4,"(0.0, 0.0, -5.0)",Marine with Leg Amputation Root,3.473039,"(-0.5, 1.7, -3.0)",
PLAYER_LOCATION,49594,3/20/2024 10:47:24 AM,056553d9-117f-4dee-9eed-4e09eb27f7d0,1.4,"(-0.5, 1.7, -8.0)","(0.0, 0.0, 0.0)","(0.0, 0.0, 0.0)",
PLAYER_GAZE,49594,3/20/2024 10:47:24 AM,056553d9-117f-4dee-9eed-4e09eb27f7d0,1.4,"(0.0, 0.0, -5.0)",Marine with Leg Amputation Root,3.473039,"(-0.5, 1.7, -3.0)",
PLAYER_LOCATION,50120,3/20/2024 10:47:24 AM,056553d9-117f-4dee-9eed-4e09eb27f7d0,1.4,"(-0.5, 1.7, -7.7)","(0.0, 0.0, 0.0)","(0.0, 0.0, 0.0)",
PLAYER_GAZE,50120,3/20/2024 10:47:24 AM,056553d9-117f-4dee-9eed-4e09eb27f7d0,1.4,"(0.0, 0.0, -5.0)",Marine with Leg Amputation Root,3.186568,"(-0.5, 1.7, -2.7)",
PLAYER_LOCATION,50120,3/20/2024 10:47:24 AM,056553d9-117f-4dee-9eed-4e09eb27f7d0,1.4,"(-0.5, 1.7, -7.7)","(0.0, 0.0, 0.0)","(0.0, 0.0, 0.0)",
PLAYER_GAZE,50120,3/20/2024 10:47:24 AM,056553d9-117f-4dee-9eed-4e09eb27f7d0,1.4,"(0.0, 0.0, -5.0)",Marine with Leg Amputation Root,3.186568,"(-0.5, 1.7, -2.7)",
PLAYER_LOCATION,50622,3/20/2024 10:47:25 AM,056553d9-117f-4dee-9eed-4e09eb27f7d0,1.4,"(-0.5, 1.7, -7.3)","(0.0, 0.0, 0.0)","(0.0, 0.0, 0.0)",
PLAYER_GAZE,50622,3/20/2024 10:47:25 AM,056553d9-117f-4dee-9eed-4e09eb27f7d0,1.4,"(0.0, 0.0, -5.0)",Marine with Leg Amputation Root,2.919912,"(-0.5, 1.7, -2.3)",
PLAYER_LOCATION,50622,3/20/2024 10:47:25 AM,056553d9-117f-4dee-9eed-4e09eb27f7d0,1.4,"(-0.5, 1.7, -7.3)","(0.0, 0.0, 0.0)","(0.0, 0.0, 0.0)",
PLAYER_GAZE,50622,3/20/2024 10:47:25 AM,056553d9-117f-4dee-9eed-4e09eb27f7d0,1.4,"(0.0, 0.0, -5.0)",Marine with Leg Amputation Root,2.919912,"(-0.5, 1.7, -2.3)",
PLAYER_LOCATION,51149,3/20/2024 10:47:25 AM,056553d9-117f-4dee-9eed-4e09eb27f7d0,1.4,"(-0.4, 1.7, -7.0)","(0.0, 0.0, 0.0)","(0.0, 0.0, 0.0)",
PLAYER_GAZE,51149,3/20/2024 10:47:25 AM,056553d9-117f-4dee-9eed-4e09eb27f7d0,1.4,"(0.0, 0.0, -5.0)",Marine with Leg Amputation Root,2.627557,"(-0.4, 1.7, -2.0)",
PLAYER_LOCATION,51149,3/20/2024 10:47:25 AM,056553d9-117f-4dee-9eed-4e09eb27f7d0,1.4,"(-0.4, 1.7, -7.0)","(0.0, 0.0, 0.0)","(0.0, 0.0, 0.0)",
PLAYER_GAZE,51149,3/20/2024 10:47:25 AM,056553d9-117f-4dee-9eed-4e09eb27f7d0,1.4,"(0.0, 0.0, -5.0)",Marine with Leg Amputation Root,2.627557,"(-0.4, 1.7, -2.0)",
PLAYER_LOCATION,51677,3/20/2024 10:47:26 AM,056553d9-117f-4dee-9eed-4e09eb27f7d0,1.4,"(-0.3, 1.6, -6.7)","(0.0, 0.0, 0.0)","(0.0, 0.0, 0.0)",
PLAYER_GAZE,51677,3/20/2024 10:47:26 AM,056553d9-117f-4dee-9eed-4e09eb27f7d0,1.4,"(0.0, 0.0, -5.0)",Marine with Leg Amputation Root,2.362876,"(-0.3, 1.6, -1.7)",
PLAYER_LOCATION,51677,3/20/2024 10:47:26 AM,056553d9-117f-4dee-9eed-4e09eb27f7d0,1.4,"(-0.3, 1.6, -6.7)","(0.0, 0.0, 0.0)","(0.0, 0.0, 0.0)",
PLAYER_GAZE,51677,3/20/2024 10:47:26 AM,056553d9-117f-4dee-9eed-4e09eb27f7d0,1.4,"(0.0, 0.0, -5.0)",Marine with Leg Amputation Root,2.362876,"(-0.3, 1.6, -1.7)",
PLAYER_LOCATION,52177,3/20/2024 10:47:26 AM,056553d9-117f-4dee-9eed-4e09eb27f7d0,1.4,"(-0.2, 1.6, -6.4)","(0.0, 0.0, 0.0)","(0.0, 0.0, 0.0)",
PLAYER_GAZE,52177,3/20/2024 10:47:26 AM,056553d9-117f-4dee-9eed-4e09eb27f7d0,1.4,"(0.0, 0.0, -5.0)",Marine with Leg Amputation Root,2.148689,"(-0.2, 1.6, -1.4)",
PLAYER_LOCATION,52177,3/20/2024 10:47:26 AM,056553d9-117f-4dee-9eed-4e09eb27f7d0,1.4,"(-0.2, 1.6, -6.4)","(0.0, 0.0, 0.0)","(0.0, 0.0, 0.0)",
PLAYER_GAZE,52177,3/20/2024 10:47:26 AM,056553d9-117f-4dee-9eed-4e09eb27f7d0,1.4,"(0.0, 0.0, -5.0)",Marine with Leg Amputation Root,2.148689,"(-0.2, 1.6, -1.4)",
PLAYER_LOCATION,52707,3/20/2024 10:47:27 AM,056553d9-117f-4dee-9eed-4e09eb27f7d0,1.4,"(-0.1, 1.6, -6.1)","(0.0, 0.0, 0.0)","(0.0, 0.0, 0.0)",
PLAYER_GAZE,52707,3/20/2024 10:47:27 AM,056553d9-117f-4dee-9eed-4e09eb27f7d0,1.4,"(0.0, 0.0, -5.0)",Marine with Leg Amputation Root,1.961806,"(-0.1, 1.6, -1.1)",
PLAYER_LOCATION,52707,3/20/2024 10:47:27 AM,056553d9-117f-4dee-9eed-4e09eb27f7d0,1.4,"(-0.1, 1.6, -6.1)","(0.0, 0.0, 0.0)","(0.0, 0.0, 0.0)",
PLAYER_GAZE,52707,3/20/2024 10:47:27 AM,056553d9-117f-4dee-9eed-4e09eb27f7d0,1.4,"(0.0, 0.0, -5.0)",Marine with Leg Amputation Root,1.961806,"(-0.1, 1.6, -1.1)",
PLAYER_LOCATION,53232,3/20/2024 10:47:27 AM,056553d9-117f-4dee-9eed-4e09eb27f7d0,1.4,"(0.0, 1.6, -5.9)","(0.0, 0.0, 0.0)","(0.0, 0.0, 0.0)",
PLAYER_GAZE,53232,3/20/2024 10:47:27 AM,056553d9-117f-4dee-9eed-4e09eb27f7d0,1.4,"(0.0, 0.0, -5.0)",Marine with Leg Amputation Root,1.818721,"(0.0, 1.6, -0.9)",
PLAYER_LOCATION,53232,3/20/2024 10:47:27 AM,056553d9-117f-4dee-9eed-4e09eb27f7d0,1.4,"(0.0, 1.6, -5.9)","(0.0, 0.0, 0.0)","(0.0, 0.0, 0.0)",
PLAYER_GAZE,53232,3/20/2024 10:47:27 AM,056553d9-117f-4dee-9eed-4e09eb27f7d0,1.4,"(0.0, 0.0, -5.0)",Marine with Leg Amputation Root,1.818721,"(0.0, 1.6, -0.9)",
PLAYER_LOCATION,53733,3/20/2024 10:47:28 AM,056553d9-117f-4dee-9eed-4e09eb27f7d0,1.4,"(0.0, 1.6, -5.6)","(0.0, 0.0, 0.0)","(0.0, 0.0, 0.0)",
PLAYER_GAZE,53733,3/20/2024 10:47:28 AM,056553d9-117f-4dee-9eed-4e09eb27f7d0,1.4,"(0.0, 0.0, -5.0)",Marine with Leg Amputation Root,1.708758,"(0.0, 1.6, -0.6)",
PLAYER_LOCATION,53733,3/20/2024 10:47:28 AM,056553d9-117f-4dee-9eed-4e09eb27f7d0,1.4,"(0.0, 1.6, -5.6)","(0.0, 0.0, 0.0)","(0.0, 0.0, 0.0)",
PLAYER_GAZE,53733,3/20/2024 10:47:28 AM,056553d9-117f-4dee-9eed-4e09eb27f7d0,1.4,"(0.0, 0.0, -5.0)",Marine with Leg Amputation Root,1.708758,"(0.0, 1.6, -0.6)",
PLAYER_LOCATION,54260,3/20/2024 10:47:28 AM,056553d9-117f-4dee-9eed-4e09eb27f7d0,1.4,"(0.1, 1.6, -5.4)","(0.0, 0.0, 0.0)","(0.0, 0.0, 0.0)",
PLAYER_GAZE,54260,3/20/2024 10:47:28 AM,056553d9-117f-4dee-9eed-4e09eb27f7d0,1.4,"(0.0, 0.0, -5.0)",Marine with Leg Amputation Root,1.634215,"(0.1, 1.6, -0.4)",
PLAYER_LOCATION,54260,3/20/2024 10:47:28 AM,056553d9-117f-4dee-9eed-4e09eb27f7d0,1.4,"(0.1, 1.6, -5.4)","(0.0, 0.0, 0.0)","(0.0, 0.0, 0.0)",
PLAYER_GAZE,54260,3/20/2024 10:47:28 AM,056553d9-117f-4dee-9eed-4e09eb27f7d0,1.4,"(0.0, 0.0, -5.0)",Marine with Leg Amputation Root,1.634215,"(0.1, 1.6, -0.4)",
PLAYER_LOCATION,54771,3/20/2024 10:47:29 AM,056553d9-117f-4dee-9eed-4e09eb27f7d0,1.4,"(0.2, 1.6, -5.4)","(0.0, 0.0, 0.0)","(0.0, 0.0, 0.0)",
PLAYER_GAZE,54771,3/20/2024 10:47:29 AM,056553d9-117f-4dee-9eed-4e09eb27f7d0,1.4,"(0.0, 0.0, -5.0)",Marine with Leg Amputation Root,1.618658,"(0.2, 1.6, -0.4)",
PLAYER_LOCATION,54771,3/20/2024 10:47:29 AM,056553d9-117f-4dee-9eed-4e09eb27f7d0,1.4,"(0.2, 1.6, -5.4)","(0.0, 0.0, 0.0)","(0.0, 0.0, 0.0)",
PLAYER_GAZE,54771,3/20/2024 10:47:29 AM,056553d9-117f-4dee-9eed-4e09eb27f7d0,1.4,"(0.0, 0.0, -5.0)",Marine with Leg Amputation Root,1.618658,"(0.2, 1.6, -0.4)",
PLAYER_LOCATION,55275,3/20/2024 10:47:29 AM,056553d9-117f-4dee-9eed-4e09eb27f7d0,1.4,"(0.1, 1.5, -5.4)","(0.0, 0.0, 0.0)","(0.0, 0.0, 0.0)",
PLAYER_LOCATION,55275,3/20/2024 10:47:29 AM,056553d9-117f-4dee-9eed-4e09eb27f7d0,1.4,"(0.1, 1.5, -5.4)","(0.0, 0.0, 0.0)","(0.0, 0.0, 0.0)",
PLAYER_LOCATION,55788,3/20/2024 10:47:30 AM,056553d9-117f-4dee-9eed-4e09eb27f7d0,1.4,"(0.2, 1.4, -5.4)","(0.0, 0.0, 0.0)","(0.0, 0.0, 0.0)",
PLAYER_GAZE,55788,3/20/2024 10:47:30 AM,056553d9-117f-4dee-9eed-4e09eb27f7d0,1.4,"(0.0, 0.0, -5.0)",Marine with Leg Amputation Root,1.484473,"(0.2, 1.4, -0.4)",
PLAYER_LOCATION,55788,3/20/2024 10:47:30 AM,056553d9-117f-4dee-9eed-4e09eb27f7d0,1.4,"(0.2, 1.4, -5.4)","(0.0, 0.0, 0.0)","(0.0, 0.0, 0.0)",
PLAYER_GAZE,55788,3/20/2024 10:47:30 AM,056553d9-117f-4dee-9eed-4e09eb27f7d0,1.4,"(0.0, 0.0, -5.0)",Marine with Leg Amputation Root,1.484473,"(0.2, 1.4, -0.4)",
PATIENT_ENGAGED,56010,3/20/2024 10:47:30 AM,056553d9-117f-4dee-9eed-4e09eb27f7d0,1.4,100,Infinity,Marine with Leg Amputation Root,"(0.0, 0.0, -5.0)","(0.0, 0.1, 0.0, 1.0)",IMMEDIATE,waver,fast,fast,normal,agony,fetal,
PLAYER_LOCATION,56343,3/20/2024 10:47:30 AM,056553d9-117f-4dee-9eed-4e09eb27f7d0,1.4,"(0.2, 1.2, -5.4)","(0.0, 0.0, 0.0)","(0.0, 0.0, 0.0)",
PLAYER_LOCATION,56343,3/20/2024 10:47:30 AM,056553d9-117f-4dee-9eed-4e09eb27f7d0,1.4,"(0.2, 1.2, -5.4)","(0.0, 0.0, 0.0)","(0.0, 0.0, 0.0)",
PLAYER_LOCATION,56847,3/20/2024 10:47:31 AM,056553d9-117f-4dee-9eed-4e09eb27f7d0,1.4,"(0.2, 1.5, -5.5)","(0.0, 0.0, 0.0)","(0.0, 0.0, 0.0)",
PLAYER_LOCATION,56847,3/20/2024 10:47:31 AM,056553d9-117f-4dee-9eed-4e09eb27f7d0,1.4,"(0.2, 1.5, -5.5)","(0.0, 0.0, 0.0)","(0.0, 0.0, 0.0)",
PLAYER_LOCATION,57388,3/20/2024 10:47:31 AM,056553d9-117f-4dee-9eed-4e09eb27f7d0,1.4,"(0.1, 1.6, -5.6)","(0.0, 0.0, 0.0)","(0.0, 0.0, 0.0)",
PLAYER_LOCATION,57388,3/20/2024 10:47:31 AM,056553d9-117f-4dee-9eed-4e09eb27f7d0,1.4,"(0.1, 1.6, -5.6)","(0.0, 0.0, 0.0)","(0.0, 0.0, 0.0)",
PLAYER_LOCATION,57914,3/20/2024 10:47:32 AM,056553d9-117f-4dee-9eed-4e09eb27f7d0,1.4,"(0.0, 1.7, -5.6)","(0.0, 0.0, 0.0)","(0.0, 0.0, 0.0)",
PLAYER_LOCATION,57914,3/20/2024 10:47:32 AM,056553d9-117f-4dee-9eed-4e09eb27f7d0,1.4,"(0.0, 1.7, -5.6)","(0.0, 0.0, 0.0)","(0.0, 0.0, 0.0)",
PLAYER_LOCATION,58417,3/20/2024 10:47:32 AM,056553d9-117f-4dee-9eed-4e09eb27f7d0,1.4,"(0.0, 1.8, -5.6)","(0.0, 0.0, 0.0)","(0.0, 0.0, 0.0)",
PLAYER_LOCATION,58417,3/20/2024 10:47:32 AM,056553d9-117f-4dee-9eed-4e09eb27f7d0,1.4,"(0.0, 1.8, -5.6)","(0.0, 0.0, 0.0)","(0.0, 0.0, 0.0)",
PLAYER_LOCATION,58940,3/20/2024 10:47:33 AM,056553d9-117f-4dee-9eed-4e09eb27f7d0,1.4,"(0.0, 1.8, -5.6)","(0.0, 0.0, 0.0)","(0.0, 0.0, 0.0)",
PLAYER_LOCATION,58940,3/20/2024 10:47:33 AM,056553d9-117f-4dee-9eed-4e09eb27f7d0,1.4,"(0.0, 1.8, -5.6)","(0.0, 0.0, 0.0)","(0.0, 0.0, 0.0)",
PLAYER_LOCATION,59457,3/20/2024 10:47:33 AM,056553d9-117f-4dee-9eed-4e09eb27f7d0,1.4,"(0.0, 1.8, -5.6)","(0.0, 0.0, 0.0)","(0.0, 0.0, 0.0)",
PLAYER_LOCATION,59457,3/20/2024 10:47:33 AM,056553d9-117f-4dee-9eed-4e09eb27f7d0,1.4,"(0.0, 1.8, -5.6)","(0.0, 0.0, 0.0)","(0.0, 0.0, 0.0)",
PLAYER_LOCATION,59990,3/20/2024 10:47:34 AM,056553d9-117f-4dee-9eed-4e09eb27f7d0,1.4,"(0.0, 1.8, -5.6)","(0.0, 0.0, 0.0)","(0.0, 0.0, 0.0)",
PLAYER_LOCATION,59990,3/20/2024 10:47:34 AM,056553d9-117f-4dee-9eed-4e09eb27f7d0,1.4,"(0.0, 1.8, -5.6)","(0.0, 0.0, 0.0)","(0.0, 0.0, 0.0)",
PLAYER_LOCATION,60513,3/20/2024 10:47:34 AM,056553d9-117f-4dee-9eed-4e09eb27f7d0,1.4,"(-0.1, 1.8, -5.6)","(0.0, 0.0, 0.0)","(0.0, 0.0, 0.0)",
PLAYER_LOCATION,60513,3/20/2024 10:47:34 AM,056553d9-117f-4dee-9eed-4e09eb27f7d0,1.4,"(-0.1, 1.8, -5.6)","(0.0, 0.0, 0.0)","(0.0, 0.0, 0.0)",
PLAYER_LOCATION,61019,3/20/2024 10:47:35 AM,056553d9-117f-4dee-9eed-4e09eb27f7d0,1.4,"(-0.1, 1.8, -5.6)","(0.0, 0.0, 0.0)","(0.0, 0.0, 0.0)",
PLAYER_LOCATION,61019,3/20/2024 10:47:35 AM,056553d9-117f-4dee-9eed-4e09eb27f7d0,1.4,"(-0.1, 1.8, -5.6)","(0.0, 0.0, 0.0)","(0.0, 0.0, 0.0)",
PLAYER_LOCATION,61529,3/20/2024 10:47:35 AM,056553d9-117f-4dee-9eed-4e09eb27f7d0,1.4,"(-0.1, 1.7, -5.6)","(0.0, 0.0, 0.0)","(0.0, 0.0, 0.0)",
PLAYER_LOCATION,61529,3/20/2024 10:47:35 AM,056553d9-117f-4dee-9eed-4e09eb27f7d0,1.4,"(-0.1, 1.7, -5.6)","(0.0, 0.0, 0.0)","(0.0, 0.0, 0.0)",
PLAYER_LOCATION,62052,3/20/2024 10:47:36 AM,056553d9-117f-4dee-9eed-4e09eb27f7d0,1.4,"(0.0, 1.7, -5.6)","(0.0, 0.0, 0.0)","(0.0, 0.0, 0.0)",
PLAYER_LOCATION,62052,3/20/2024 10:47:36 AM,056553d9-117f-4dee-9eed-4e09eb27f7d0,1.4,"(0.0, 1.7, -5.6)","(0.0, 0.0, 0.0)","(0.0, 0.0, 0.0)",
PLAYER_LOCATION,62643,3/20/2024 10:47:37 AM,056553d9-117f-4dee-9eed-4e09eb27f7d0,1.4,"(0.0, 1.7, -5.6)","(0.0, 0.0, 0.0)","(0.0, 0.0, 0.0)",
PLAYER_LOCATION,62643,3/20/2024 10:47:37 AM,056553d9-117f-4dee-9eed-4e09eb27f7d0,1.4,"(0.0, 1.7, -5.6)","(0.0, 0.0, 0.0)","(0.0, 0.0, 0.0)",
TELEPORT,63017,3/20/2024 10:47:37 AM,056553d9-117f-4dee-9eed-4e09eb27f7d0,1.4,"(0.3, 0.0, -7.3)",
PLAYER_LOCATION,63176,3/20/2024 10:47:37 AM,056553d9-117f-4dee-9eed-4e09eb27f7d0,1.4,"(0.0, 1.7, -5.6)","(0.0, 0.0, 0.0)","(0.0, 0.0, 0.0)",
PLAYER_LOCATION,63176,3/20/2024 10:47:37 AM,056553d9-117f-4dee-9eed-4e09eb27f7d0,1.4,"(0.0, 1.7, -5.6)","(0.0, 0.0, 0.0)","(0.0, 0.0, 0.0)",
PLAYER_LOCATION,63689,3/20/2024 10:47:38 AM,056553d9-117f-4dee-9eed-4e09eb27f7d0,1.4,"(0.0, 1.7, -5.6)","(0.0, 0.0, 0.0)","(0.0, 0.0, 0.0)",
PLAYER_LOCATION,63689,3/20/2024 10:47:38 AM,056553d9-117f-4dee-9eed-4e09eb27f7d0,1.4,"(0.0, 1.7, -5.6)","(0.0, 0.0, 0.0)","(0.0, 0.0, 0.0)",
PLAYER_LOCATION,64208,3/20/2024 10:47:38 AM,056553d9-117f-4dee-9eed-4e09eb27f7d0,1.4,"(0.0, 1.7, -5.6)","(0.0, 0.0, 0.0)","(0.0, 0.0, 0.0)",
PLAYER_LOCATION,64208,3/20/2024 10:47:38 AM,056553d9-117f-4dee-9eed-4e09eb27f7d0,1.4,"(0.0, 1.7, -5.6)","(0.0, 0.0, 0.0)","(0.0, 0.0, 0.0)",
PLAYER_LOCATION,64708,3/20/2024 10:47:39 AM,056553d9-117f-4dee-9eed-4e09eb27f7d0,1.4,"(0.0, 1.7, -5.6)","(0.0, 0.0, 0.0)","(0.0, 0.0, 0.0)",
PLAYER_LOCATION,64708,3/20/2024 10:47:39 AM,056553d9-117f-4dee-9eed-4e09eb27f7d0,1.4,"(0.0, 1.7, -5.6)","(0.0, 0.0, 0.0)","(0.0, 0.0, 0.0)",
PLAYER_LOCATION,65229,3/20/2024 10:47:39 AM,056553d9-117f-4dee-9eed-4e09eb27f7d0,1.4,"(0.0, 1.7, -5.6)","(0.0, 0.0, 0.0)","(0.0, 0.0, 0.0)",
PLAYER_LOCATION,65229,3/20/2024 10:47:39 AM,056553d9-117f-4dee-9eed-4e09eb27f7d0,1.4,"(0.0, 1.7, -5.6)","(0.0, 0.0, 0.0)","(0.0, 0.0, 0.0)",
PLAYER_LOCATION,65742,3/20/2024 10:47:40 AM,056553d9-117f-4dee-9eed-4e09eb27f7d0,1.4,"(-0.1, 1.7, -5.6)","(0.0, 0.0, 0.0)","(0.0, 0.0, 0.0)",
PLAYER_LOCATION,65742,3/20/2024 10:47:40 AM,056553d9-117f-4dee-9eed-4e09eb27f7d0,1.4,"(-0.1, 1.7, -5.6)","(0.0, 0.0, 0.0)","(0.0, 0.0, 0.0)",
PLAYER_LOCATION,66247,3/20/2024 10:47:40 AM,056553d9-117f-4dee-9eed-4e09eb27f7d0,1.4,"(-0.1, 1.7, -5.6)","(0.0, 0.0, 0.0)","(0.0, 0.0, 0.0)",
PLAYER_LOCATION,66247,3/20/2024 10:47:40 AM,056553d9-117f-4dee-9eed-4e09eb27f7d0,1.4,"(-0.1, 1.7, -5.6)","(0.0, 0.0, 0.0)","(0.0, 0.0, 0.0)",
PLAYER_LOCATION,66756,3/20/2024 10:47:41 AM,056553d9-117f-4dee-9eed-4e09eb27f7d0,1.4,"(-0.1, 1.7, -5.6)","(0.0, 0.0, 0.0)","(0.0, 0.0, 0.0)",
PLAYER_LOCATION,66756,3/20/2024 10:47:41 AM,056553d9-117f-4dee-9eed-4e09eb27f7d0,1.4,"(-0.1, 1.7, -5.6)","(0.0, 0.0, 0.0)","(0.0, 0.0, 0.0)",
PLAYER_LOCATION,67264,3/20/2024 10:47:41 AM,056553d9-117f-4dee-9eed-4e09eb27f7d0,1.4,"(0.0, 1.7, -5.6)","(0.0, 0.0, 0.0)","(0.0, 0.0, 0.0)",
PLAYER_LOCATION,67264,3/20/2024 10:47:41 AM,056553d9-117f-4dee-9eed-4e09eb27f7d0,1.4,"(0.0, 1.7, -5.6)","(0.0, 0.0, 0.0)","(0.0, 0.0, 0.0)",
PLAYER_LOCATION,67772,3/20/2024 10:47:42 AM,056553d9-117f-4dee-9eed-4e09eb27f7d0,1.4,"(0.0, 1.7, -5.6)","(0.0, 0.0, 0.0)","(0.0, 0.0, 0.0)",
PLAYER_LOCATION,67772,3/20/2024 10:47:42 AM,056553d9-117f-4dee-9eed-4e09eb27f7d0,1.4,"(0.0, 1.7, -5.6)","(0.0, 0.0, 0.0)","(0.0, 0.0, 0.0)",
PLAYER_LOCATION,68276,3/20/2024 10:47:42 AM,056553d9-117f-4dee-9eed-4e09eb27f7d0,1.4,"(0.0, 1.7, -5.6)","(0.0, 0.0, 0.0)","(0.0, 0.0, 0.0)",
PLAYER_LOCATION,68276,3/20/2024 10:47:42 AM,056553d9-117f-4dee-9eed-4e09eb27f7d0,1.4,"(0.0, 1.7, -5.6)","(0.0, 0.0, 0.0)","(0.0, 0.0, 0.0)",
PLAYER_LOCATION,68794,3/20/2024 10:47:43 AM,056553d9-117f-4dee-9eed-4e09eb27f7d0,1.4,"(0.0, 1.7, -5.6)","(0.0, 0.0, 0.0)","(0.0, 0.0, 0.0)",
PLAYER_LOCATION,68794,3/20/2024 10:47:43 AM,056553d9-117f-4dee-9eed-4e09eb27f7d0,1.4,"(0.0, 1.7, -5.6)","(0.0, 0.0, 0.0)","(0.0, 0.0, 0.0)",
PLAYER_LOCATION,69318,3/20/2024 10:47:43 AM,056553d9-117f-4dee-9eed-4e09eb27f7d0,1.4,"(0.0, 1.7, -5.6)","(0.0, 0.0, 0.0)","(0.0, 0.0, 0.0)",
PLAYER_LOCATION,69318,3/20/2024 10:47:43 AM,056553d9-117f-4dee-9eed-4e09eb27f7d0,1.4,"(0.0, 1.7, -5.6)","(0.0, 0.0, 0.0)","(0.0, 0.0, 0.0)",
PLAYER_LOCATION,69830,3/20/2024 10:47:44 AM,056553d9-117f-4dee-9eed-4e09eb27f7d0,1.4,"(0.0, 1.7, -5.6)","(0.0, 0.0, 0.0)","(0.0, 0.0, 0.0)",
PLAYER_LOCATION,69830,3/20/2024 10:47:44 AM,056553d9-117f-4dee-9eed-4e09eb27f7d0,1.4,"(0.0, 1.7, -5.6)","(0.0, 0.0, 0.0)","(0.0, 0.0, 0.0)",
PLAYER_LOCATION,70330,3/20/2024 10:47:44 AM,056553d9-117f-4dee-9eed-4e09eb27f7d0,1.4,"(0.0, 1.7, -5.6)","(0.0, 0.0, 0.0)","(0.0, 0.0, 0.0)",
PLAYER_LOCATION,70330,3/20/2024 10:47:44 AM,056553d9-117f-4dee-9eed-4e09eb27f7d0,1.4,"(0.0, 1.7, -5.6)","(0.0, 0.0, 0.0)","(0.0, 0.0, 0.0)",
PLAYER_LOCATION,70832,3/20/2024 10:47:45 AM,056553d9-117f-4dee-9eed-4e09eb27f7d0,1.4,"(0.0, 1.7, -5.7)","(0.0, 0.0, 0.0)","(0.0, 0.0, 0.0)",
PLAYER_LOCATION,70832,3/20/2024 10:47:45 AM,056553d9-117f-4dee-9eed-4e09eb27f7d0,1.4,"(0.0, 1.7, -5.7)","(0.0, 0.0, 0.0)","(0.0, 0.0, 0.0)",
PLAYER_LOCATION,71337,3/20/2024 10:47:45 AM,056553d9-117f-4dee-9eed-4e09eb27f7d0,1.4,"(0.0, 1.7, -5.7)","(0.0, 0.0, 0.0)","(0.0, 0.0, 0.0)",
PLAYER_LOCATION,71337,3/20/2024 10:47:45 AM,056553d9-117f-4dee-9eed-4e09eb27f7d0,1.4,"(0.0, 1.7, -5.7)","(0.0, 0.0, 0.0)","(0.0, 0.0, 0.0)",
PLAYER_LOCATION,71841,3/20/2024 10:47:46 AM,056553d9-117f-4dee-9eed-4e09eb27f7d0,1.4,"(0.0, 1.7, -5.7)","(0.0, 0.0, 0.0)","(0.0, 0.0, 0.0)",
PLAYER_LOCATION,71841,3/20/2024 10:47:46 AM,056553d9-117f-4dee-9eed-4e09eb27f7d0,1.4,"(0.0, 1.7, -5.7)","(0.0, 0.0, 0.0)","(0.0, 0.0, 0.0)",
PLAYER_LOCATION,72340,3/20/2024 10:47:46 AM,056553d9-117f-4dee-9eed-4e09eb27f7d0,1.4,"(0.0, 1.7, -5.7)","(0.0, 0.0, 0.0)","(0.0, 0.0, 0.0)",
PLAYER_LOCATION,72340,3/20/2024 10:47:46 AM,056553d9-117f-4dee-9eed-4e09eb27f7d0,1.4,"(0.0, 1.7, -5.7)","(0.0, 0.0, 0.0)","(0.0, 0.0, 0.0)",
VOICE_CAPTURE,72515,3/20/2024 10:47:46 AM,056553d9-117f-4dee-9eed-4e09eb27f7d0,1.4,OK,NA,
PLAYER_LOCATION,72872,3/20/2024 10:47:47 AM,056553d9-117f-4dee-9eed-4e09eb27f7d0,1.4,"(0.0, 1.7, -5.7)","(0.0, 0.0, 0.0)","(0.0, 0.0, 0.0)",
PLAYER_LOCATION,72872,3/20/2024 10:47:47 AM,056553d9-117f-4dee-9eed-4e09eb27f7d0,1.4,"(0.0, 1.7, -5.7)","(0.0, 0.0, 0.0)","(0.0, 0.0, 0.0)",
PLAYER_LOCATION,73397,3/20/2024 10:47:47 AM,056553d9-117f-4dee-9eed-4e09eb27f7d0,1.4,"(0.0, 1.7, -5.6)","(0.0, 0.0, 0.0)","(0.0, 0.0, 0.0)",
PLAYER_LOCATION,73397,3/20/2024 10:47:47 AM,056553d9-117f-4dee-9eed-4e09eb27f7d0,1.4,"(0.0, 1.7, -5.6)","(0.0, 0.0, 0.0)","(0.0, 0.0, 0.0)",
PLAYER_LOCATION,73898,3/20/2024 10:47:48 AM,056553d9-117f-4dee-9eed-4e09eb27f7d0,1.4,"(0.0, 1.7, -5.6)","(0.0, 0.0, 0.0)","(0.0, 0.0, 0.0)",
PLAYER_LOCATION,73898,3/20/2024 10:47:48 AM,056553d9-117f-4dee-9eed-4e09eb27f7d0,1.4,"(0.0, 1.7, -5.6)","(0.0, 0.0, 0.0)","(0.0, 0.0, 0.0)",
PLAYER_LOCATION,74426,3/20/2024 10:47:48 AM,056553d9-117f-4dee-9eed-4e09eb27f7d0,1.4,"(0.0, 1.7, -5.6)","(0.0, 0.0, 0.0)","(0.0, 0.0, 0.0)",
PLAYER_LOCATION,74426,3/20/2024 10:47:48 AM,056553d9-117f-4dee-9eed-4e09eb27f7d0,1.4,"(0.0, 1.7, -5.6)","(0.0, 0.0, 0.0)","(0.0, 0.0, 0.0)",
PLAYER_LOCATION,74960,3/20/2024 10:47:49 AM,056553d9-117f-4dee-9eed-4e09eb27f7d0,1.4,"(-0.1, 1.7, -5.6)","(0.0, 0.0, 0.0)","(0.0, 0.0, 0.0)",
PLAYER_LOCATION,74960,3/20/2024 10:47:49 AM,056553d9-117f-4dee-9eed-4e09eb27f7d0,1.4,"(-0.1, 1.7, -5.6)","(0.0, 0.0, 0.0)","(0.0, 0.0, 0.0)",
PLAYER_LOCATION,75480,3/20/2024 10:47:49 AM,056553d9-117f-4dee-9eed-4e09eb27f7d0,1.4,"(-0.1, 1.7, -5.6)","(0.0, 0.0, 0.0)","(0.0, 0.0, 0.0)",
PLAYER_LOCATION,75480,3/20/2024 10:47:49 AM,056553d9-117f-4dee-9eed-4e09eb27f7d0,1.4,"(-0.1, 1.7, -5.6)","(0.0, 0.0, 0.0)","(0.0, 0.0, 0.0)",
PLAYER_LOCATION,75979,3/20/2024 10:47:50 AM,056553d9-117f-4dee-9eed-4e09eb27f7d0,1.4,"(-0.1, 1.8, -5.6)","(0.0, 0.0, 0.0)","(0.0, 0.0, 0.0)",
PLAYER_LOCATION,75979,3/20/2024 10:47:50 AM,056553d9-117f-4dee-9eed-4e09eb27f7d0,1.4,"(-0.1, 1.8, -5.6)","(0.0, 0.0, 0.0)","(0.0, 0.0, 0.0)",
PLAYER_LOCATION,76507,3/20/2024 10:47:50 AM,056553d9-117f-4dee-9eed-4e09eb27f7d0,1.4,"(-0.1, 1.7, -5.6)","(0.0, 0.0, 0.0)","(0.0, 0.0, 0.0)",
PLAYER_LOCATION,76507,3/20/2024 10:47:50 AM,056553d9-117f-4dee-9eed-4e09eb27f7d0,1.4,"(-0.1, 1.7, -5.6)","(0.0, 0.0, 0.0)","(0.0, 0.0, 0.0)",
PLAYER_LOCATION,77008,3/20/2024 10:47:51 AM,056553d9-117f-4dee-9eed-4e09eb27f7d0,1.4,"(0.0, 1.7, -5.6)","(0.0, 0.0, 0.0)","(0.0, 0.0, 0.0)",
PLAYER_LOCATION,77008,3/20/2024 10:47:51 AM,056553d9-117f-4dee-9eed-4e09eb27f7d0,1.4,"(0.0, 1.7, -5.6)","(0.0, 0.0, 0.0)","(0.0, 0.0, 0.0)",
PLAYER_LOCATION,77519,3/20/2024 10:47:51 AM,056553d9-117f-4dee-9eed-4e09eb27f7d0,1.4,"(0.0, 1.7, -5.6)","(0.0, 0.0, 0.0)","(0.0, 0.0, 0.0)",
PLAYER_GAZE,77519,3/20/2024 10:47:51 AM,056553d9-117f-4dee-9eed-4e09eb27f7d0,1.4,"(0.0, 0.0, -5.0)",Marine with Leg Amputation Root,1.789907,"(0.0, 1.7, -0.6)",
PLAYER_LOCATION,77519,3/20/2024 10:47:51 AM,056553d9-117f-4dee-9eed-4e09eb27f7d0,1.4,"(0.0, 1.7, -5.6)","(0.0, 0.0, 0.0)","(0.0, 0.0, 0.0)",
PLAYER_GAZE,77519,3/20/2024 10:47:51 AM,056553d9-117f-4dee-9eed-4e09eb27f7d0,1.4,"(0.0, 0.0, -5.0)",Marine with Leg Amputation Root,1.789907,"(0.0, 1.7, -0.6)",
PLAYER_LOCATION,78018,3/20/2024 10:47:52 AM,056553d9-117f-4dee-9eed-4e09eb27f7d0,1.4,"(-0.1, 1.7, -5.5)","(0.0, 0.0, 0.0)","(0.0, 0.0, 0.0)",
PLAYER_GAZE,78018,3/20/2024 10:47:52 AM,056553d9-117f-4dee-9eed-4e09eb27f7d0,1.4,"(0.0, 0.0, -5.0)",Marine with Leg Amputation Root,1.785461,"(-0.1, 1.7, -0.5)",
PLAYER_LOCATION,78018,3/20/2024 10:47:52 AM,056553d9-117f-4dee-9eed-4e09eb27f7d0,1.4,"(-0.1, 1.7, -5.5)","(0.0, 0.0, 0.0)","(0.0, 0.0, 0.0)",
PLAYER_GAZE,78018,3/20/2024 10:47:52 AM,056553d9-117f-4dee-9eed-4e09eb27f7d0,1.4,"(0.0, 0.0, -5.0)",Marine with Leg Amputation Root,1.785461,"(-0.1, 1.7, -0.5)",
PLAYER_LOCATION,78536,3/20/2024 10:47:52 AM,056553d9-117f-4dee-9eed-4e09eb27f7d0,1.4,"(-0.3, 1.7, -5.6)","(0.0, 0.0, 0.0)","(0.0, 0.0, 0.0)",
PLAYER_LOCATION,78536,3/20/2024 10:47:52 AM,056553d9-117f-4dee-9eed-4e09eb27f7d0,1.4,"(-0.3, 1.7, -5.6)","(0.0, 0.0, 0.0)","(0.0, 0.0, 0.0)",
PLAYER_LOCATION,79040,3/20/2024 10:47:53 AM,056553d9-117f-4dee-9eed-4e09eb27f7d0,1.4,"(-0.7, 1.7, -5.7)","(0.0, 0.0, 0.0)","(0.0, 0.0, 0.0)",
PLAYER_LOCATION,79040,3/20/2024 10:47:53 AM,056553d9-117f-4dee-9eed-4e09eb27f7d0,1.4,"(-0.7, 1.7, -5.7)","(0.0, 0.0, 0.0)","(0.0, 0.0, 0.0)",
PLAYER_LOCATION,79558,3/20/2024 10:47:54 AM,056553d9-117f-4dee-9eed-4e09eb27f7d0,1.4,"(-0.7, 1.7, -5.7)","(0.0, 0.0, 0.0)","(0.0, 0.0, 0.0)",
PLAYER_LOCATION,79558,3/20/2024 10:47:54 AM,056553d9-117f-4dee-9eed-4e09eb27f7d0,1.4,"(-0.7, 1.7, -5.7)","(0.0, 0.0, 0.0)","(0.0, 0.0, 0.0)",
PLAYER_LOCATION,80085,3/20/2024 10:47:54 AM,056553d9-117f-4dee-9eed-4e09eb27f7d0,1.4,"(-0.7, 1.7, -5.7)","(0.0, 0.0, 0.0)","(0.0, 0.0, 0.0)",
PLAYER_LOCATION,80085,3/20/2024 10:47:54 AM,056553d9-117f-4dee-9eed-4e09eb27f7d0,1.4,"(-0.7, 1.7, -5.7)","(0.0, 0.0, 0.0)","(0.0, 0.0, 0.0)",
PLAYER_LOCATION,80590,3/20/2024 10:47:55 AM,056553d9-117f-4dee-9eed-4e09eb27f7d0,1.4,"(-0.7, 1.7, -5.7)","(0.0, 0.0, 0.0)","(0.0, 0.0, 0.0)",
PLAYER_LOCATION,80590,3/20/2024 10:47:55 AM,056553d9-117f-4dee-9eed-4e09eb27f7d0,1.4,"(-0.7, 1.7, -5.7)","(0.0, 0.0, 0.0)","(0.0, 0.0, 0.0)",
PLAYER_LOCATION,81094,3/20/2024 10:47:55 AM,056553d9-117f-4dee-9eed-4e09eb27f7d0,1.4,"(-0.7, 1.7, -5.7)","(0.0, 0.0, 0.0)","(0.0, 0.0, 0.0)",
PLAYER_GAZE,81094,3/20/2024 10:47:55 AM,056553d9-117f-4dee-9eed-4e09eb27f7d0,1.4,"(0.0, 0.0, 0.0)",Marine with Narrative Root,5.994374,"(-0.7, 1.7, -5.7)",
PLAYER_LOCATION,81094,3/20/2024 10:47:55 AM,056553d9-117f-4dee-9eed-4e09eb27f7d0,1.4,"(-0.7, 1.7, -5.7)","(0.0, 0.0, 0.0)","(0.0, 0.0, 0.0)",
PLAYER_GAZE,81094,3/20/2024 10:47:55 AM,056553d9-117f-4dee-9eed-4e09eb27f7d0,1.4,"(0.0, 0.0, 0.0)",Marine with Narrative Root,5.994374,"(-0.7, 1.7, -5.7)",
VOICE_CAPTURE,81534,3/20/2024 10:47:55 AM,056553d9-117f-4dee-9eed-4e09eb27f7d0,1.4,I could yeah OK,NA,
PLAYER_LOCATION,81619,3/20/2024 10:47:56 AM,056553d9-117f-4dee-9eed-4e09eb27f7d0,1.4,"(-0.7, 1.7, -5.7)","(0.0, 0.0, 0.0)","(0.0, 0.0, 0.0)",
PLAYER_LOCATION,81619,3/20/2024 10:47:56 AM,056553d9-117f-4dee-9eed-4e09eb27f7d0,1.4,"(-0.7, 1.7, -5.7)","(0.0, 0.0, 0.0)","(0.0, 0.0, 0.0)",
SESSION_END,82036,3/20/2024 10:47:56 AM,056553d9-117f-4dee-9eed-4e09eb27f7d0,1.4,
PLAYER_LOCATION,82227,3/20/2024 10:47:56 AM,056553d9-117f-4dee-9eed-4e09eb27f7d0,1.4,"(-0.7, 1.7, -5.7)","(0.0, 0.0, 0.0)","(0.0, 0.0, 0.0)",
PLAYER_LOCATION,82227,3/20/2024 10:47:56 AM,056553d9-117f-4dee-9eed-4e09eb27f7d0,1.4,"(-0.7, 1.7, -5.7)","(0.0, 0.0, 0.0)","(0.0, 0.0, 0.0)",
PLAYER_LOCATION,82730,3/20/2024 10:47:57 AM,056553d9-117f-4dee-9eed-4e09eb27f7d0,1.4,"(-0.7, 1.7, -5.7)","(0.0, 0.0, 0.0)","(0.0, 0.0, 0.0)",
PLAYER_LOCATION,82730,3/20/2024 10:47:57 AM,056553d9-117f-4dee-9eed-4e09eb27f7d0,1.4,"(-0.7, 1.7, -5.7)","(0.0, 0.0, 0.0)","(0.0, 0.0, 0.0)",
PLAYER_LOCATION,83332,3/20/2024 10:47:57 AM,056553d9-117f-4dee-9eed-4e09eb27f7d0,1.4,"(-0.7, 1.7, -5.7)","(0.0, 0.0, 0.0)","(0.0, 0.0, 0.0)",
PLAYER_LOCATION,83332,3/20/2024 10:47:57 AM,056553d9-117f-4dee-9eed-4e09eb27f7d0,1.4,"(-0.7, 1.7, -5.7)","(0.0, 0.0, 0.0)","(0.0, 0.0, 0.0)",
PLAYER_LOCATION,83850,3/20/2024 10:47:58 AM,056553d9-117f-4dee-9eed-4e09eb27f7d0,1.4,"(-0.7, 1.7, -5.8)","(0.0, 0.0, 0.0)","(0.0, 0.0, 0.0)",
PLAYER_LOCATION,83850,3/20/2024 10:47:58 AM,056553d9-117f-4dee-9eed-4e09eb27f7d0,1.4,"(-0.7, 1.7, -5.8)","(0.0, 0.0, 0.0)","(0.0, 0.0, 0.0)",
PLAYER_LOCATION,84372,3/20/2024 10:47:58 AM,056553d9-117f-4dee-9eed-4e09eb27f7d0,1.4,"(-0.8, 1.7, -5.8)","(0.0, 0.0, 0.0)","(0.0, 0.0, 0.0)",
PLAYER_LOCATION,84372,3/20/2024 10:47:58 AM,056553d9-117f-4dee-9eed-4e09eb27f7d0,1.4,"(-0.8, 1.7, -5.8)","(0.0, 0.0, 0.0)","(0.0, 0.0, 0.0)",
PLAYER_LOCATION,84874,3/20/2024 10:47:59 AM,056553d9-117f-4dee-9eed-4e09eb27f7d0,1.4,"(-0.9, 1.7, -5.8)","(0.0, 0.0, 0.0)","(0.0, 0.0, 0.0)",
PLAYER_LOCATION,84874,3/20/2024 10:47:59 AM,056553d9-117f-4dee-9eed-4e09eb27f7d0,1.4,"(-0.9, 1.7, -5.8)","(0.0, 0.0, 0.0)","(0.0, 0.0, 0.0)",
PLAYER_LOCATION,85399,3/20/2024 10:47:59 AM,056553d9-117f-4dee-9eed-4e09eb27f7d0,1.4,"(-0.9, 1.7, -5.7)","(0.0, 0.0, 0.0)","(0.0, 0.0, 0.0)",
PLAYER_LOCATION,85399,3/20/2024 10:47:59 AM,056553d9-117f-4dee-9eed-4e09eb27f7d0,1.4,"(-0.9, 1.7, -5.7)","(0.0, 0.0, 0.0)","(0.0, 0.0, 0.0)",
PLAYER_LOCATION,85925,3/20/2024 10:48:00 AM,056553d9-117f-4dee-9eed-4e09eb27f7d0,1.4,"(-0.8, 1.7, -5.7)","(0.0, 0.0, 0.0)","(0.0, 0.0, 0.0)",
PLAYER_LOCATION,85925,3/20/2024 10:48:00 AM,056553d9-117f-4dee-9eed-4e09eb27f7d0,1.4,"(-0.8, 1.7, -5.7)","(0.0, 0.0, 0.0)","(0.0, 0.0, 0.0)",
PLAYER_LOCATION,86435,3/20/2024 10:48:00 AM,056553d9-117f-4dee-9eed-4e09eb27f7d0,1.4,"(-0.8, 1.7, -5.8)","(0.0, 0.0, 0.0)","(0.0, 0.0, 0.0)",
PLAYER_LOCATION,86435,3/20/2024 10:48:00 AM,056553d9-117f-4dee-9eed-4e09eb27f7d0,1.4,"(-0.8, 1.7, -5.8)","(0.0, 0.0, 0.0)","(0.0, 0.0, 0.0)",
PLAYER_LOCATION,86936,3/20/2024 10:48:01 AM,056553d9-117f-4dee-9eed-4e09eb27f7d0,1.4,"(-0.8, 1.7, -5.8)","(0.0, 0.0, 0.0)","(0.0, 0.0, 0.0)",
PLAYER_LOCATION,86936,3/20/2024 10:48:01 AM,056553d9-117f-4dee-9eed-4e09eb27f7d0,1.4,"(-0.8, 1.7, -5.8)","(0.0, 0.0, 0.0)","(0.0, 0.0, 0.0)",
PLAYER_LOCATION,87437,3/20/2024 10:48:01 AM,056553d9-117f-4dee-9eed-4e09eb27f7d0,1.4,"(-0.8, 1.7, -5.8)","(0.0, 0.0, 0.0)","(0.0, 0.0, 0.0)",
PLAYER_LOCATION,87437,3/20/2024 10:48:01 AM,056553d9-117f-4dee-9eed-4e09eb27f7d0,1.4,"(-0.8, 1.7, -5.8)","(0.0, 0.0, 0.0)","(0.0, 0.0, 0.0)",
PLAYER_LOCATION,87964,3/20/2024 10:48:02 AM,056553d9-117f-4dee-9eed-4e09eb27f7d0,1.4,"(-0.8, 1.7, -5.8)","(0.0, 0.0, 0.0)","(0.0, 0.0, 0.0)",
PLAYER_LOCATION,87964,3/20/2024 10:48:02 AM,056553d9-117f-4dee-9eed-4e09eb27f7d0,1.4,"(-0.8, 1.7, -5.8)","(0.0, 0.0, 0.0)","(0.0, 0.0, 0.0)",
PLAYER_LOCATION,88473,3/20/2024 10:48:02 AM,056553d9-117f-4dee-9eed-4e09eb27f7d0,1.4,"(-0.7, 1.7, -5.8)","(0.0, 0.0, 0.0)","(0.0, 0.0, 0.0)",
PLAYER_LOCATION,88473,3/20/2024 10:48:02 AM,056553d9-117f-4dee-9eed-4e09eb27f7d0,1.4,"(-0.7, 1.7, -5.8)","(0.0, 0.0, 0.0)","(0.0, 0.0, 0.0)",
PLAYER_LOCATION,88972,3/20/2024 10:48:03 AM,056553d9-117f-4dee-9eed-4e09eb27f7d0,1.4,"(-0.7, 1.7, -5.8)","(0.0, 0.0, 0.0)","(0.0, 0.0, 0.0)",
PLAYER_LOCATION,88972,3/20/2024 10:48:03 AM,056553d9-117f-4dee-9eed-4e09eb27f7d0,1.4,"(-0.7, 1.7, -5.8)","(0.0, 0.0, 0.0)","(0.0, 0.0, 0.0)",
PLAYER_LOCATION,89487,3/20/2024 10:48:03 AM,056553d9-117f-4dee-9eed-4e09eb27f7d0,1.4,"(-0.7, 1.7, -5.8)","(0.0, 0.0, 0.0)","(0.0, 0.0, 0.0)",
PLAYER_LOCATION,89487,3/20/2024 10:48:03 AM,056553d9-117f-4dee-9eed-4e09eb27f7d0,1.4,"(-0.7, 1.7, -5.8)","(0.0, 0.0, 0.0)","(0.0, 0.0, 0.0)",
PLAYER_LOCATION,89996,3/20/2024 10:48:04 AM,056553d9-117f-4dee-9eed-4e09eb27f7d0,1.4,"(-0.7, 1.7, -5.8)","(0.0, 0.0, 0.0)","(0.0, 0.0, 0.0)",
PLAYER_LOCATION,89996,3/20/2024 10:48:04 AM,056553d9-117f-4dee-9eed-4e09eb27f7d0,1.4,"(-0.7, 1.7, -5.8)","(0.0, 0.0, 0.0)","(0.0, 0.0, 0.0)",
PLAYER_LOCATION,90513,3/20/2024 10:48:04 AM,056553d9-117f-4dee-9eed-4e09eb27f7d0,1.4,"(-0.7, 1.7, -5.8)","(0.0, 0.0, 0.0)","(0.0, 0.0, 0.0)",
PLAYER_LOCATION,90513,3/20/2024 10:48:04 AM,056553d9-117f-4dee-9eed-4e09eb27f7d0,1.4,"(-0.7, 1.7, -5.8)","(0.0, 0.0, 0.0)","(0.0, 0.0, 0.0)",
PLAYER_LOCATION,91029,3/20/2024 10:48:05 AM,056553d9-117f-4dee-9eed-4e09eb27f7d0,1.4,"(-0.7, 1.7, -5.8)","(0.0, 0.0, 0.0)","(0.0, 0.0, 0.0)",
PLAYER_LOCATION,91029,3/20/2024 10:48:05 AM,056553d9-117f-4dee-9eed-4e09eb27f7d0,1.4,"(-0.7, 1.7, -5.8)","(0.0, 0.0, 0.0)","(0.0, 0.0, 0.0)",
PLAYER_LOCATION,91557,3/20/2024 10:48:06 AM,056553d9-117f-4dee-9eed-4e09eb27f7d0,1.4,"(-0.7, 1.7, -5.8)","(0.0, 0.0, 0.0)","(0.0, 0.0, 0.0)",
PLAYER_LOCATION,91557,3/20/2024 10:48:06 AM,056553d9-117f-4dee-9eed-4e09eb27f7d0,1.4,"(-0.7, 1.7, -5.8)","(0.0, 0.0, 0.0)","(0.0, 0.0, 0.0)",
PLAYER_LOCATION,92105,3/20/2024 10:48:06 AM,056553d9-117f-4dee-9eed-4e09eb27f7d0,1.4,"(-0.8, 1.7, -5.8)","(0.0, 0.0, 0.0)","(0.0, 0.0, 0.0)",
PLAYER_LOCATION,92105,3/20/2024 10:48:06 AM,056553d9-117f-4dee-9eed-4e09eb27f7d0,1.4,"(-0.8, 1.7, -5.8)","(0.0, 0.0, 0.0)","(0.0, 0.0, 0.0)",
PLAYER_LOCATION,92610,3/20/2024 10:48:07 AM,056553d9-117f-4dee-9eed-4e09eb27f7d0,1.4,"(-0.8, 1.7, -5.8)","(0.0, 0.0, 0.0)","(0.0, 0.0, 0.0)",
PLAYER_LOCATION,92610,3/20/2024 10:48:07 AM,056553d9-117f-4dee-9eed-4e09eb27f7d0,1.4,"(-0.8, 1.7, -5.8)","(0.0, 0.0, 0.0)","(0.0, 0.0, 0.0)",
PLAYER_LOCATION,93138,3/20/2024 10:48:07 AM,056553d9-117f-4dee-9eed-4e09eb27f7d0,1.4,"(-0.8, 1.7, -5.8)","(0.0, 0.0, 0.0)","(0.0, 0.0, 0.0)",
PLAYER_LOCATION,93138,3/20/2024 10:48:07 AM,056553d9-117f-4dee-9eed-4e09eb27f7d0,1.4,"(-0.8, 1.7, -5.8)","(0.0, 0.0, 0.0)","(0.0, 0.0, 0.0)",
PLAYER_LOCATION,93666,3/20/2024 10:48:08 AM,056553d9-117f-4dee-9eed-4e09eb27f7d0,1.4,"(-0.8, 1.7, -5.8)","(0.0, 0.0, 0.0)","(0.0, 0.0, 0.0)",
PLAYER_LOCATION,93666,3/20/2024 10:48:08 AM,056553d9-117f-4dee-9eed-4e09eb27f7d0,1.4,"(-0.8, 1.7, -5.8)","(0.0, 0.0, 0.0)","(0.0, 0.0, 0.0)",
