PLAYER_LOCATION,1241,3/20/2024 11:54:23 AM,0c0cc880-b3fb-488d-a468-0e67c17ca176,1.4,"(1.9, 1.8, 1.2)","(0.0, 0.0, 0.0)","(0.0, 0.0, 0.0)",
PLAYER_LOCATION,1241,3/20/2024 11:54:23 AM,0c0cc880-b3fb-488d-a468-0e67c17ca176,1.4,"(1.9, 1.8, 1.2)","(0.0, 0.0, 0.0)","(0.0, 0.0, 0.0)",
PLAYER_LOCATION,1924,3/20/2024 11:54:24 AM,0c0cc880-b3fb-488d-a468-0e67c17ca176,1.4,"(1.9, 1.8, 1.2)","(0.0, 0.0, 0.0)","(0.0, 0.0, 0.0)",
PLAYER_LOCATION,1924,3/20/2024 11:54:24 AM,0c0cc880-b3fb-488d-a468-0e67c17ca176,1.4,"(1.9, 1.8, 1.2)","(0.0, 0.0, 0.0)","(0.0, 0.0, 0.0)",
PLAYER_LOCATION,2249,3/20/2024 11:54:24 AM,0c0cc880-b3fb-488d-a468-0e67c17ca176,1.4,"(1.9, 1.8, 1.2)","(0.0, 0.0, 0.0)","(0.0, 0.0, 0.0)",
PLAYER_LOCATION,2249,3/20/2024 11:54:24 AM,0c0cc880-b3fb-488d-a468-0e67c17ca176,1.4,"(1.9, 1.8, 1.2)","(0.0, 0.0, 0.0)","(0.0, 0.0, 0.0)",
PLAYER_LOCATION,2751,3/20/2024 11:54:25 AM,0c0cc880-b3fb-488d-a468-0e67c17ca176,1.4,"(1.9, 1.8, 1.2)","(0.0, 0.0, 0.0)","(0.0, 0.0, 0.0)",
PLAYER_LOCATION,2751,3/20/2024 11:54:25 AM,0c0cc880-b3fb-488d-a468-0e67c17ca176,1.4,"(1.9, 1.8, 1.2)","(0.0, 0.0, 0.0)","(0.0, 0.0, 0.0)",
PLAYER_LOCATION,3252,3/20/2024 11:54:25 AM,0c0cc880-b3fb-488d-a468-0e67c17ca176,1.4,"(1.9, 1.8, 1.2)","(0.0, 0.0, 0.0)","(0.0, 0.0, 0.0)",
PLAYER_LOCATION,3252,3/20/2024 11:54:25 AM,0c0cc880-b3fb-488d-a468-0e67c17ca176,1.4,"(1.9, 1.8, 1.2)","(0.0, 0.0, 0.0)","(0.0, 0.0, 0.0)",
PLAYER_LOCATION,3752,3/20/2024 11:54:26 AM,0c0cc880-b3fb-488d-a468-0e67c17ca176,1.4,"(1.9, 1.8, 1.2)","(0.0, 0.0, 0.0)","(0.0, 0.0, 0.0)",
PLAYER_LOCATION,3752,3/20/2024 11:54:26 AM,0c0cc880-b3fb-488d-a468-0e67c17ca176,1.4,"(1.9, 1.8, 1.2)","(0.0, 0.0, 0.0)","(0.0, 0.0, 0.0)",
PLAYER_LOCATION,4253,3/20/2024 11:54:26 AM,0c0cc880-b3fb-488d-a468-0e67c17ca176,1.4,"(1.9, 1.8, 1.2)","(0.0, 0.0, 0.0)","(0.0, 0.0, 0.0)",
PLAYER_LOCATION,4253,3/20/2024 11:54:26 AM,0c0cc880-b3fb-488d-a468-0e67c17ca176,1.4,"(1.9, 1.8, 1.2)","(0.0, 0.0, 0.0)","(0.0, 0.0, 0.0)",
PLAYER_LOCATION,4754,3/20/2024 11:54:27 AM,0c0cc880-b3fb-488d-a468-0e67c17ca176,1.4,"(1.9, 1.8, 1.2)","(0.0, 0.0, 0.0)","(0.0, 0.0, 0.0)",
PLAYER_LOCATION,4754,3/20/2024 11:54:27 AM,0c0cc880-b3fb-488d-a468-0e67c17ca176,1.4,"(1.9, 1.8, 1.2)","(0.0, 0.0, 0.0)","(0.0, 0.0, 0.0)",
PLAYER_LOCATION,5254,3/20/2024 11:54:27 AM,0c0cc880-b3fb-488d-a468-0e67c17ca176,1.4,"(1.9, 1.8, 1.2)","(0.0, 0.0, 0.0)","(0.0, 0.0, 0.0)",
PLAYER_LOCATION,5254,3/20/2024 11:54:27 AM,0c0cc880-b3fb-488d-a468-0e67c17ca176,1.4,"(1.9, 1.8, 1.2)","(0.0, 0.0, 0.0)","(0.0, 0.0, 0.0)",
PLAYER_LOCATION,5756,3/20/2024 11:54:28 AM,0c0cc880-b3fb-488d-a468-0e67c17ca176,1.4,"(1.9, 1.8, 1.2)","(0.0, 0.0, 0.0)","(0.0, 0.0, 0.0)",
PLAYER_LOCATION,5756,3/20/2024 11:54:28 AM,0c0cc880-b3fb-488d-a468-0e67c17ca176,1.4,"(1.9, 1.8, 1.2)","(0.0, 0.0, 0.0)","(0.0, 0.0, 0.0)",
PLAYER_LOCATION,6258,3/20/2024 11:54:28 AM,0c0cc880-b3fb-488d-a468-0e67c17ca176,1.4,"(1.9, 1.8, 1.2)","(0.0, 0.0, 0.0)","(0.0, 0.0, 0.0)",
PLAYER_LOCATION,6258,3/20/2024 11:54:28 AM,0c0cc880-b3fb-488d-a468-0e67c17ca176,1.4,"(1.9, 1.8, 1.2)","(0.0, 0.0, 0.0)","(0.0, 0.0, 0.0)",
PLAYER_LOCATION,6765,3/20/2024 11:54:29 AM,0c0cc880-b3fb-488d-a468-0e67c17ca176,1.4,"(1.9, 1.8, 1.2)","(0.0, 0.0, 0.0)","(0.0, 0.0, 0.0)",
PLAYER_LOCATION,6765,3/20/2024 11:54:29 AM,0c0cc880-b3fb-488d-a468-0e67c17ca176,1.4,"(1.9, 1.8, 1.2)","(0.0, 0.0, 0.0)","(0.0, 0.0, 0.0)",
PLAYER_LOCATION,7265,3/20/2024 11:54:29 AM,0c0cc880-b3fb-488d-a468-0e67c17ca176,1.4,"(1.9, 1.8, 1.2)","(0.0, 0.0, 0.0)","(0.0, 0.0, 0.0)",
PLAYER_LOCATION,7265,3/20/2024 11:54:29 AM,0c0cc880-b3fb-488d-a468-0e67c17ca176,1.4,"(1.9, 1.8, 1.2)","(0.0, 0.0, 0.0)","(0.0, 0.0, 0.0)",
PLAYER_LOCATION,7766,3/20/2024 11:54:30 AM,0c0cc880-b3fb-488d-a468-0e67c17ca176,1.4,"(1.9, 1.8, 1.2)","(0.0, 0.0, 0.0)","(0.0, 0.0, 0.0)",
PLAYER_LOCATION,7766,3/20/2024 11:54:30 AM,0c0cc880-b3fb-488d-a468-0e67c17ca176,1.4,"(1.9, 1.8, 1.2)","(0.0, 0.0, 0.0)","(0.0, 0.0, 0.0)",
PLAYER_LOCATION,8266,3/20/2024 11:54:30 AM,0c0cc880-b3fb-488d-a468-0e67c17ca176,1.4,"(1.9, 1.8, 1.2)","(0.0, 0.0, 0.0)","(0.0, 0.0, 0.0)",
PLAYER_LOCATION,8266,3/20/2024 11:54:30 AM,0c0cc880-b3fb-488d-a468-0e67c17ca176,1.4,"(1.9, 1.8, 1.2)","(0.0, 0.0, 0.0)","(0.0, 0.0, 0.0)",
PLAYER_LOCATION,8767,3/20/2024 11:54:31 AM,0c0cc880-b3fb-488d-a468-0e67c17ca176,1.4,"(1.9, 1.8, 1.2)","(0.0, 0.0, 0.0)","(0.0, 0.0, 0.0)",
PLAYER_LOCATION,8767,3/20/2024 11:54:31 AM,0c0cc880-b3fb-488d-a468-0e67c17ca176,1.4,"(1.9, 1.8, 1.2)","(0.0, 0.0, 0.0)","(0.0, 0.0, 0.0)",
PLAYER_LOCATION,9268,3/20/2024 11:54:31 AM,0c0cc880-b3fb-488d-a468-0e67c17ca176,1.4,"(1.9, 1.8, 1.2)","(0.0, 0.0, 0.0)","(0.0, 0.0, 0.0)",
PLAYER_LOCATION,9268,3/20/2024 11:54:31 AM,0c0cc880-b3fb-488d-a468-0e67c17ca176,1.4,"(1.9, 1.8, 1.2)","(0.0, 0.0, 0.0)","(0.0, 0.0, 0.0)",
PLAYER_LOCATION,9769,3/20/2024 11:54:32 AM,0c0cc880-b3fb-488d-a468-0e67c17ca176,1.4,"(1.9, 1.8, 1.2)","(0.0, 0.0, 0.0)","(0.0, 0.0, 0.0)",
PLAYER_LOCATION,9769,3/20/2024 11:54:32 AM,0c0cc880-b3fb-488d-a468-0e67c17ca176,1.4,"(1.9, 1.8, 1.2)","(0.0, 0.0, 0.0)","(0.0, 0.0, 0.0)",
PLAYER_LOCATION,10271,3/20/2024 11:54:32 AM,0c0cc880-b3fb-488d-a468-0e67c17ca176,1.4,"(1.9, 1.8, 1.2)","(0.0, 0.0, 0.0)","(0.0, 0.0, 0.0)",
PLAYER_LOCATION,10271,3/20/2024 11:54:32 AM,0c0cc880-b3fb-488d-a468-0e67c17ca176,1.4,"(1.9, 1.8, 1.2)","(0.0, 0.0, 0.0)","(0.0, 0.0, 0.0)",
PLAYER_LOCATION,10772,3/20/2024 11:54:33 AM,0c0cc880-b3fb-488d-a468-0e67c17ca176,1.4,"(1.9, 1.8, 1.2)","(0.0, 0.0, 0.0)","(0.0, 0.0, 0.0)",
PLAYER_LOCATION,10772,3/20/2024 11:54:33 AM,0c0cc880-b3fb-488d-a468-0e67c17ca176,1.4,"(1.9, 1.8, 1.2)","(0.0, 0.0, 0.0)","(0.0, 0.0, 0.0)",
PLAYER_LOCATION,11282,3/20/2024 11:54:33 AM,0c0cc880-b3fb-488d-a468-0e67c17ca176,1.4,"(1.9, 1.8, 1.2)","(0.0, 0.0, 0.0)","(0.0, 0.0, 0.0)",
PLAYER_LOCATION,11282,3/20/2024 11:54:33 AM,0c0cc880-b3fb-488d-a468-0e67c17ca176,1.4,"(1.9, 1.8, 1.2)","(0.0, 0.0, 0.0)","(0.0, 0.0, 0.0)",
PLAYER_LOCATION,11782,3/20/2024 11:54:34 AM,0c0cc880-b3fb-488d-a468-0e67c17ca176,1.4,"(1.9, 1.8, 1.2)","(0.0, 0.0, 0.0)","(0.0, 0.0, 0.0)",
PLAYER_LOCATION,11782,3/20/2024 11:54:34 AM,0c0cc880-b3fb-488d-a468-0e67c17ca176,1.4,"(1.9, 1.8, 1.2)","(0.0, 0.0, 0.0)","(0.0, 0.0, 0.0)",
PLAYER_LOCATION,12283,3/20/2024 11:54:34 AM,0c0cc880-b3fb-488d-a468-0e67c17ca176,1.4,"(1.9, 1.8, 1.2)","(0.0, 0.0, 0.0)","(0.0, 0.0, 0.0)",
PLAYER_LOCATION,12283,3/20/2024 11:54:34 AM,0c0cc880-b3fb-488d-a468-0e67c17ca176,1.4,"(1.9, 1.8, 1.2)","(0.0, 0.0, 0.0)","(0.0, 0.0, 0.0)",
PLAYER_LOCATION,12784,3/20/2024 11:54:35 AM,0c0cc880-b3fb-488d-a468-0e67c17ca176,1.4,"(1.9, 1.8, 1.2)","(0.0, 0.0, 0.0)","(0.0, 0.0, 0.0)",
PLAYER_LOCATION,12784,3/20/2024 11:54:35 AM,0c0cc880-b3fb-488d-a468-0e67c17ca176,1.4,"(1.9, 1.8, 1.2)","(0.0, 0.0, 0.0)","(0.0, 0.0, 0.0)",
PLAYER_LOCATION,13284,3/20/2024 11:54:35 AM,0c0cc880-b3fb-488d-a468-0e67c17ca176,1.4,"(1.9, 1.8, 1.2)","(0.0, 0.0, 0.0)","(0.0, 0.0, 0.0)",
PLAYER_LOCATION,13284,3/20/2024 11:54:35 AM,0c0cc880-b3fb-488d-a468-0e67c17ca176,1.4,"(1.9, 1.8, 1.2)","(0.0, 0.0, 0.0)","(0.0, 0.0, 0.0)",
PLAYER_LOCATION,13785,3/20/2024 11:54:36 AM,0c0cc880-b3fb-488d-a468-0e67c17ca176,1.4,"(1.9, 1.8, 1.2)","(0.0, 0.0, 0.0)","(0.0, 0.0, 0.0)",
PLAYER_LOCATION,13785,3/20/2024 11:54:36 AM,0c0cc880-b3fb-488d-a468-0e67c17ca176,1.4,"(1.9, 1.8, 1.2)","(0.0, 0.0, 0.0)","(0.0, 0.0, 0.0)",
PLAYER_LOCATION,14287,3/20/2024 11:54:36 AM,0c0cc880-b3fb-488d-a468-0e67c17ca176,1.4,"(1.9, 1.8, 1.2)","(0.0, 0.0, 0.0)","(0.0, 0.0, 0.0)",
PLAYER_LOCATION,14287,3/20/2024 11:54:36 AM,0c0cc880-b3fb-488d-a468-0e67c17ca176,1.4,"(1.9, 1.8, 1.2)","(0.0, 0.0, 0.0)","(0.0, 0.0, 0.0)",
PLAYER_LOCATION,14788,3/20/2024 11:54:37 AM,0c0cc880-b3fb-488d-a468-0e67c17ca176,1.4,"(1.9, 1.8, 1.2)","(0.0, 0.0, 0.0)","(0.0, 0.0, 0.0)",
PLAYER_LOCATION,14788,3/20/2024 11:54:37 AM,0c0cc880-b3fb-488d-a468-0e67c17ca176,1.4,"(1.9, 1.8, 1.2)","(0.0, 0.0, 0.0)","(0.0, 0.0, 0.0)",
PLAYER_LOCATION,15288,3/20/2024 11:54:37 AM,0c0cc880-b3fb-488d-a468-0e67c17ca176,1.4,"(1.9, 1.8, 1.2)","(0.0, 0.0, 0.0)","(0.0, 0.0, 0.0)",
PLAYER_LOCATION,15288,3/20/2024 11:54:37 AM,0c0cc880-b3fb-488d-a468-0e67c17ca176,1.4,"(1.9, 1.8, 1.2)","(0.0, 0.0, 0.0)","(0.0, 0.0, 0.0)",
PLAYER_LOCATION,23158,3/20/2024 11:54:45 AM,0c0cc880-b3fb-488d-a468-0e67c17ca176,1.4,"(-21.7, 1.8, -4.0)","(0.0, 0.0, 0.0)","(0.0, 0.0, 0.0)",
PLAYER_LOCATION,23158,3/20/2024 11:54:45 AM,0c0cc880-b3fb-488d-a468-0e67c17ca176,1.4,"(-21.7, 1.8, -4.0)","(0.0, 0.0, 0.0)","(0.0, 0.0, 0.0)",
PATIENT_DEMOTED,23334,3/20/2024 11:54:46 AM,0c0cc880-b3fb-488d-a468-0e67c17ca176,1.4,100,Infinity,Patient U Root,"(-22.3, 0.0, -11.0)","(0.0, 0.4, 0.0, 0.9)",DELAYED,waver,normal,normal,normal,upset,sittingGround,
PATIENT_DEMOTED,23463,3/20/2024 11:54:46 AM,0c0cc880-b3fb-488d-a468-0e67c17ca176,1.4,100,Infinity,Patient V Root,"(-19.2, 0.0, -10.4)","(0.0, -0.3, 0.0, 1.0)",IMMEDIATE,waver,fast,fast,normal,agony,supine,
PATIENT_DEMOTED,23464,3/20/2024 11:54:46 AM,0c0cc880-b3fb-488d-a468-0e67c17ca176,1.4,100,Infinity,Patient W Root,"(-14.6, 0.0, 4.9)","(0.0, 0.8, 0.0, 0.6)",DELAYED,waver,normal,normal,normal,agony,supine,
PLAYER_LOCATION,24029,3/20/2024 11:54:46 AM,0c0cc880-b3fb-488d-a468-0e67c17ca176,1.4,"(-21.7, 1.8, -4.0)","(0.0, 0.0, 0.0)","(0.0, 0.0, 0.0)",
PLAYER_LOCATION,24029,3/20/2024 11:54:46 AM,0c0cc880-b3fb-488d-a468-0e67c17ca176,1.4,"(-21.7, 1.8, -4.0)","(0.0, 0.0, 0.0)","(0.0, 0.0, 0.0)",
PATIENT_DEMOTED,24056,3/20/2024 11:54:46 AM,0c0cc880-b3fb-488d-a468-0e67c17ca176,1.4,100,Infinity,Adept Shooter Root,"(20.4, 8.3, -24.8)","(0.0, -1.0, 0.0, 0.2)",IMMEDIATE,still,fast,fast,normal,dead,supine,
PATIENT_DEMOTED,24056,3/20/2024 11:54:46 AM,0c0cc880-b3fb-488d-a468-0e67c17ca176,1.4,100,Infinity,Adept Victim Root,"(21.1, 8.3, -28.5)","(0.0, -0.1, 0.0, 1.0)",EXPECTANT,still,faint,restricted,normal,dead,supine,
PLAYER_LOCATION,24258,3/20/2024 11:54:46 AM,0c0cc880-b3fb-488d-a468-0e67c17ca176,1.4,"(-21.7, 1.8, -4.0)","(0.0, 0.0, 0.0)","(0.0, 0.0, 0.0)",
PLAYER_LOCATION,24258,3/20/2024 11:54:46 AM,0c0cc880-b3fb-488d-a468-0e67c17ca176,1.4,"(-21.7, 1.8, -4.0)","(0.0, 0.0, 0.0)","(0.0, 0.0, 0.0)",
PATIENT_DEMOTED,24726,3/20/2024 11:54:47 AM,0c0cc880-b3fb-488d-a468-0e67c17ca176,1.4,100,Infinity,Marine 1 Male Root,"(5.5, 0.0, 21.4)","(0.0, -1.0, 0.0, 0.2)",EXPECTANT,still,faint,restricted,normal,dead,supine,
PATIENT_DEMOTED,24994,3/20/2024 11:54:47 AM,0c0cc880-b3fb-488d-a468-0e67c17ca176,1.4,100,Infinity,Marine 2 Male Root,"(5.6, 0.0, 10.7)","(0.0, -0.9, 0.0, 0.4)",IMMEDIATE,waver,fast,normal,normal,upset,sittingGround,
PATIENT_DEMOTED,24995,3/20/2024 11:54:47 AM,0c0cc880-b3fb-488d-a468-0e67c17ca176,1.4,100,Infinity,Marine 3 Male Root,"(5.4, 0.0, 10.9)","(0.0, 1.0, 0.0, 0.2)",IMMEDIATE,waver,fast,fast,normal,agony,supine,
PLAYER_LOCATION,24996,3/20/2024 11:54:47 AM,0c0cc880-b3fb-488d-a468-0e67c17ca176,1.4,"(-21.7, 1.8, -4.0)","(0.0, 0.0, 0.0)","(0.0, 0.0, 0.0)",
PLAYER_LOCATION,24996,3/20/2024 11:54:47 AM,0c0cc880-b3fb-488d-a468-0e67c17ca176,1.4,"(-21.7, 1.8, -4.0)","(0.0, 0.0, 0.0)","(0.0, 0.0, 0.0)",
PATIENT_DEMOTED,25280,3/20/2024 11:54:47 AM,0c0cc880-b3fb-488d-a468-0e67c17ca176,1.4,100,Infinity,Marine 4 Male Root,"(5.7, 0.0, 19.1)","(0.0, -0.8, 0.0, 0.5)",IMMEDIATE,waver,fast,fast,normal,agony,sittingGround,
PATIENT_DEMOTED,25334,3/20/2024 11:54:48 AM,0c0cc880-b3fb-488d-a468-0e67c17ca176,1.4,100,Infinity,Civilian 1 Female Root,"(5.9, 0.0, 5.1)","(0.0, 0.1, 0.0, 1.0)",IMMEDIATE,waver,fast,fast,normal,agony,supine,
PLAYER_LOCATION,25489,3/20/2024 11:54:48 AM,0c0cc880-b3fb-488d-a468-0e67c17ca176,1.4,"(-21.7, 1.8, -4.0)","(0.0, 0.0, 0.0)","(0.0, 0.0, 0.0)",
PLAYER_LOCATION,25489,3/20/2024 11:54:48 AM,0c0cc880-b3fb-488d-a468-0e67c17ca176,1.4,"(-21.7, 1.8, -4.0)","(0.0, 0.0, 0.0)","(0.0, 0.0, 0.0)",
SESSION_START,25877,3/20/2024 11:54:48 AM,0c0cc880-b3fb-488d-a468-0e67c17ca176,1.4,
PATIENT_RECORD,25878,3/20/2024 11:54:48 AM,0c0cc880-b3fb-488d-a468-0e67c17ca176,1.4,100,Infinity,Patient U Root,"(-22.5, 0.0, -10.7)","(0.0, 0.4, 0.0, 0.9)",DELAYED,waver,normal,normal,normal,normal,upset,sittingGround,
INJURY_RECORD,25879,3/20/2024 11:54:48 AM,0c0cc880-b3fb-488d-a468-0e67c17ca176,1.4,R Forearm Laceration,Patient U Root,gauzePressure,low,rightArm,False,False,"(-22.1, 1.4, -11.1)",
PATIENT_RECORD,25879,3/20/2024 11:54:48 AM,0c0cc880-b3fb-488d-a468-0e67c17ca176,1.4,100,Infinity,Patient V Root,"(-19.6, 0.0, -10.0)","(0.0, -0.3, 0.0, 1.0)",IMMEDIATE,waver,fast,fast,normal,low,agony,supine,
INJURY_RECORD,25879,3/20/2024 11:54:48 AM,0c0cc880-b3fb-488d-a468-0e67c17ca176,1.4,L Shin Amputation,Patient V Root,tourniquet,high,leftLeg,False,False,"(-19.7, 0.4, -10.0)",
PATIENT_RECORD,25879,3/20/2024 11:54:48 AM,0c0cc880-b3fb-488d-a468-0e67c17ca176,1.4,100,Infinity,Patient W Root,"(-14.0, 0.0, 5.0)","(0.0, 0.8, 0.0, 0.6)",DELAYED,waver,normal,normal,normal,normal,agony,supine,
INJURY_RECORD,25879,3/20/2024 11:54:48 AM,0c0cc880-b3fb-488d-a468-0e67c17ca176,1.4,L Leg Broken,Patient W Root,splint,medium,leftLeg,False,False,"(-13.8, 0.0, 5.1)",
PATIENT_RECORD,25879,3/20/2024 11:54:48 AM,0c0cc880-b3fb-488d-a468-0e67c17ca176,1.4,100,Infinity,Patient X Root,"(-18.4, 0.0, 4.0)","(0.0, -0.7, 0.0, 0.7)",MINIMAL,walker,normal,collapsedLeft,normal,normal,upset,supine,
INJURY_RECORD,25879,3/20/2024 11:54:48 AM,0c0cc880-b3fb-488d-a468-0e67c17ca176,1.4,L Chest Collapse,Patient X Root,decompress,high,chest,False,False,"(0.0, 0.0, 0.0)",
INJURY_RECORD,25879,3/20/2024 11:54:48 AM,0c0cc880-b3fb-488d-a468-0e67c17ca176,1.4,L Shoulder Broken,Patient X Root,splint,medium,leftArm,False,False,"(-18.3, 1.4, 3.6)",
PATIENT_RECORD,25879,3/20/2024 11:54:48 AM,0c0cc880-b3fb-488d-a468-0e67c17ca176,1.4,100,Infinity,Adept Shooter Root,"(20.7, 8.3, -25.3)","(0.0, -1.0, 0.0, 0.2)",IMMEDIATE,still,fast,fast,normal,low,dead,supine,
INJURY_RECORD,25879,3/20/2024 11:54:48 AM,0c0cc880-b3fb-488d-a468-0e67c17ca176,1.4,R Shoulder Puncture,Adept Shooter Root,woundpack,medium,chest,False,False,"(20.6, 9.8, -25.3)",
INJURY_RECORD,25879,3/20/2024 11:54:48 AM,0c0cc880-b3fb-488d-a468-0e67c17ca176,1.4,R Bicep Puncture,Adept Shooter Root,tourniquet,medium,rightArm,False,False,"(20.3, 9.7, -25.1)",
PATIENT_RECORD,25879,3/20/2024 11:54:48 AM,0c0cc880-b3fb-488d-a468-0e67c17ca176,1.4,100,Infinity,Adept Victim Root,"(20.7, 8.3, -28.4)","(0.0, -0.1, 0.0, 1.0)",EXPECTANT,still,faint,restricted,normal,low,dead,supine,
INJURY_RECORD,25879,3/20/2024 11:54:48 AM,0c0cc880-b3fb-488d-a468-0e67c17ca176,1.4,R Shoulder Puncture,Adept Victim Root,woundpack,medium,chest,False,False,"(20.8, 9.7, -28.3)",
INJURY_RECORD,25879,3/20/2024 11:54:48 AM,0c0cc880-b3fb-488d-a468-0e67c17ca176,1.4,R Bicep Puncture,Adept Victim Root,tourniquet,medium,rightArm,False,False,"(21.0, 9.7, -28.3)",
INJURY_RECORD,25879,3/20/2024 11:54:48 AM,0c0cc880-b3fb-488d-a468-0e67c17ca176,1.4,R Stomach Puncture,Adept Victim Root,woundpack,high,abdomen,False,False,"(20.7, 9.4, -28.2)",
PATIENT_RECORD,25879,3/20/2024 11:54:48 AM,0c0cc880-b3fb-488d-a468-0e67c17ca176,1.4,100,Infinity,NPC 1 Root,"(17.8, 8.3, -24.4)","(0.0, 0.9, 0.0, 0.5)",MINIMAL,walker,normal,normal,normal,normal,calm,standing,
PATIENT_RECORD,25879,3/20/2024 11:54:48 AM,0c0cc880-b3fb-488d-a468-0e67c17ca176,1.4,100,Infinity,NPC 2 Root,"(21.8, 8.3, -29.7)","(0.0, -0.5, 0.0, 0.8)",MINIMAL,walker,normal,normal,normal,normal,calm,standing,
PATIENT_RECORD,25879,3/20/2024 11:54:48 AM,0c0cc880-b3fb-488d-a468-0e67c17ca176,1.4,100,Infinity,NPC 3 Root,"(19.0, 8.6, -24.3)","(0.0, 1.0, 0.0, 0.1)",MINIMAL,walker,normal,normal,normal,normal,calm,standing,
PATIENT_RECORD,25879,3/20/2024 11:54:48 AM,0c0cc880-b3fb-488d-a468-0e67c17ca176,1.4,100,0,NPC 4 Root,"(19.5, 8.3, -28.9)","(0.0, 0.4, 0.0, 0.9)",MINIMAL,walker,normal,normal,normal,normal,calm,standing,
PATIENT_RECORD,25879,3/20/2024 11:54:48 AM,0c0cc880-b3fb-488d-a468-0e67c17ca176,1.4,100,Infinity,Marine 1 Male Root,"(7.5, 0.0, 21.0)","(0.0, -1.0, 0.0, 0.2)",EXPECTANT,still,faint,restricted,normal,low,dead,supine,
INJURY_RECORD,25879,3/20/2024 11:54:48 AM,0c0cc880-b3fb-488d-a468-0e67c17ca176,1.4,L Stomach Puncture,Marine 1 Male Root,woundpack,high,abdomen,False,False,"(7.5, 1.1, 20.8)",
INJURY_RECORD,25879,3/20/2024 11:54:48 AM,0c0cc880-b3fb-488d-a468-0e67c17ca176,1.4,R Stomach Puncture,Marine 1 Male Root,woundpack,high,abdomen,False,False,"(7.4, 1.1, 20.9)",
INJURY_RECORD,25879,3/20/2024 11:54:48 AM,0c0cc880-b3fb-488d-a468-0e67c17ca176,1.4,L Thigh Puncture,Marine 1 Male Root,tourniquet,medium,leftHand,False,False,"(7.6, 0.6, 20.9)",
INJURY_RECORD,25879,3/20/2024 11:54:48 AM,0c0cc880-b3fb-488d-a468-0e67c17ca176,1.4,R Thigh Puncture,Marine 1 Male Root,tourniquet,medium,rightLeg,False,False,"(7.4, 0.6, 20.9)",
INJURY_RECORD,25879,3/20/2024 11:54:48 AM,0c0cc880-b3fb-488d-a468-0e67c17ca176,1.4,L Neck Puncture,Marine 1 Male Root,woundpack,high,neck,False,False,"(7.5, 1.5, 20.9)",
PATIENT_RECORD,25879,3/20/2024 11:54:48 AM,0c0cc880-b3fb-488d-a468-0e67c17ca176,1.4,100,Infinity,Marine 2 Male Root,"(14.4, 1.0, 9.6)","(0.0, -0.9, 0.0, 0.4)",IMMEDIATE,waver,fast,normal,normal,low,upset,sittingGround,
INJURY_RECORD,25879,3/20/2024 11:54:48 AM,0c0cc880-b3fb-488d-a468-0e67c17ca176,1.4,R Thigh Puncture,Marine 2 Male Root,tourniquet,medium,rightLeg,False,False,"(14.3, 1.6, 9.6)",
INJURY_RECORD,25879,3/20/2024 11:54:48 AM,0c0cc880-b3fb-488d-a468-0e67c17ca176,1.4,L Shoulder Broken,Marine 2 Male Root,splint,medium,leftArm,False,False,"(14.7, 2.4, 9.3)",
PATIENT_RECORD,25879,3/20/2024 11:54:48 AM,0c0cc880-b3fb-488d-a468-0e67c17ca176,1.4,100,Infinity,Marine 3 Male Root,"(11.8, 0.0, 10.3)","(0.0, 1.0, 0.0, 0.2)",IMMEDIATE,waver,fast,fast,normal,low,agony,supine,
INJURY_RECORD,25879,3/20/2024 11:54:48 AM,0c0cc880-b3fb-488d-a468-0e67c17ca176,1.4,R Stomach Puncture,Marine 3 Male Root,woundpack,high,abdomen,False,False,"(11.7, 1.1, 10.2)",
INJURY_RECORD,25879,3/20/2024 11:54:48 AM,0c0cc880-b3fb-488d-a468-0e67c17ca176,1.4,L Leg Broken,Marine 3 Male Root,splint,high,leftLeg,False,False,"(11.9, 0.0, 10.2)",
INJURY_RECORD,25879,3/20/2024 11:54:48 AM,0c0cc880-b3fb-488d-a468-0e67c17ca176,1.4,R Leg Broken,Marine 3 Male Root,splint,high,rightLeg,False,False,"(11.7, 0.0, 10.2)",
PATIENT_RECORD,25879,3/20/2024 11:54:48 AM,0c0cc880-b3fb-488d-a468-0e67c17ca176,1.4,100,Infinity,Marine 4 Male Root,"(10.0, 0.0, 18.7)","(0.0, -0.8, 0.0, 0.5)",IMMEDIATE,waver,fast,fast,normal,low,agony,sittingGround,
INJURY_RECORD,25879,3/20/2024 11:54:48 AM,0c0cc880-b3fb-488d-a468-0e67c17ca176,1.4,L Bicep Puncture,Marine 4 Male Root,tourniquet,medium,leftArm,False,False,"(10.2, 1.4, 18.4)",
INJURY_RECORD,25880,3/20/2024 11:54:48 AM,0c0cc880-b3fb-488d-a468-0e67c17ca176,1.4,L Shoulder Puncture,Marine 4 Male Root,woundpack,medium,chest,False,False,"(10.0, 1.5, 18.6)",
PATIENT_RECORD,25880,3/20/2024 11:54:48 AM,0c0cc880-b3fb-488d-a468-0e67c17ca176,1.4,100,Infinity,Civilian 1 Female Root,"(13.1, 0.0, 5.3)","(0.0, 0.1, 0.0, 1.0)",IMMEDIATE,waver,fast,fast,normal,normal,agony,supine,
INJURY_RECORD,25880,3/20/2024 11:54:48 AM,0c0cc880-b3fb-488d-a468-0e67c17ca176,1.4,L Bicep Puncture,Civilian 1 Female Root,tourniquet,medium,leftArm,False,False,"(12.7, 1.3, 5.4)",
INJURY_RECORD,25880,3/20/2024 11:54:48 AM,0c0cc880-b3fb-488d-a468-0e67c17ca176,1.4,L Leg Broken,Civilian 1 Female Root,splint,high,leftLeg,False,False,"(13.0, 0.0, 5.4)",
INJURY_RECORD,25880,3/20/2024 11:54:48 AM,0c0cc880-b3fb-488d-a468-0e67c17ca176,1.4,R Shoulder Broken,Civilian 1 Female Root,splint,medium,rightArm,False,False,"(13.5, 1.3, 5.2)",
PLAYER_LOCATION,26044,3/20/2024 11:54:48 AM,0c0cc880-b3fb-488d-a468-0e67c17ca176,1.4,"(-21.7, 1.8, -4.0)","(0.0, 0.0, 0.0)","(0.0, 0.0, 0.0)",
PLAYER_LOCATION,26044,3/20/2024 11:54:48 AM,0c0cc880-b3fb-488d-a468-0e67c17ca176,1.4,"(-21.7, 1.8, -4.0)","(0.0, 0.0, 0.0)","(0.0, 0.0, 0.0)",
PLAYER_LOCATION,26550,3/20/2024 11:54:49 AM,0c0cc880-b3fb-488d-a468-0e67c17ca176,1.4,"(-21.7, 1.8, -4.0)","(0.0, 0.0, 0.0)","(0.0, 0.0, 0.0)",
PLAYER_LOCATION,26550,3/20/2024 11:54:49 AM,0c0cc880-b3fb-488d-a468-0e67c17ca176,1.4,"(-21.7, 1.8, -4.0)","(0.0, 0.0, 0.0)","(0.0, 0.0, 0.0)",
PLAYER_LOCATION,27109,3/20/2024 11:54:49 AM,0c0cc880-b3fb-488d-a468-0e67c17ca176,1.4,"(-21.7, 1.8, -4.0)","(0.0, 0.0, 0.0)","(0.0, 0.0, 0.0)",
PLAYER_LOCATION,27109,3/20/2024 11:54:49 AM,0c0cc880-b3fb-488d-a468-0e67c17ca176,1.4,"(-21.7, 1.8, -4.0)","(0.0, 0.0, 0.0)","(0.0, 0.0, 0.0)",
PLAYER_LOCATION,27637,3/20/2024 11:54:50 AM,0c0cc880-b3fb-488d-a468-0e67c17ca176,1.4,"(-21.7, 1.8, -4.0)","(0.0, 0.0, 0.0)","(0.0, 0.0, 0.0)",
PLAYER_LOCATION,27637,3/20/2024 11:54:50 AM,0c0cc880-b3fb-488d-a468-0e67c17ca176,1.4,"(-21.7, 1.8, -4.0)","(0.0, 0.0, 0.0)","(0.0, 0.0, 0.0)",
PLAYER_LOCATION,28171,3/20/2024 11:54:50 AM,0c0cc880-b3fb-488d-a468-0e67c17ca176,1.4,"(-21.7, 1.8, -4.0)","(0.0, 0.0, 0.0)","(0.0, 0.0, 0.0)",
PLAYER_LOCATION,28171,3/20/2024 11:54:50 AM,0c0cc880-b3fb-488d-a468-0e67c17ca176,1.4,"(-21.7, 1.8, -4.0)","(0.0, 0.0, 0.0)","(0.0, 0.0, 0.0)",
PLAYER_LOCATION,28680,3/20/2024 11:54:51 AM,0c0cc880-b3fb-488d-a468-0e67c17ca176,1.4,"(-21.7, 1.8, -4.0)","(0.0, 0.0, 0.0)","(0.0, 0.0, 0.0)",
PLAYER_LOCATION,28680,3/20/2024 11:54:51 AM,0c0cc880-b3fb-488d-a468-0e67c17ca176,1.4,"(-21.7, 1.8, -4.0)","(0.0, 0.0, 0.0)","(0.0, 0.0, 0.0)",
PLAYER_LOCATION,29189,3/20/2024 11:54:51 AM,0c0cc880-b3fb-488d-a468-0e67c17ca176,1.4,"(-21.7, 1.8, -4.0)","(0.0, 0.0, 0.0)","(0.0, 0.0, 0.0)",
PLAYER_LOCATION,29189,3/20/2024 11:54:51 AM,0c0cc880-b3fb-488d-a468-0e67c17ca176,1.4,"(-21.7, 1.8, -4.0)","(0.0, 0.0, 0.0)","(0.0, 0.0, 0.0)",
PLAYER_LOCATION,29701,3/20/2024 11:54:52 AM,0c0cc880-b3fb-488d-a468-0e67c17ca176,1.4,"(-21.7, 1.8, -4.0)","(0.0, 0.0, 0.0)","(0.0, 0.0, 0.0)",
PLAYER_LOCATION,29701,3/20/2024 11:54:52 AM,0c0cc880-b3fb-488d-a468-0e67c17ca176,1.4,"(-21.7, 1.8, -4.0)","(0.0, 0.0, 0.0)","(0.0, 0.0, 0.0)",
PLAYER_LOCATION,30231,3/20/2024 11:54:52 AM,0c0cc880-b3fb-488d-a468-0e67c17ca176,1.4,"(-21.7, 1.8, -4.0)","(0.0, 0.0, 0.0)","(0.0, 0.0, 0.0)",
PLAYER_LOCATION,30231,3/20/2024 11:54:52 AM,0c0cc880-b3fb-488d-a468-0e67c17ca176,1.4,"(-21.7, 1.8, -4.0)","(0.0, 0.0, 0.0)","(0.0, 0.0, 0.0)",
PLAYER_LOCATION,30752,3/20/2024 11:54:53 AM,0c0cc880-b3fb-488d-a468-0e67c17ca176,1.4,"(-21.7, 1.8, -4.0)","(0.0, 0.0, 0.0)","(0.0, 0.0, 0.0)",
PLAYER_LOCATION,30752,3/20/2024 11:54:53 AM,0c0cc880-b3fb-488d-a468-0e67c17ca176,1.4,"(-21.7, 1.8, -4.0)","(0.0, 0.0, 0.0)","(0.0, 0.0, 0.0)",
PLAYER_LOCATION,31272,3/20/2024 11:54:53 AM,0c0cc880-b3fb-488d-a468-0e67c17ca176,1.4,"(-21.7, 1.8, -4.0)","(0.0, 0.0, 0.0)","(0.0, 0.0, 0.0)",
PLAYER_LOCATION,31272,3/20/2024 11:54:53 AM,0c0cc880-b3fb-488d-a468-0e67c17ca176,1.4,"(-21.7, 1.8, -4.0)","(0.0, 0.0, 0.0)","(0.0, 0.0, 0.0)",
PLAYER_LOCATION,31786,3/20/2024 11:54:54 AM,0c0cc880-b3fb-488d-a468-0e67c17ca176,1.4,"(-21.7, 1.8, -4.0)","(0.0, 0.0, 0.0)","(0.0, 0.0, 0.0)",
PLAYER_LOCATION,31786,3/20/2024 11:54:54 AM,0c0cc880-b3fb-488d-a468-0e67c17ca176,1.4,"(-21.7, 1.8, -4.0)","(0.0, 0.0, 0.0)","(0.0, 0.0, 0.0)",
PLAYER_LOCATION,32289,3/20/2024 11:54:54 AM,0c0cc880-b3fb-488d-a468-0e67c17ca176,1.4,"(-21.7, 1.8, -4.0)","(0.0, 0.0, 0.0)","(0.0, 0.0, 0.0)",
PLAYER_LOCATION,32289,3/20/2024 11:54:54 AM,0c0cc880-b3fb-488d-a468-0e67c17ca176,1.4,"(-21.7, 1.8, -4.0)","(0.0, 0.0, 0.0)","(0.0, 0.0, 0.0)",
PLAYER_LOCATION,32796,3/20/2024 11:54:55 AM,0c0cc880-b3fb-488d-a468-0e67c17ca176,1.4,"(-21.7, 1.8, -4.0)","(0.0, 0.0, 0.0)","(0.0, 0.0, 0.0)",
PLAYER_LOCATION,32796,3/20/2024 11:54:55 AM,0c0cc880-b3fb-488d-a468-0e67c17ca176,1.4,"(-21.7, 1.8, -4.0)","(0.0, 0.0, 0.0)","(0.0, 0.0, 0.0)",
PLAYER_LOCATION,33314,3/20/2024 11:54:56 AM,0c0cc880-b3fb-488d-a468-0e67c17ca176,1.4,"(-21.7, 1.8, -4.0)","(0.0, 0.0, 0.0)","(0.0, 0.0, 0.0)",
PLAYER_LOCATION,33314,3/20/2024 11:54:56 AM,0c0cc880-b3fb-488d-a468-0e67c17ca176,1.4,"(-21.7, 1.8, -4.0)","(0.0, 0.0, 0.0)","(0.0, 0.0, 0.0)",
PLAYER_LOCATION,33819,3/20/2024 11:54:56 AM,0c0cc880-b3fb-488d-a468-0e67c17ca176,1.4,"(-21.7, 1.8, -4.0)","(0.0, 0.0, 0.0)","(0.0, 0.0, 0.0)",
PLAYER_LOCATION,33819,3/20/2024 11:54:56 AM,0c0cc880-b3fb-488d-a468-0e67c17ca176,1.4,"(-21.7, 1.8, -4.0)","(0.0, 0.0, 0.0)","(0.0, 0.0, 0.0)",
PLAYER_LOCATION,34322,3/20/2024 11:54:57 AM,0c0cc880-b3fb-488d-a468-0e67c17ca176,1.4,"(-21.7, 1.8, -4.0)","(0.0, 0.0, 0.0)","(0.0, 0.0, 0.0)",
PLAYER_LOCATION,34322,3/20/2024 11:54:57 AM,0c0cc880-b3fb-488d-a468-0e67c17ca176,1.4,"(-21.7, 1.8, -4.0)","(0.0, 0.0, 0.0)","(0.0, 0.0, 0.0)",
PLAYER_LOCATION,34823,3/20/2024 11:54:57 AM,0c0cc880-b3fb-488d-a468-0e67c17ca176,1.4,"(-21.7, 1.8, -4.0)","(0.0, 0.0, 0.0)","(0.0, 0.0, 0.0)",
PLAYER_LOCATION,34823,3/20/2024 11:54:57 AM,0c0cc880-b3fb-488d-a468-0e67c17ca176,1.4,"(-21.7, 1.8, -4.0)","(0.0, 0.0, 0.0)","(0.0, 0.0, 0.0)",
PLAYER_LOCATION,35332,3/20/2024 11:54:58 AM,0c0cc880-b3fb-488d-a468-0e67c17ca176,1.4,"(-21.7, 1.8, -4.0)","(0.0, 0.0, 0.0)","(0.0, 0.0, 0.0)",
PLAYER_LOCATION,35332,3/20/2024 11:54:58 AM,0c0cc880-b3fb-488d-a468-0e67c17ca176,1.4,"(-21.7, 1.8, -4.0)","(0.0, 0.0, 0.0)","(0.0, 0.0, 0.0)",
PLAYER_LOCATION,35843,3/20/2024 11:54:58 AM,0c0cc880-b3fb-488d-a468-0e67c17ca176,1.4,"(-21.7, 1.8, -4.0)","(0.0, 0.0, 0.0)","(0.0, 0.0, 0.0)",
PLAYER_LOCATION,35843,3/20/2024 11:54:58 AM,0c0cc880-b3fb-488d-a468-0e67c17ca176,1.4,"(-21.7, 1.8, -4.0)","(0.0, 0.0, 0.0)","(0.0, 0.0, 0.0)",
PLAYER_LOCATION,36346,3/20/2024 11:54:59 AM,0c0cc880-b3fb-488d-a468-0e67c17ca176,1.4,"(-21.7, 1.8, -4.0)","(0.0, 0.0, 0.0)","(0.0, 0.0, 0.0)",
PLAYER_LOCATION,36346,3/20/2024 11:54:59 AM,0c0cc880-b3fb-488d-a468-0e67c17ca176,1.4,"(-21.7, 1.8, -4.0)","(0.0, 0.0, 0.0)","(0.0, 0.0, 0.0)",
PLAYER_LOCATION,36847,3/20/2024 11:54:59 AM,0c0cc880-b3fb-488d-a468-0e67c17ca176,1.4,"(-21.7, 1.8, -4.0)","(0.0, 0.0, 0.0)","(0.0, 0.0, 0.0)",
PLAYER_LOCATION,36847,3/20/2024 11:54:59 AM,0c0cc880-b3fb-488d-a468-0e67c17ca176,1.4,"(-21.7, 1.8, -4.0)","(0.0, 0.0, 0.0)","(0.0, 0.0, 0.0)",
PLAYER_LOCATION,37352,3/20/2024 11:55:00 AM,0c0cc880-b3fb-488d-a468-0e67c17ca176,1.4,"(-21.7, 1.8, -4.0)","(0.0, 0.0, 0.0)","(0.0, 0.0, 0.0)",
PLAYER_LOCATION,37352,3/20/2024 11:55:00 AM,0c0cc880-b3fb-488d-a468-0e67c17ca176,1.4,"(-21.7, 1.8, -4.0)","(0.0, 0.0, 0.0)","(0.0, 0.0, 0.0)",
PLAYER_LOCATION,37865,3/20/2024 11:55:00 AM,0c0cc880-b3fb-488d-a468-0e67c17ca176,1.4,"(-21.7, 1.8, -4.0)","(0.0, 0.0, 0.0)","(0.0, 0.0, 0.0)",
PLAYER_LOCATION,37865,3/20/2024 11:55:00 AM,0c0cc880-b3fb-488d-a468-0e67c17ca176,1.4,"(-21.7, 1.8, -4.0)","(0.0, 0.0, 0.0)","(0.0, 0.0, 0.0)",
PLAYER_LOCATION,38376,3/20/2024 11:55:01 AM,0c0cc880-b3fb-488d-a468-0e67c17ca176,1.4,"(-21.7, 1.8, -4.0)","(0.0, 0.0, 0.0)","(0.0, 0.0, 0.0)",
PLAYER_LOCATION,38376,3/20/2024 11:55:01 AM,0c0cc880-b3fb-488d-a468-0e67c17ca176,1.4,"(-21.7, 1.8, -4.0)","(0.0, 0.0, 0.0)","(0.0, 0.0, 0.0)",
PLAYER_LOCATION,38891,3/20/2024 11:55:01 AM,0c0cc880-b3fb-488d-a468-0e67c17ca176,1.4,"(-21.7, 1.8, -4.0)","(0.0, 0.0, 0.0)","(0.0, 0.0, 0.0)",
PLAYER_LOCATION,38891,3/20/2024 11:55:01 AM,0c0cc880-b3fb-488d-a468-0e67c17ca176,1.4,"(-21.7, 1.8, -4.0)","(0.0, 0.0, 0.0)","(0.0, 0.0, 0.0)",
PLAYER_LOCATION,39406,3/20/2024 11:55:02 AM,0c0cc880-b3fb-488d-a468-0e67c17ca176,1.4,"(-21.7, 1.8, -4.0)","(0.0, 0.0, 0.0)","(0.0, 0.0, 0.0)",
PLAYER_LOCATION,39406,3/20/2024 11:55:02 AM,0c0cc880-b3fb-488d-a468-0e67c17ca176,1.4,"(-21.7, 1.8, -4.0)","(0.0, 0.0, 0.0)","(0.0, 0.0, 0.0)",
PLAYER_LOCATION,39916,3/20/2024 11:55:02 AM,0c0cc880-b3fb-488d-a468-0e67c17ca176,1.4,"(-21.7, 1.8, -4.0)","(0.0, 0.0, 0.0)","(0.0, 0.0, 0.0)",
PLAYER_LOCATION,39916,3/20/2024 11:55:02 AM,0c0cc880-b3fb-488d-a468-0e67c17ca176,1.4,"(-21.7, 1.8, -4.0)","(0.0, 0.0, 0.0)","(0.0, 0.0, 0.0)",
PLAYER_LOCATION,40421,3/20/2024 11:55:03 AM,0c0cc880-b3fb-488d-a468-0e67c17ca176,1.4,"(-21.7, 1.8, -4.0)","(0.0, 0.0, 0.0)","(0.0, 0.0, 0.0)",
PLAYER_LOCATION,40421,3/20/2024 11:55:03 AM,0c0cc880-b3fb-488d-a468-0e67c17ca176,1.4,"(-21.7, 1.8, -4.0)","(0.0, 0.0, 0.0)","(0.0, 0.0, 0.0)",
PLAYER_LOCATION,40924,3/20/2024 11:55:03 AM,0c0cc880-b3fb-488d-a468-0e67c17ca176,1.4,"(-21.7, 1.8, -4.0)","(0.0, 0.0, 0.0)","(0.0, 0.0, 0.0)",
PLAYER_LOCATION,40924,3/20/2024 11:55:03 AM,0c0cc880-b3fb-488d-a468-0e67c17ca176,1.4,"(-21.7, 1.8, -4.0)","(0.0, 0.0, 0.0)","(0.0, 0.0, 0.0)",
PLAYER_LOCATION,41424,3/20/2024 11:55:04 AM,0c0cc880-b3fb-488d-a468-0e67c17ca176,1.4,"(-21.7, 1.8, -4.0)","(0.0, 0.0, 0.0)","(0.0, 0.0, 0.0)",
PLAYER_LOCATION,41424,3/20/2024 11:55:04 AM,0c0cc880-b3fb-488d-a468-0e67c17ca176,1.4,"(-21.7, 1.8, -4.0)","(0.0, 0.0, 0.0)","(0.0, 0.0, 0.0)",
PLAYER_LOCATION,41933,3/20/2024 11:55:04 AM,0c0cc880-b3fb-488d-a468-0e67c17ca176,1.4,"(-21.7, 1.8, -4.0)","(0.0, 0.0, 0.0)","(0.0, 0.0, 0.0)",
PLAYER_LOCATION,41933,3/20/2024 11:55:04 AM,0c0cc880-b3fb-488d-a468-0e67c17ca176,1.4,"(-21.7, 1.8, -4.0)","(0.0, 0.0, 0.0)","(0.0, 0.0, 0.0)",
PLAYER_LOCATION,42438,3/20/2024 11:55:05 AM,0c0cc880-b3fb-488d-a468-0e67c17ca176,1.4,"(-21.7, 1.8, -4.0)","(0.0, 0.0, 0.0)","(0.0, 0.0, 0.0)",
PLAYER_LOCATION,42438,3/20/2024 11:55:05 AM,0c0cc880-b3fb-488d-a468-0e67c17ca176,1.4,"(-21.7, 1.8, -4.0)","(0.0, 0.0, 0.0)","(0.0, 0.0, 0.0)",
PLAYER_LOCATION,42948,3/20/2024 11:55:05 AM,0c0cc880-b3fb-488d-a468-0e67c17ca176,1.4,"(-21.7, 1.8, -4.0)","(0.0, 0.0, 0.0)","(0.0, 0.0, 0.0)",
PLAYER_LOCATION,42948,3/20/2024 11:55:05 AM,0c0cc880-b3fb-488d-a468-0e67c17ca176,1.4,"(-21.7, 1.8, -4.0)","(0.0, 0.0, 0.0)","(0.0, 0.0, 0.0)",
PLAYER_LOCATION,43449,3/20/2024 11:55:06 AM,0c0cc880-b3fb-488d-a468-0e67c17ca176,1.4,"(-21.7, 1.8, -4.0)","(0.0, 0.0, 0.0)","(0.0, 0.0, 0.0)",
PLAYER_LOCATION,43449,3/20/2024 11:55:06 AM,0c0cc880-b3fb-488d-a468-0e67c17ca176,1.4,"(-21.7, 1.8, -4.0)","(0.0, 0.0, 0.0)","(0.0, 0.0, 0.0)",
PLAYER_LOCATION,43952,3/20/2024 11:55:06 AM,0c0cc880-b3fb-488d-a468-0e67c17ca176,1.4,"(-21.7, 1.8, -4.0)","(0.0, 0.0, 0.0)","(0.0, 0.0, 0.0)",
PLAYER_LOCATION,43952,3/20/2024 11:55:06 AM,0c0cc880-b3fb-488d-a468-0e67c17ca176,1.4,"(-21.7, 1.8, -4.0)","(0.0, 0.0, 0.0)","(0.0, 0.0, 0.0)",
PLAYER_LOCATION,44454,3/20/2024 11:55:07 AM,0c0cc880-b3fb-488d-a468-0e67c17ca176,1.4,"(-21.7, 1.8, -4.0)","(0.0, 0.0, 0.0)","(0.0, 0.0, 0.0)",
PLAYER_LOCATION,44454,3/20/2024 11:55:07 AM,0c0cc880-b3fb-488d-a468-0e67c17ca176,1.4,"(-21.7, 1.8, -4.0)","(0.0, 0.0, 0.0)","(0.0, 0.0, 0.0)",
PLAYER_LOCATION,44956,3/20/2024 11:55:07 AM,0c0cc880-b3fb-488d-a468-0e67c17ca176,1.4,"(-21.7, 1.8, -4.0)","(0.0, 0.0, 0.0)","(0.0, 0.0, 0.0)",
PLAYER_LOCATION,44956,3/20/2024 11:55:07 AM,0c0cc880-b3fb-488d-a468-0e67c17ca176,1.4,"(-21.7, 1.8, -4.0)","(0.0, 0.0, 0.0)","(0.0, 0.0, 0.0)",
PLAYER_LOCATION,45469,3/20/2024 11:55:08 AM,0c0cc880-b3fb-488d-a468-0e67c17ca176,1.4,"(-21.7, 1.8, -4.0)","(0.0, 0.0, 0.0)","(0.0, 0.0, 0.0)",
PLAYER_LOCATION,45469,3/20/2024 11:55:08 AM,0c0cc880-b3fb-488d-a468-0e67c17ca176,1.4,"(-21.7, 1.8, -4.0)","(0.0, 0.0, 0.0)","(0.0, 0.0, 0.0)",
PLAYER_LOCATION,45986,3/20/2024 11:55:08 AM,0c0cc880-b3fb-488d-a468-0e67c17ca176,1.4,"(-21.7, 1.8, -4.0)","(0.0, 0.0, 0.0)","(0.0, 0.0, 0.0)",
PLAYER_LOCATION,45986,3/20/2024 11:55:08 AM,0c0cc880-b3fb-488d-a468-0e67c17ca176,1.4,"(-21.7, 1.8, -4.0)","(0.0, 0.0, 0.0)","(0.0, 0.0, 0.0)",
PLAYER_LOCATION,46498,3/20/2024 11:55:09 AM,0c0cc880-b3fb-488d-a468-0e67c17ca176,1.4,"(-21.7, 1.8, -4.0)","(0.0, 0.0, 0.0)","(0.0, 0.0, 0.0)",
PLAYER_LOCATION,46498,3/20/2024 11:55:09 AM,0c0cc880-b3fb-488d-a468-0e67c17ca176,1.4,"(-21.7, 1.8, -4.0)","(0.0, 0.0, 0.0)","(0.0, 0.0, 0.0)",
PLAYER_LOCATION,47012,3/20/2024 11:55:09 AM,0c0cc880-b3fb-488d-a468-0e67c17ca176,1.4,"(-21.7, 1.8, -4.0)","(0.0, 0.0, 0.0)","(0.0, 0.0, 0.0)",
PLAYER_LOCATION,47012,3/20/2024 11:55:09 AM,0c0cc880-b3fb-488d-a468-0e67c17ca176,1.4,"(-21.7, 1.8, -4.0)","(0.0, 0.0, 0.0)","(0.0, 0.0, 0.0)",
SESSION_END,47044,3/20/2024 11:55:09 AM,0c0cc880-b3fb-488d-a468-0e67c17ca176,1.4,
PLAYER_LOCATION,51286,3/20/2024 11:55:13 AM,0c0cc880-b3fb-488d-a468-0e67c17ca176,1.4,"(-21.7, 1.8, -4.0)","(0.0, 0.0, 0.0)","(0.0, 0.0, 0.0)",
PLAYER_LOCATION,51286,3/20/2024 11:55:13 AM,0c0cc880-b3fb-488d-a468-0e67c17ca176,1.4,"(-21.7, 1.8, -4.0)","(0.0, 0.0, 0.0)","(0.0, 0.0, 0.0)",
PLAYER_LOCATION,51788,3/20/2024 11:55:14 AM,0c0cc880-b3fb-488d-a468-0e67c17ca176,1.4,"(-21.7, 1.8, -4.0)","(0.0, 0.0, 0.0)","(0.0, 0.0, 0.0)",
PLAYER_LOCATION,51788,3/20/2024 11:55:14 AM,0c0cc880-b3fb-488d-a468-0e67c17ca176,1.4,"(-21.7, 1.8, -4.0)","(0.0, 0.0, 0.0)","(0.0, 0.0, 0.0)",
PLAYER_LOCATION,52294,3/20/2024 11:55:14 AM,0c0cc880-b3fb-488d-a468-0e67c17ca176,1.4,"(-21.7, 1.8, -4.0)","(0.0, 0.0, 0.0)","(0.0, 0.0, 0.0)",
PLAYER_LOCATION,52294,3/20/2024 11:55:14 AM,0c0cc880-b3fb-488d-a468-0e67c17ca176,1.4,"(-21.7, 1.8, -4.0)","(0.0, 0.0, 0.0)","(0.0, 0.0, 0.0)",
PLAYER_LOCATION,52798,3/20/2024 11:55:15 AM,0c0cc880-b3fb-488d-a468-0e67c17ca176,1.4,"(-21.7, 1.8, -4.0)","(0.0, 0.0, 0.0)","(0.0, 0.0, 0.0)",
PLAYER_LOCATION,52798,3/20/2024 11:55:15 AM,0c0cc880-b3fb-488d-a468-0e67c17ca176,1.4,"(-21.7, 1.8, -4.0)","(0.0, 0.0, 0.0)","(0.0, 0.0, 0.0)",
PLAYER_LOCATION,53301,3/20/2024 11:55:16 AM,0c0cc880-b3fb-488d-a468-0e67c17ca176,1.4,"(-21.7, 1.8, -4.0)","(0.0, 0.0, 0.0)","(0.0, 0.0, 0.0)",
PLAYER_LOCATION,53301,3/20/2024 11:55:16 AM,0c0cc880-b3fb-488d-a468-0e67c17ca176,1.4,"(-21.7, 1.8, -4.0)","(0.0, 0.0, 0.0)","(0.0, 0.0, 0.0)",
PLAYER_LOCATION,53809,3/20/2024 11:55:16 AM,0c0cc880-b3fb-488d-a468-0e67c17ca176,1.4,"(-21.7, 1.8, -4.0)","(0.0, 0.0, 0.0)","(0.0, 0.0, 0.0)",
PLAYER_LOCATION,53809,3/20/2024 11:55:16 AM,0c0cc880-b3fb-488d-a468-0e67c17ca176,1.4,"(-21.7, 1.8, -4.0)","(0.0, 0.0, 0.0)","(0.0, 0.0, 0.0)",
Participant ID, 2024214
