PLAYER_LOCATION,649,3/20/2024 12:40:37 PM,7e23cc31-422a-42e1-acb5-964c661750f4,1.4,"(2.1, 1.8, 1.5)","(0.0, 0.0, 0.0)","(0.0, 0.0, 0.0)",
PLAYER_LOCATION,649,3/20/2024 12:40:37 PM,7e23cc31-422a-42e1-acb5-964c661750f4,1.4,"(2.1, 1.8, 1.5)","(0.0, 0.0, 0.0)","(0.0, 0.0, 0.0)",
PLAYER_LOCATION,1407,3/20/2024 12:40:38 PM,7e23cc31-422a-42e1-acb5-964c661750f4,1.4,"(2.1, 1.8, 1.5)","(0.0, 0.0, 0.0)","(0.0, 0.0, 0.0)",
PLAYER_LOCATION,1407,3/20/2024 12:40:38 PM,7e23cc31-422a-42e1-acb5-964c661750f4,1.4,"(2.1, 1.8, 1.5)","(0.0, 0.0, 0.0)","(0.0, 0.0, 0.0)",
PLAYER_LOCATION,1916,3/20/2024 12:40:38 PM,7e23cc31-422a-42e1-acb5-964c661750f4,1.4,"(2.2, 1.8, 1.5)","(0.0, 0.0, 0.0)","(0.0, 0.0, 0.0)",
PLAYER_LOCATION,1916,3/20/2024 12:40:38 PM,7e23cc31-422a-42e1-acb5-964c661750f4,1.4,"(2.2, 1.8, 1.5)","(0.0, 0.0, 0.0)","(0.0, 0.0, 0.0)",
PLAYER_LOCATION,2427,3/20/2024 12:40:39 PM,7e23cc31-422a-42e1-acb5-964c661750f4,1.4,"(2.1, 1.8, 1.4)","(0.0, 0.0, 0.0)","(0.0, 0.0, 0.0)",
PLAYER_LOCATION,2427,3/20/2024 12:40:39 PM,7e23cc31-422a-42e1-acb5-964c661750f4,1.4,"(2.1, 1.8, 1.4)","(0.0, 0.0, 0.0)","(0.0, 0.0, 0.0)",
PLAYER_LOCATION,2938,3/20/2024 12:40:39 PM,7e23cc31-422a-42e1-acb5-964c661750f4,1.4,"(2.1, 1.8, 1.5)","(0.0, 0.0, 0.0)","(0.0, 0.0, 0.0)",
PLAYER_LOCATION,2938,3/20/2024 12:40:39 PM,7e23cc31-422a-42e1-acb5-964c661750f4,1.4,"(2.1, 1.8, 1.5)","(0.0, 0.0, 0.0)","(0.0, 0.0, 0.0)",
PLAYER_LOCATION,3441,3/20/2024 12:40:40 PM,7e23cc31-422a-42e1-acb5-964c661750f4,1.4,"(2.1, 1.8, 1.5)","(0.0, 0.0, 0.0)","(0.0, 0.0, 0.0)",
PLAYER_LOCATION,3441,3/20/2024 12:40:40 PM,7e23cc31-422a-42e1-acb5-964c661750f4,1.4,"(2.1, 1.8, 1.5)","(0.0, 0.0, 0.0)","(0.0, 0.0, 0.0)",
PLAYER_LOCATION,3949,3/20/2024 12:40:40 PM,7e23cc31-422a-42e1-acb5-964c661750f4,1.4,"(2.1, 1.8, 1.5)","(0.0, 0.0, 0.0)","(0.0, 0.0, 0.0)",
PLAYER_LOCATION,3949,3/20/2024 12:40:40 PM,7e23cc31-422a-42e1-acb5-964c661750f4,1.4,"(2.1, 1.8, 1.5)","(0.0, 0.0, 0.0)","(0.0, 0.0, 0.0)",
PLAYER_LOCATION,4453,3/20/2024 12:40:41 PM,7e23cc31-422a-42e1-acb5-964c661750f4,1.4,"(2.1, 1.8, 1.5)","(0.0, 0.0, 0.0)","(0.0, 0.0, 0.0)",
PLAYER_LOCATION,4453,3/20/2024 12:40:41 PM,7e23cc31-422a-42e1-acb5-964c661750f4,1.4,"(2.1, 1.8, 1.5)","(0.0, 0.0, 0.0)","(0.0, 0.0, 0.0)",
PLAYER_LOCATION,4959,3/20/2024 12:40:41 PM,7e23cc31-422a-42e1-acb5-964c661750f4,1.4,"(2.1, 1.8, 1.5)","(0.0, 0.0, 0.0)","(0.0, 0.0, 0.0)",
PLAYER_LOCATION,4959,3/20/2024 12:40:41 PM,7e23cc31-422a-42e1-acb5-964c661750f4,1.4,"(2.1, 1.8, 1.5)","(0.0, 0.0, 0.0)","(0.0, 0.0, 0.0)",
PLAYER_LOCATION,5474,3/20/2024 12:40:42 PM,7e23cc31-422a-42e1-acb5-964c661750f4,1.4,"(2.1, 1.8, 1.5)","(0.0, 0.0, 0.0)","(0.0, 0.0, 0.0)",
PLAYER_LOCATION,5474,3/20/2024 12:40:42 PM,7e23cc31-422a-42e1-acb5-964c661750f4,1.4,"(2.1, 1.8, 1.5)","(0.0, 0.0, 0.0)","(0.0, 0.0, 0.0)",
PLAYER_LOCATION,5975,3/20/2024 12:40:42 PM,7e23cc31-422a-42e1-acb5-964c661750f4,1.4,"(2.0, 1.8, 1.5)","(0.0, 0.0, 0.0)","(0.0, 0.0, 0.0)",
PLAYER_LOCATION,5975,3/20/2024 12:40:42 PM,7e23cc31-422a-42e1-acb5-964c661750f4,1.4,"(2.0, 1.8, 1.5)","(0.0, 0.0, 0.0)","(0.0, 0.0, 0.0)",
PLAYER_LOCATION,6486,3/20/2024 12:40:43 PM,7e23cc31-422a-42e1-acb5-964c661750f4,1.4,"(2.0, 1.8, 1.4)","(0.0, 0.0, 0.0)","(0.0, 0.0, 0.0)",
PLAYER_LOCATION,6486,3/20/2024 12:40:43 PM,7e23cc31-422a-42e1-acb5-964c661750f4,1.4,"(2.0, 1.8, 1.4)","(0.0, 0.0, 0.0)","(0.0, 0.0, 0.0)",
PLAYER_LOCATION,6997,3/20/2024 12:40:43 PM,7e23cc31-422a-42e1-acb5-964c661750f4,1.4,"(2.1, 1.8, 1.4)","(0.0, 0.0, 0.0)","(0.0, 0.0, 0.0)",
PLAYER_LOCATION,6997,3/20/2024 12:40:43 PM,7e23cc31-422a-42e1-acb5-964c661750f4,1.4,"(2.1, 1.8, 1.4)","(0.0, 0.0, 0.0)","(0.0, 0.0, 0.0)",
PLAYER_LOCATION,7498,3/20/2024 12:40:44 PM,7e23cc31-422a-42e1-acb5-964c661750f4,1.4,"(2.1, 1.8, 1.4)","(0.0, 0.0, 0.0)","(0.0, 0.0, 0.0)",
PLAYER_LOCATION,7498,3/20/2024 12:40:44 PM,7e23cc31-422a-42e1-acb5-964c661750f4,1.4,"(2.1, 1.8, 1.4)","(0.0, 0.0, 0.0)","(0.0, 0.0, 0.0)",
PLAYER_LOCATION,8009,3/20/2024 12:40:44 PM,7e23cc31-422a-42e1-acb5-964c661750f4,1.4,"(2.1, 1.8, 1.4)","(0.0, 0.0, 0.0)","(0.0, 0.0, 0.0)",
PLAYER_LOCATION,8009,3/20/2024 12:40:44 PM,7e23cc31-422a-42e1-acb5-964c661750f4,1.4,"(2.1, 1.8, 1.4)","(0.0, 0.0, 0.0)","(0.0, 0.0, 0.0)",
VOICE_CAPTURE,8411,3/20/2024 12:40:45 PM,7e23cc31-422a-42e1-acb5-964c661750f4,1.4,Am I turned like to the corner,NA,
PLAYER_LOCATION,8511,3/20/2024 12:40:45 PM,7e23cc31-422a-42e1-acb5-964c661750f4,1.4,"(2.1, 1.8, 1.4)","(0.0, 0.0, 0.0)","(0.0, 0.0, 0.0)",
PLAYER_LOCATION,8511,3/20/2024 12:40:45 PM,7e23cc31-422a-42e1-acb5-964c661750f4,1.4,"(2.1, 1.8, 1.4)","(0.0, 0.0, 0.0)","(0.0, 0.0, 0.0)",
PLAYER_LOCATION,9012,3/20/2024 12:40:45 PM,7e23cc31-422a-42e1-acb5-964c661750f4,1.4,"(2.1, 1.8, 1.4)","(0.0, 0.0, 0.0)","(0.0, 0.0, 0.0)",
PLAYER_LOCATION,9012,3/20/2024 12:40:45 PM,7e23cc31-422a-42e1-acb5-964c661750f4,1.4,"(2.1, 1.8, 1.4)","(0.0, 0.0, 0.0)","(0.0, 0.0, 0.0)",
PLAYER_LOCATION,9513,3/20/2024 12:40:46 PM,7e23cc31-422a-42e1-acb5-964c661750f4,1.4,"(2.1, 1.8, 1.5)","(0.0, 0.0, 0.0)","(0.0, 0.0, 0.0)",
PLAYER_LOCATION,9513,3/20/2024 12:40:46 PM,7e23cc31-422a-42e1-acb5-964c661750f4,1.4,"(2.1, 1.8, 1.5)","(0.0, 0.0, 0.0)","(0.0, 0.0, 0.0)",
PLAYER_LOCATION,10024,3/20/2024 12:40:46 PM,7e23cc31-422a-42e1-acb5-964c661750f4,1.4,"(2.0, 1.8, 1.4)","(0.0, 0.0, 0.0)","(0.0, 0.0, 0.0)",
PLAYER_LOCATION,10024,3/20/2024 12:40:46 PM,7e23cc31-422a-42e1-acb5-964c661750f4,1.4,"(2.0, 1.8, 1.4)","(0.0, 0.0, 0.0)","(0.0, 0.0, 0.0)",
PLAYER_LOCATION,10531,3/20/2024 12:40:47 PM,7e23cc31-422a-42e1-acb5-964c661750f4,1.4,"(2.0, 1.8, 1.4)","(0.0, 0.0, 0.0)","(0.0, 0.0, 0.0)",
PLAYER_LOCATION,10531,3/20/2024 12:40:47 PM,7e23cc31-422a-42e1-acb5-964c661750f4,1.4,"(2.0, 1.8, 1.4)","(0.0, 0.0, 0.0)","(0.0, 0.0, 0.0)",
PLAYER_LOCATION,11034,3/20/2024 12:40:47 PM,7e23cc31-422a-42e1-acb5-964c661750f4,1.4,"(2.0, 1.8, 1.4)","(0.0, 0.0, 0.0)","(0.0, 0.0, 0.0)",
PLAYER_LOCATION,11034,3/20/2024 12:40:47 PM,7e23cc31-422a-42e1-acb5-964c661750f4,1.4,"(2.0, 1.8, 1.4)","(0.0, 0.0, 0.0)","(0.0, 0.0, 0.0)",
PLAYER_LOCATION,11544,3/20/2024 12:40:48 PM,7e23cc31-422a-42e1-acb5-964c661750f4,1.4,"(2.0, 1.8, 1.4)","(0.0, 0.0, 0.0)","(0.0, 0.0, 0.0)",
PLAYER_LOCATION,11544,3/20/2024 12:40:48 PM,7e23cc31-422a-42e1-acb5-964c661750f4,1.4,"(2.0, 1.8, 1.4)","(0.0, 0.0, 0.0)","(0.0, 0.0, 0.0)",
PLAYER_LOCATION,12055,3/20/2024 12:40:48 PM,7e23cc31-422a-42e1-acb5-964c661750f4,1.4,"(2.1, 1.8, 1.4)","(0.0, 0.0, 0.0)","(0.0, 0.0, 0.0)",
PLAYER_LOCATION,12055,3/20/2024 12:40:48 PM,7e23cc31-422a-42e1-acb5-964c661750f4,1.4,"(2.1, 1.8, 1.4)","(0.0, 0.0, 0.0)","(0.0, 0.0, 0.0)",
PLAYER_LOCATION,12561,3/20/2024 12:40:49 PM,7e23cc31-422a-42e1-acb5-964c661750f4,1.4,"(2.2, 1.7, 1.4)","(0.0, 0.0, 0.0)","(0.0, 0.0, 0.0)",
PLAYER_LOCATION,12561,3/20/2024 12:40:49 PM,7e23cc31-422a-42e1-acb5-964c661750f4,1.4,"(2.2, 1.7, 1.4)","(0.0, 0.0, 0.0)","(0.0, 0.0, 0.0)",
VOICE_CAPTURE,12683,3/20/2024 12:40:49 PM,7e23cc31-422a-42e1-acb5-964c661750f4,1.4,straighten your legs towards my voice a little bit,NA,
PLAYER_LOCATION,13061,3/20/2024 12:40:49 PM,7e23cc31-422a-42e1-acb5-964c661750f4,1.4,"(2.1, 1.8, 1.2)","(0.0, 0.0, 0.0)","(0.0, 0.0, 0.0)",
PLAYER_LOCATION,13061,3/20/2024 12:40:49 PM,7e23cc31-422a-42e1-acb5-964c661750f4,1.4,"(2.1, 1.8, 1.2)","(0.0, 0.0, 0.0)","(0.0, 0.0, 0.0)",
PLAYER_LOCATION,13567,3/20/2024 12:40:50 PM,7e23cc31-422a-42e1-acb5-964c661750f4,1.4,"(2.1, 1.8, 1.1)","(0.0, 0.0, 0.0)","(0.0, 0.0, 0.0)",
PLAYER_LOCATION,13567,3/20/2024 12:40:50 PM,7e23cc31-422a-42e1-acb5-964c661750f4,1.4,"(2.1, 1.8, 1.1)","(0.0, 0.0, 0.0)","(0.0, 0.0, 0.0)",
PLAYER_LOCATION,14067,3/20/2024 12:40:50 PM,7e23cc31-422a-42e1-acb5-964c661750f4,1.4,"(2.1, 1.8, 1.1)","(0.0, 0.0, 0.0)","(0.0, 0.0, 0.0)",
PLAYER_LOCATION,14067,3/20/2024 12:40:50 PM,7e23cc31-422a-42e1-acb5-964c661750f4,1.4,"(2.1, 1.8, 1.1)","(0.0, 0.0, 0.0)","(0.0, 0.0, 0.0)",
VOICE_CAPTURE,14439,3/20/2024 12:40:51 PM,7e23cc31-422a-42e1-acb5-964c661750f4,1.4,steps towards me this way,NA,
PLAYER_LOCATION,14572,3/20/2024 12:40:51 PM,7e23cc31-422a-42e1-acb5-964c661750f4,1.4,"(2.0, 1.8, 1.0)","(0.0, 0.0, 0.0)","(0.0, 0.0, 0.0)",
PLAYER_LOCATION,14572,3/20/2024 12:40:51 PM,7e23cc31-422a-42e1-acb5-964c661750f4,1.4,"(2.0, 1.8, 1.0)","(0.0, 0.0, 0.0)","(0.0, 0.0, 0.0)",
PLAYER_LOCATION,15076,3/20/2024 12:40:51 PM,7e23cc31-422a-42e1-acb5-964c661750f4,1.4,"(2.1, 1.8, 1.0)","(0.0, 0.0, 0.0)","(0.0, 0.0, 0.0)",
PLAYER_LOCATION,15076,3/20/2024 12:40:51 PM,7e23cc31-422a-42e1-acb5-964c661750f4,1.4,"(2.1, 1.8, 1.0)","(0.0, 0.0, 0.0)","(0.0, 0.0, 0.0)",
PLAYER_LOCATION,15587,3/20/2024 12:40:52 PM,7e23cc31-422a-42e1-acb5-964c661750f4,1.4,"(2.1, 1.8, 1.0)","(0.0, 0.0, 0.0)","(0.0, 0.0, 0.0)",
PLAYER_LOCATION,15587,3/20/2024 12:40:52 PM,7e23cc31-422a-42e1-acb5-964c661750f4,1.4,"(2.1, 1.8, 1.0)","(0.0, 0.0, 0.0)","(0.0, 0.0, 0.0)",
PLAYER_LOCATION,16088,3/20/2024 12:40:52 PM,7e23cc31-422a-42e1-acb5-964c661750f4,1.4,"(2.1, 1.8, 1.0)","(0.0, 0.0, 0.0)","(0.0, 0.0, 0.0)",
PLAYER_LOCATION,16088,3/20/2024 12:40:52 PM,7e23cc31-422a-42e1-acb5-964c661750f4,1.4,"(2.1, 1.8, 1.0)","(0.0, 0.0, 0.0)","(0.0, 0.0, 0.0)",
PLAYER_LOCATION,16599,3/20/2024 12:40:53 PM,7e23cc31-422a-42e1-acb5-964c661750f4,1.4,"(2.1, 1.8, 1.0)","(0.0, 0.0, 0.0)","(0.0, 0.0, 0.0)",
PLAYER_LOCATION,16599,3/20/2024 12:40:53 PM,7e23cc31-422a-42e1-acb5-964c661750f4,1.4,"(2.1, 1.8, 1.0)","(0.0, 0.0, 0.0)","(0.0, 0.0, 0.0)",
PLAYER_LOCATION,17099,3/20/2024 12:40:53 PM,7e23cc31-422a-42e1-acb5-964c661750f4,1.4,"(2.1, 1.8, 1.0)","(0.0, 0.0, 0.0)","(0.0, 0.0, 0.0)",
PLAYER_LOCATION,17099,3/20/2024 12:40:53 PM,7e23cc31-422a-42e1-acb5-964c661750f4,1.4,"(2.1, 1.8, 1.0)","(0.0, 0.0, 0.0)","(0.0, 0.0, 0.0)",
PLAYER_LOCATION,17610,3/20/2024 12:40:54 PM,7e23cc31-422a-42e1-acb5-964c661750f4,1.4,"(2.0, 1.8, 1.0)","(0.0, 0.0, 0.0)","(0.0, 0.0, 0.0)",
PLAYER_LOCATION,17610,3/20/2024 12:40:54 PM,7e23cc31-422a-42e1-acb5-964c661750f4,1.4,"(2.0, 1.8, 1.0)","(0.0, 0.0, 0.0)","(0.0, 0.0, 0.0)",
PLAYER_LOCATION,18110,3/20/2024 12:40:54 PM,7e23cc31-422a-42e1-acb5-964c661750f4,1.4,"(2.0, 1.8, 1.0)","(0.0, 0.0, 0.0)","(0.0, 0.0, 0.0)",
PLAYER_LOCATION,18110,3/20/2024 12:40:54 PM,7e23cc31-422a-42e1-acb5-964c661750f4,1.4,"(2.0, 1.8, 1.0)","(0.0, 0.0, 0.0)","(0.0, 0.0, 0.0)",
VOICE_CAPTURE,18380,3/20/2024 12:40:55 PM,7e23cc31-422a-42e1-acb5-964c661750f4,1.4,perfect now where are you,NA,
VOICE_COMMAND,18380,3/20/2024 12:40:55 PM,7e23cc31-422a-42e1-acb5-964c661750f4,1.4,where are you,perfect now where are you,
PLAYER_LOCATION,18615,3/20/2024 12:40:55 PM,7e23cc31-422a-42e1-acb5-964c661750f4,1.4,"(2.0, 1.8, 1.0)","(0.0, 0.0, 0.0)","(0.0, 0.0, 0.0)",
PLAYER_LOCATION,18615,3/20/2024 12:40:55 PM,7e23cc31-422a-42e1-acb5-964c661750f4,1.4,"(2.0, 1.8, 1.0)","(0.0, 0.0, 0.0)","(0.0, 0.0, 0.0)",
VOICE_CAPTURE,22743,3/20/2024 12:40:59 PM,7e23cc31-422a-42e1-acb5-964c661750f4,1.4,OK and this is like the the windows the doors behind me OK,NA,
VOICE_CAPTURE,25274,3/20/2024 12:41:02 PM,7e23cc31-422a-42e1-acb5-964c661750f4,1.4,well no the the windows,NA,
VOICE_CAPTURE,32276,3/20/2024 12:41:09 PM,7e23cc31-422a-42e1-acb5-964c661750f4,1.4,so my computer is is due this way OK,NA,
VOICE_CAPTURE,35585,3/20/2024 12:41:12 PM,7e23cc31-422a-42e1-acb5-964c661750f4,1.4,I'll make sure you don't,NA,
VOICE_CAPTURE,40349,3/20/2024 12:41:17 PM,7e23cc31-422a-42e1-acb5-964c661750f4,1.4,it's just weird like even if I can't see it like my body and my brain like wants to know,NA,
VOICE_CAPTURE,49397,3/20/2024 12:41:26 PM,7e23cc31-422a-42e1-acb5-964c661750f4,1.4,it's kind of nuts that we have this this technology,NA,
VOICE_CAPTURE,55778,3/20/2024 12:41:32 PM,7e23cc31-422a-42e1-acb5-964c661750f4,1.4,ready I am,NA,
VOICE_CAPTURE,55778,3/20/2024 12:41:32 PM,7e23cc31-422a-42e1-acb5-964c661750f4,1.4,I'm gonna start with this scenario,NA,
PATIENT_DEMOTED,56024,3/20/2024 12:41:32 PM,7e23cc31-422a-42e1-acb5-964c661750f4,1.4,100,Infinity,US Soldier 1 Root,"(5.0, 0.0, 3.6)","(0.0, -0.7, 0.0, 0.7)",DELAYED,waver,normal,normal,normal,agony,supine,
PATIENT_DEMOTED,56074,3/20/2024 12:41:32 PM,7e23cc31-422a-42e1-acb5-964c661750f4,1.4,100,Infinity,Local Soldier 1 Root,"(5.0, 0.0, -0.1)","(0.0, -0.1, 0.0, 1.0)",DELAYED,waver,normal,normal,normal,agony,supine,
PATIENT_DEMOTED,56435,3/20/2024 12:41:33 PM,7e23cc31-422a-42e1-acb5-964c661750f4,1.4,100,Infinity,Patient U Root,"(2.0, 0.0, -25.2)","(0.0, -0.5, 0.0, 0.9)",DELAYED,waver,normal,normal,normal,upset,sittingGround,
PATIENT_DEMOTED,56533,3/20/2024 12:41:33 PM,7e23cc31-422a-42e1-acb5-964c661750f4,1.4,100,Infinity,Patient V Root,"(3.2, 0.0, -22.4)","(0.0, -0.9, 0.0, 0.3)",IMMEDIATE,waver,fast,fast,normal,agony,supine,
PATIENT_DEMOTED,56574,3/20/2024 12:41:33 PM,7e23cc31-422a-42e1-acb5-964c661750f4,1.4,100,Infinity,Patient W Root,"(1.0, 0.0, -54.7)","(0.0, 0.3, 0.0, 0.9)",DELAYED,waver,normal,normal,normal,agony,supine,
PATIENT_DEMOTED,56923,3/20/2024 12:41:33 PM,7e23cc31-422a-42e1-acb5-964c661750f4,1.4,100,Infinity,Open World Marine 1 Female Root,"(5.7, 0.0, -27.4)","(0.0, 1.0, 0.0, -0.1)",DELAYED,walker,normal,normal,normal,upset,kneeling,
PATIENT_DEMOTED,56923,3/20/2024 12:41:33 PM,7e23cc31-422a-42e1-acb5-964c661750f4,1.4,100,Infinity,Open World Marine 2 Male Root,"(6.5, 0.0, -22.7)","(0.0, -0.6, 0.0, 0.8)",IMMEDIATE,still,fast,fast,normal,agony,supine,
PATIENT_DEMOTED,57115,3/20/2024 12:41:33 PM,7e23cc31-422a-42e1-acb5-964c661750f4,1.4,100,Infinity,Open World Civilian 1 Male Root,"(5.8, 0.0, -26.5)","(0.0, -0.6, 0.0, -0.8)",DELAYED,waver,fast,normal,normal,upset,sittingGround,
PATIENT_DEMOTED,57387,3/20/2024 12:41:34 PM,7e23cc31-422a-42e1-acb5-964c661750f4,1.4,100,Infinity,Open World Civilian 2 Female Root,"(5.4, 0.0, -25.9)","(0.0, 0.8, 0.0, 0.6)",EXPECTANT,still,fast,fast,normal,dead,supine,
SESSION_START,57777,3/20/2024 12:41:34 PM,7e23cc31-422a-42e1-acb5-964c661750f4,1.4,
PATIENT_RECORD,57777,3/20/2024 12:41:34 PM,7e23cc31-422a-42e1-acb5-964c661750f4,1.4,100,Infinity,US Soldier 1 Root,"(4.4, 0.0, 3.3)","(0.0, -0.7, 0.0, 0.7)",DELAYED,waver,normal,normal,normal,normal,agony,supine,
INJURY_RECORD,57777,3/20/2024 12:41:34 PM,7e23cc31-422a-42e1-acb5-964c661750f4,1.4,R Shoulder Broken,US Soldier 1 Root,splint,medium,rightArm,False,False,"(4.5, 1.4, 3.7)",
PATIENT_RECORD,57778,3/20/2024 12:41:34 PM,7e23cc31-422a-42e1-acb5-964c661750f4,1.4,100,Infinity,Local Soldier 1 Root,"(4.9, 0.0, 0.4)","(0.0, -0.1, 0.0, 1.0)",DELAYED,waver,normal,normal,normal,normal,agony,supine,
INJURY_RECORD,57778,3/20/2024 12:41:34 PM,7e23cc31-422a-42e1-acb5-964c661750f4,1.4,R Shoulder Broken,Local Soldier 1 Root,splint,medium,rightArm,False,False,"(5.3, 1.4, 0.4)",
PATIENT_RECORD,57778,3/20/2024 12:41:34 PM,7e23cc31-422a-42e1-acb5-964c661750f4,1.4,100,128,NPC 1 Root,"(4.1, 0.0, 5.9)","(0.0, -1.0, 0.0, -0.1)",MINIMAL,walker,normal,normal,normal,normal,calm,standing,
PATIENT_RECORD,57778,3/20/2024 12:41:34 PM,7e23cc31-422a-42e1-acb5-964c661750f4,1.4,100,128,NPC 2 Root,"(6.9, 0.0, 3.2)","(0.0, -0.7, 0.0, 0.7)",MINIMAL,walker,normal,normal,normal,normal,calm,standing,
PATIENT_RECORD,57778,3/20/2024 12:41:34 PM,7e23cc31-422a-42e1-acb5-964c661750f4,1.4,100,128,NPC 3 Root,"(6.7, 0.0, -0.5)","(0.0, -0.7, 0.0, 0.7)",MINIMAL,walker,normal,normal,normal,normal,calm,standing,
PATIENT_RECORD,57778,3/20/2024 12:41:34 PM,7e23cc31-422a-42e1-acb5-964c661750f4,1.4,100,128,NPC 4 Root,"(3.7, 0.0, -4.6)","(0.0, 0.1, 0.0, 1.0)",MINIMAL,walker,normal,normal,normal,normal,calm,standing,
PATIENT_RECORD,57778,3/20/2024 12:41:34 PM,7e23cc31-422a-42e1-acb5-964c661750f4,1.4,100,Infinity,Patient U Root,"(1.8, 0.0, -25.5)","(0.0, -0.5, 0.0, 0.9)",DELAYED,waver,normal,normal,normal,normal,upset,sittingGround,
INJURY_RECORD,57778,3/20/2024 12:41:34 PM,7e23cc31-422a-42e1-acb5-964c661750f4,1.4,R Forearm Laceration,Patient U Root,gauzePressure,low,rightArm,False,False,"(2.1, 1.4, -25.1)",
PATIENT_RECORD,57778,3/20/2024 12:41:34 PM,7e23cc31-422a-42e1-acb5-964c661750f4,1.4,100,Infinity,Patient V Root,"(3.0, 0.0, -23.0)","(0.0, -0.9, 0.0, 0.3)",IMMEDIATE,waver,fast,fast,normal,low,agony,supine,
INJURY_RECORD,57778,3/20/2024 12:41:34 PM,7e23cc31-422a-42e1-acb5-964c661750f4,1.4,L Shin Amputation,Patient V Root,tourniquet,high,leftLeg,False,False,"(3.1, 0.4, -23.0)",
PATIENT_RECORD,57778,3/20/2024 12:41:34 PM,7e23cc31-422a-42e1-acb5-964c661750f4,1.4,100,Infinity,Patient W Root,"(1.2, 0.0, -54.0)","(0.0, 0.3, 0.0, 0.9)",DELAYED,waver,normal,normal,normal,normal,agony,supine,
INJURY_RECORD,57778,3/20/2024 12:41:34 PM,7e23cc31-422a-42e1-acb5-964c661750f4,1.4,L Leg Broken,Patient W Root,splint,medium,leftLeg,False,False,"(1.2, 0.0, -53.9)",
PATIENT_RECORD,57778,3/20/2024 12:41:34 PM,7e23cc31-422a-42e1-acb5-964c661750f4,1.4,100,Infinity,Patient X Root,"(4.2, 0.0, -54.0)","(0.0, -0.7, 0.0, 0.7)",MINIMAL,walker,normal,collapsedLeft,normal,normal,upset,supine,
INJURY_RECORD,57778,3/20/2024 12:41:34 PM,7e23cc31-422a-42e1-acb5-964c661750f4,1.4,L Chest Collapse,Patient X Root,decompress,high,chest,False,False,"(0.0, 0.0, 0.0)",
INJURY_RECORD,57778,3/20/2024 12:41:34 PM,7e23cc31-422a-42e1-acb5-964c661750f4,1.4,L Shoulder Broken,Patient X Root,splint,medium,leftArm,False,False,"(4.3, 1.4, -54.4)",
PATIENT_RECORD,57778,3/20/2024 12:41:34 PM,7e23cc31-422a-42e1-acb5-964c661750f4,1.4,100,Infinity,Open World Marine 1 Female Root,"(14.8, 0.0, -27.7)","(0.0, 1.0, 0.0, -0.1)",DELAYED,walker,normal,normal,normal,normal,upset,kneeling,
INJURY_RECORD,57778,3/20/2024 12:41:34 PM,7e23cc31-422a-42e1-acb5-964c661750f4,1.4,R Forearm Laceration,Open World Marine 1 Female Root,gauzePressure,low,rightArm,False,False,"(14.3, 1.3, -27.6)",
INJURY_RECORD,57778,3/20/2024 12:41:34 PM,7e23cc31-422a-42e1-acb5-964c661750f4,1.4,L Bicep Puncture,Open World Marine 1 Female Root,tourniquet,medium,leftArm,False,False,"(15.2, 1.3, -27.8)",
PATIENT_RECORD,57778,3/20/2024 12:41:34 PM,7e23cc31-422a-42e1-acb5-964c661750f4,1.4,100,Infinity,Open World Marine 2 Male Root,"(9.6, 0.0, -22.8)","(0.0, -0.6, 0.0, 0.8)",IMMEDIATE,still,fast,fast,normal,low,agony,supine,
INJURY_RECORD,57778,3/20/2024 12:41:34 PM,7e23cc31-422a-42e1-acb5-964c661750f4,1.4,L Wrist Amputation,Open World Marine 2 Male Root,tourniquet,high,leftHand,False,False,"(9.5, 1.4, -23.4)",
INJURY_RECORD,57778,3/20/2024 12:41:34 PM,7e23cc31-422a-42e1-acb5-964c661750f4,1.4,R Leg Broken,Open World Marine 2 Male Root,splint,high,rightLeg,False,False,"(9.6, 0.0, -22.7)",
PATIENT_RECORD,57778,3/20/2024 12:41:34 PM,7e23cc31-422a-42e1-acb5-964c661750f4,1.4,100,Infinity,Open World Civilian 1 Male Root,"(8.5, 0.0, -26.1)","(0.0, -0.6, 0.0, -0.8)",DELAYED,waver,fast,normal,normal,normal,upset,sittingGround,
INJURY_RECORD,57778,3/20/2024 12:41:34 PM,7e23cc31-422a-42e1-acb5-964c661750f4,1.4,R Shoulder Puncture,Open World Civilian 1 Male Root,woundpack,medium,chest,False,False,"(8.5, 1.4, -26.3)",
INJURY_RECORD,57778,3/20/2024 12:41:34 PM,7e23cc31-422a-42e1-acb5-964c661750f4,1.4,L Shoulder Broken,Open World Civilian 1 Male Root,splint,medium,leftArm,False,False,"(8.3, 1.4, -25.8)",
PATIENT_RECORD,57778,3/20/2024 12:41:34 PM,7e23cc31-422a-42e1-acb5-964c661750f4,1.4,100,Infinity,Open World Civilian 2 Female Root,"(14.5, 0.0, -25.6)","(0.0, 0.8, 0.0, 0.6)",EXPECTANT,still,fast,fast,normal,low,dead,supine,
INJURY_RECORD,57778,3/20/2024 12:41:34 PM,7e23cc31-422a-42e1-acb5-964c661750f4,1.4,Face Shrapnel,Open World Civilian 2 Female Root,airway,high,head,False,False,"(14.6, 1.5, -25.7)",
INJURY_RECORD,57778,3/20/2024 12:41:34 PM,7e23cc31-422a-42e1-acb5-964c661750f4,1.4,L Bicep Puncture,Open World Civilian 2 Female Root,tourniquet,medium,leftArm,False,False,"(14.7, 1.3, -25.3)",
INJURY_RECORD,57778,3/20/2024 12:41:34 PM,7e23cc31-422a-42e1-acb5-964c661750f4,1.4,L Stomach Puncture,Open World Civilian 2 Female Root,woundpack,high,abdomen,False,False,"(14.7, 1.0, -25.6)",
INJURY_RECORD,57778,3/20/2024 12:41:34 PM,7e23cc31-422a-42e1-acb5-964c661750f4,1.4,L Side Puncture,Open World Civilian 2 Female Root,woundpack,medium,abdomen,False,False,"(14.6, 1.0, -25.5)",
INJURY_RECORD,57778,3/20/2024 12:41:34 PM,7e23cc31-422a-42e1-acb5-964c661750f4,1.4,R Calf Laceration,Open World Civilian 2 Female Root,gauzePressure,low,rightLeg,False,False,"(14.5, 0.3, -25.8)",
SESSION_END,84561,3/20/2024 12:42:01 PM,7e23cc31-422a-42e1-acb5-964c661750f4,1.4,
