PLAYER_LOCATION,657,3/20/2024 11:59:33 AM,b079253d-0aa7-4af7-a0c1-2b96e9c29e53,1.4,"(2.2, 1.6, 1.0)","(0.0, 0.0, 0.0)","(0.0, 0.0, 0.0)",
PLAYER_LOCATION,657,3/20/2024 11:59:33 AM,b079253d-0aa7-4af7-a0c1-2b96e9c29e53,1.4,"(2.2, 1.6, 1.0)","(0.0, 0.0, 0.0)","(0.0, 0.0, 0.0)",
PLAYER_LOCATION,1394,3/20/2024 11:59:34 AM,b079253d-0aa7-4af7-a0c1-2b96e9c29e53,1.4,"(2.2, 1.6, 1.0)","(0.0, 0.0, 0.0)","(0.0, 0.0, 0.0)",
PLAYER_LOCATION,1394,3/20/2024 11:59:34 AM,b079253d-0aa7-4af7-a0c1-2b96e9c29e53,1.4,"(2.2, 1.6, 1.0)","(0.0, 0.0, 0.0)","(0.0, 0.0, 0.0)",
PLAYER_LOCATION,1901,3/20/2024 11:59:35 AM,b079253d-0aa7-4af7-a0c1-2b96e9c29e53,1.4,"(2.2, 1.6, 1.0)","(0.0, 0.0, 0.0)","(0.0, 0.0, 0.0)",
PLAYER_LOCATION,1901,3/20/2024 11:59:35 AM,b079253d-0aa7-4af7-a0c1-2b96e9c29e53,1.4,"(2.2, 1.6, 1.0)","(0.0, 0.0, 0.0)","(0.0, 0.0, 0.0)",
PLAYER_LOCATION,2424,3/20/2024 11:59:35 AM,b079253d-0aa7-4af7-a0c1-2b96e9c29e53,1.4,"(2.2, 1.6, 1.0)","(0.0, 0.0, 0.0)","(0.0, 0.0, 0.0)",
PLAYER_LOCATION,2424,3/20/2024 11:59:35 AM,b079253d-0aa7-4af7-a0c1-2b96e9c29e53,1.4,"(2.2, 1.6, 1.0)","(0.0, 0.0, 0.0)","(0.0, 0.0, 0.0)",
PLAYER_LOCATION,2932,3/20/2024 11:59:36 AM,b079253d-0aa7-4af7-a0c1-2b96e9c29e53,1.4,"(2.2, 1.6, 1.0)","(0.0, 0.0, 0.0)","(0.0, 0.0, 0.0)",
PLAYER_LOCATION,2932,3/20/2024 11:59:36 AM,b079253d-0aa7-4af7-a0c1-2b96e9c29e53,1.4,"(2.2, 1.6, 1.0)","(0.0, 0.0, 0.0)","(0.0, 0.0, 0.0)",
PLAYER_LOCATION,3447,3/20/2024 11:59:36 AM,b079253d-0aa7-4af7-a0c1-2b96e9c29e53,1.4,"(2.2, 1.6, 1.0)","(0.0, 0.0, 0.0)","(0.0, 0.0, 0.0)",
PLAYER_LOCATION,3447,3/20/2024 11:59:36 AM,b079253d-0aa7-4af7-a0c1-2b96e9c29e53,1.4,"(2.2, 1.6, 1.0)","(0.0, 0.0, 0.0)","(0.0, 0.0, 0.0)",
PLAYER_LOCATION,3955,3/20/2024 11:59:37 AM,b079253d-0aa7-4af7-a0c1-2b96e9c29e53,1.4,"(2.2, 1.6, 1.0)","(0.0, 0.0, 0.0)","(0.0, 0.0, 0.0)",
PLAYER_LOCATION,3955,3/20/2024 11:59:37 AM,b079253d-0aa7-4af7-a0c1-2b96e9c29e53,1.4,"(2.2, 1.6, 1.0)","(0.0, 0.0, 0.0)","(0.0, 0.0, 0.0)",
PLAYER_LOCATION,4456,3/20/2024 11:59:37 AM,b079253d-0aa7-4af7-a0c1-2b96e9c29e53,1.4,"(2.2, 1.5, 1.0)","(0.0, 0.0, 0.0)","(0.0, 0.0, 0.0)",
PLAYER_LOCATION,4456,3/20/2024 11:59:37 AM,b079253d-0aa7-4af7-a0c1-2b96e9c29e53,1.4,"(2.2, 1.5, 1.0)","(0.0, 0.0, 0.0)","(0.0, 0.0, 0.0)",
PLAYER_LOCATION,4957,3/20/2024 11:59:38 AM,b079253d-0aa7-4af7-a0c1-2b96e9c29e53,1.4,"(2.2, 1.5, 1.0)","(0.0, 0.0, 0.0)","(0.0, 0.0, 0.0)",
PLAYER_LOCATION,4957,3/20/2024 11:59:38 AM,b079253d-0aa7-4af7-a0c1-2b96e9c29e53,1.4,"(2.2, 1.5, 1.0)","(0.0, 0.0, 0.0)","(0.0, 0.0, 0.0)",
PLAYER_LOCATION,5468,3/20/2024 11:59:38 AM,b079253d-0aa7-4af7-a0c1-2b96e9c29e53,1.4,"(2.2, 1.5, 1.0)","(0.0, 0.0, 0.0)","(0.0, 0.0, 0.0)",
PLAYER_LOCATION,5468,3/20/2024 11:59:38 AM,b079253d-0aa7-4af7-a0c1-2b96e9c29e53,1.4,"(2.2, 1.5, 1.0)","(0.0, 0.0, 0.0)","(0.0, 0.0, 0.0)",
VOICE_CAPTURE,5780,3/20/2024 11:59:39 AM,b079253d-0aa7-4af7-a0c1-2b96e9c29e53,1.4,Yeah,NA,
PLAYER_LOCATION,5974,3/20/2024 11:59:39 AM,b079253d-0aa7-4af7-a0c1-2b96e9c29e53,1.4,"(2.2, 1.6, 1.0)","(0.0, 0.0, 0.0)","(0.0, 0.0, 0.0)",
PLAYER_LOCATION,5974,3/20/2024 11:59:39 AM,b079253d-0aa7-4af7-a0c1-2b96e9c29e53,1.4,"(2.2, 1.6, 1.0)","(0.0, 0.0, 0.0)","(0.0, 0.0, 0.0)",
PLAYER_LOCATION,6489,3/20/2024 11:59:39 AM,b079253d-0aa7-4af7-a0c1-2b96e9c29e53,1.4,"(2.2, 1.6, 1.0)","(0.0, 0.0, 0.0)","(0.0, 0.0, 0.0)",
PLAYER_LOCATION,6489,3/20/2024 11:59:39 AM,b079253d-0aa7-4af7-a0c1-2b96e9c29e53,1.4,"(2.2, 1.6, 1.0)","(0.0, 0.0, 0.0)","(0.0, 0.0, 0.0)",
PLAYER_LOCATION,6991,3/20/2024 11:59:40 AM,b079253d-0aa7-4af7-a0c1-2b96e9c29e53,1.4,"(2.2, 1.6, 1.0)","(0.0, 0.0, 0.0)","(0.0, 0.0, 0.0)",
PLAYER_LOCATION,6991,3/20/2024 11:59:40 AM,b079253d-0aa7-4af7-a0c1-2b96e9c29e53,1.4,"(2.2, 1.6, 1.0)","(0.0, 0.0, 0.0)","(0.0, 0.0, 0.0)",
PLAYER_LOCATION,7491,3/20/2024 11:59:40 AM,b079253d-0aa7-4af7-a0c1-2b96e9c29e53,1.4,"(2.2, 1.6, 1.0)","(0.0, 0.0, 0.0)","(0.0, 0.0, 0.0)",
PLAYER_LOCATION,7491,3/20/2024 11:59:40 AM,b079253d-0aa7-4af7-a0c1-2b96e9c29e53,1.4,"(2.2, 1.6, 1.0)","(0.0, 0.0, 0.0)","(0.0, 0.0, 0.0)",
PLAYER_LOCATION,8004,3/20/2024 11:59:41 AM,b079253d-0aa7-4af7-a0c1-2b96e9c29e53,1.4,"(2.2, 1.6, 1.0)","(0.0, 0.0, 0.0)","(0.0, 0.0, 0.0)",
PLAYER_LOCATION,8004,3/20/2024 11:59:41 AM,b079253d-0aa7-4af7-a0c1-2b96e9c29e53,1.4,"(2.2, 1.6, 1.0)","(0.0, 0.0, 0.0)","(0.0, 0.0, 0.0)",
VOICE_CAPTURE,8399,3/20/2024 11:59:41 AM,b079253d-0aa7-4af7-a0c1-2b96e9c29e53,1.4,OK,NA,
PLAYER_LOCATION,8510,3/20/2024 11:59:41 AM,b079253d-0aa7-4af7-a0c1-2b96e9c29e53,1.4,"(2.2, 1.6, 1.1)","(0.0, 0.0, 0.0)","(0.0, 0.0, 0.0)",
PLAYER_LOCATION,8510,3/20/2024 11:59:41 AM,b079253d-0aa7-4af7-a0c1-2b96e9c29e53,1.4,"(2.2, 1.6, 1.1)","(0.0, 0.0, 0.0)","(0.0, 0.0, 0.0)",
PLAYER_LOCATION,9010,3/20/2024 11:59:42 AM,b079253d-0aa7-4af7-a0c1-2b96e9c29e53,1.4,"(2.2, 1.6, 1.0)","(0.0, 0.0, 0.0)","(0.0, 0.0, 0.0)",
PLAYER_LOCATION,9010,3/20/2024 11:59:42 AM,b079253d-0aa7-4af7-a0c1-2b96e9c29e53,1.4,"(2.2, 1.6, 1.0)","(0.0, 0.0, 0.0)","(0.0, 0.0, 0.0)",
PLAYER_LOCATION,9525,3/20/2024 11:59:42 AM,b079253d-0aa7-4af7-a0c1-2b96e9c29e53,1.4,"(2.2, 1.6, 1.0)","(0.0, 0.0, 0.0)","(0.0, 0.0, 0.0)",
PLAYER_LOCATION,9525,3/20/2024 11:59:42 AM,b079253d-0aa7-4af7-a0c1-2b96e9c29e53,1.4,"(2.2, 1.6, 1.0)","(0.0, 0.0, 0.0)","(0.0, 0.0, 0.0)",
PLAYER_LOCATION,10033,3/20/2024 11:59:43 AM,b079253d-0aa7-4af7-a0c1-2b96e9c29e53,1.4,"(2.2, 1.6, 1.0)","(0.0, 0.0, 0.0)","(0.0, 0.0, 0.0)",
PLAYER_LOCATION,10033,3/20/2024 11:59:43 AM,b079253d-0aa7-4af7-a0c1-2b96e9c29e53,1.4,"(2.2, 1.6, 1.0)","(0.0, 0.0, 0.0)","(0.0, 0.0, 0.0)",
PLAYER_LOCATION,10548,3/20/2024 11:59:43 AM,b079253d-0aa7-4af7-a0c1-2b96e9c29e53,1.4,"(2.2, 1.6, 1.0)","(0.0, 0.0, 0.0)","(0.0, 0.0, 0.0)",
PLAYER_LOCATION,10548,3/20/2024 11:59:43 AM,b079253d-0aa7-4af7-a0c1-2b96e9c29e53,1.4,"(2.2, 1.6, 1.0)","(0.0, 0.0, 0.0)","(0.0, 0.0, 0.0)",
PLAYER_LOCATION,11092,3/20/2024 11:59:44 AM,b079253d-0aa7-4af7-a0c1-2b96e9c29e53,1.4,"(2.2, 1.6, 1.0)","(0.0, 0.0, 0.0)","(0.0, 0.0, 0.0)",
PLAYER_LOCATION,11092,3/20/2024 11:59:44 AM,b079253d-0aa7-4af7-a0c1-2b96e9c29e53,1.4,"(2.2, 1.6, 1.0)","(0.0, 0.0, 0.0)","(0.0, 0.0, 0.0)",
PLAYER_LOCATION,11598,3/20/2024 11:59:44 AM,b079253d-0aa7-4af7-a0c1-2b96e9c29e53,1.4,"(2.2, 1.6, 1.0)","(0.0, 0.0, 0.0)","(0.0, 0.0, 0.0)",
PLAYER_LOCATION,11598,3/20/2024 11:59:44 AM,b079253d-0aa7-4af7-a0c1-2b96e9c29e53,1.4,"(2.2, 1.6, 1.0)","(0.0, 0.0, 0.0)","(0.0, 0.0, 0.0)",
PLAYER_LOCATION,12125,3/20/2024 11:59:45 AM,b079253d-0aa7-4af7-a0c1-2b96e9c29e53,1.4,"(2.2, 1.6, 1.0)","(0.0, 0.0, 0.0)","(0.0, 0.0, 0.0)",
PLAYER_LOCATION,12125,3/20/2024 11:59:45 AM,b079253d-0aa7-4af7-a0c1-2b96e9c29e53,1.4,"(2.2, 1.6, 1.0)","(0.0, 0.0, 0.0)","(0.0, 0.0, 0.0)",
PLAYER_LOCATION,12652,3/20/2024 11:59:45 AM,b079253d-0aa7-4af7-a0c1-2b96e9c29e53,1.4,"(2.2, 1.6, 1.0)","(0.0, 0.0, 0.0)","(0.0, 0.0, 0.0)",
PLAYER_LOCATION,12652,3/20/2024 11:59:45 AM,b079253d-0aa7-4af7-a0c1-2b96e9c29e53,1.4,"(2.2, 1.6, 1.0)","(0.0, 0.0, 0.0)","(0.0, 0.0, 0.0)",
PLAYER_LOCATION,13153,3/20/2024 11:59:46 AM,b079253d-0aa7-4af7-a0c1-2b96e9c29e53,1.4,"(2.2, 1.6, 1.0)","(0.0, 0.0, 0.0)","(0.0, 0.0, 0.0)",
PLAYER_LOCATION,13153,3/20/2024 11:59:46 AM,b079253d-0aa7-4af7-a0c1-2b96e9c29e53,1.4,"(2.2, 1.6, 1.0)","(0.0, 0.0, 0.0)","(0.0, 0.0, 0.0)",
PLAYER_LOCATION,13680,3/20/2024 11:59:47 AM,b079253d-0aa7-4af7-a0c1-2b96e9c29e53,1.4,"(2.2, 1.6, 1.0)","(0.0, 0.0, 0.0)","(0.0, 0.0, 0.0)",
PLAYER_LOCATION,13680,3/20/2024 11:59:47 AM,b079253d-0aa7-4af7-a0c1-2b96e9c29e53,1.4,"(2.2, 1.6, 1.0)","(0.0, 0.0, 0.0)","(0.0, 0.0, 0.0)",
PLAYER_LOCATION,14181,3/20/2024 11:59:47 AM,b079253d-0aa7-4af7-a0c1-2b96e9c29e53,1.4,"(2.2, 1.6, 1.0)","(0.0, 0.0, 0.0)","(0.0, 0.0, 0.0)",
PLAYER_LOCATION,14181,3/20/2024 11:59:47 AM,b079253d-0aa7-4af7-a0c1-2b96e9c29e53,1.4,"(2.2, 1.6, 1.0)","(0.0, 0.0, 0.0)","(0.0, 0.0, 0.0)",
PLAYER_LOCATION,14708,3/20/2024 11:59:48 AM,b079253d-0aa7-4af7-a0c1-2b96e9c29e53,1.4,"(2.2, 1.5, 1.0)","(0.0, 0.0, 0.0)","(0.0, 0.0, 0.0)",
PLAYER_LOCATION,14708,3/20/2024 11:59:48 AM,b079253d-0aa7-4af7-a0c1-2b96e9c29e53,1.4,"(2.2, 1.5, 1.0)","(0.0, 0.0, 0.0)","(0.0, 0.0, 0.0)",
VOICE_CAPTURE,14847,3/20/2024 11:59:48 AM,b079253d-0aa7-4af7-a0c1-2b96e9c29e53,1.4,ohh yeah I mean do you like is there like triage training,NA,
PLAYER_LOCATION,15222,3/20/2024 11:59:48 AM,b079253d-0aa7-4af7-a0c1-2b96e9c29e53,1.4,"(2.2, 1.6, 1.0)","(0.0, 0.0, 0.0)","(0.0, 0.0, 0.0)",
PLAYER_LOCATION,15222,3/20/2024 11:59:48 AM,b079253d-0aa7-4af7-a0c1-2b96e9c29e53,1.4,"(2.2, 1.6, 1.0)","(0.0, 0.0, 0.0)","(0.0, 0.0, 0.0)",
PLAYER_LOCATION,15724,3/20/2024 11:59:49 AM,b079253d-0aa7-4af7-a0c1-2b96e9c29e53,1.4,"(2.2, 1.6, 1.0)","(0.0, 0.0, 0.0)","(0.0, 0.0, 0.0)",
PLAYER_LOCATION,15724,3/20/2024 11:59:49 AM,b079253d-0aa7-4af7-a0c1-2b96e9c29e53,1.4,"(2.2, 1.6, 1.0)","(0.0, 0.0, 0.0)","(0.0, 0.0, 0.0)",
PLAYER_LOCATION,16235,3/20/2024 11:59:49 AM,b079253d-0aa7-4af7-a0c1-2b96e9c29e53,1.4,"(2.2, 1.6, 1.0)","(0.0, 0.0, 0.0)","(0.0, 0.0, 0.0)",
PLAYER_LOCATION,16235,3/20/2024 11:59:49 AM,b079253d-0aa7-4af7-a0c1-2b96e9c29e53,1.4,"(2.2, 1.6, 1.0)","(0.0, 0.0, 0.0)","(0.0, 0.0, 0.0)",
PLAYER_LOCATION,16749,3/20/2024 11:59:50 AM,b079253d-0aa7-4af7-a0c1-2b96e9c29e53,1.4,"(2.2, 1.6, 1.0)","(0.0, 0.0, 0.0)","(0.0, 0.0, 0.0)",
PLAYER_LOCATION,16749,3/20/2024 11:59:50 AM,b079253d-0aa7-4af7-a0c1-2b96e9c29e53,1.4,"(2.2, 1.6, 1.0)","(0.0, 0.0, 0.0)","(0.0, 0.0, 0.0)",
PLAYER_LOCATION,17258,3/20/2024 11:59:50 AM,b079253d-0aa7-4af7-a0c1-2b96e9c29e53,1.4,"(2.2, 1.6, 1.0)","(0.0, 0.0, 0.0)","(0.0, 0.0, 0.0)",
PLAYER_LOCATION,17258,3/20/2024 11:59:50 AM,b079253d-0aa7-4af7-a0c1-2b96e9c29e53,1.4,"(2.2, 1.6, 1.0)","(0.0, 0.0, 0.0)","(0.0, 0.0, 0.0)",
PLAYER_LOCATION,17765,3/20/2024 11:59:51 AM,b079253d-0aa7-4af7-a0c1-2b96e9c29e53,1.4,"(2.1, 1.6, 1.0)","(0.0, 0.0, 0.0)","(0.0, 0.0, 0.0)",
PLAYER_LOCATION,17765,3/20/2024 11:59:51 AM,b079253d-0aa7-4af7-a0c1-2b96e9c29e53,1.4,"(2.1, 1.6, 1.0)","(0.0, 0.0, 0.0)","(0.0, 0.0, 0.0)",
PLAYER_LOCATION,18276,3/20/2024 11:59:51 AM,b079253d-0aa7-4af7-a0c1-2b96e9c29e53,1.4,"(2.1, 1.6, 1.1)","(0.0, 0.0, 0.0)","(0.0, 0.0, 0.0)",
PLAYER_LOCATION,18276,3/20/2024 11:59:51 AM,b079253d-0aa7-4af7-a0c1-2b96e9c29e53,1.4,"(2.1, 1.6, 1.1)","(0.0, 0.0, 0.0)","(0.0, 0.0, 0.0)",
PLAYER_LOCATION,18789,3/20/2024 11:59:52 AM,b079253d-0aa7-4af7-a0c1-2b96e9c29e53,1.4,"(2.1, 1.6, 1.0)","(0.0, 0.0, 0.0)","(0.0, 0.0, 0.0)",
PLAYER_LOCATION,18789,3/20/2024 11:59:52 AM,b079253d-0aa7-4af7-a0c1-2b96e9c29e53,1.4,"(2.1, 1.6, 1.0)","(0.0, 0.0, 0.0)","(0.0, 0.0, 0.0)",
PLAYER_LOCATION,19291,3/20/2024 11:59:52 AM,b079253d-0aa7-4af7-a0c1-2b96e9c29e53,1.4,"(2.2, 1.6, 1.0)","(0.0, 0.0, 0.0)","(0.0, 0.0, 0.0)",
PLAYER_LOCATION,19291,3/20/2024 11:59:52 AM,b079253d-0aa7-4af7-a0c1-2b96e9c29e53,1.4,"(2.2, 1.6, 1.0)","(0.0, 0.0, 0.0)","(0.0, 0.0, 0.0)",
PLAYER_LOCATION,19806,3/20/2024 11:59:53 AM,b079253d-0aa7-4af7-a0c1-2b96e9c29e53,1.4,"(2.2, 1.6, 1.0)","(0.0, 0.0, 0.0)","(0.0, 0.0, 0.0)",
PLAYER_LOCATION,19806,3/20/2024 11:59:53 AM,b079253d-0aa7-4af7-a0c1-2b96e9c29e53,1.4,"(2.2, 1.6, 1.0)","(0.0, 0.0, 0.0)","(0.0, 0.0, 0.0)",
PLAYER_LOCATION,20312,3/20/2024 11:59:53 AM,b079253d-0aa7-4af7-a0c1-2b96e9c29e53,1.4,"(2.2, 1.6, 1.0)","(0.0, 0.0, 0.0)","(0.0, 0.0, 0.0)",
PLAYER_LOCATION,20312,3/20/2024 11:59:53 AM,b079253d-0aa7-4af7-a0c1-2b96e9c29e53,1.4,"(2.2, 1.6, 1.0)","(0.0, 0.0, 0.0)","(0.0, 0.0, 0.0)",
VOICE_CAPTURE,20563,3/20/2024 11:59:53 AM,b079253d-0aa7-4af7-a0c1-2b96e9c29e53,1.4,freeform triage desert,NA,
PLAYER_LOCATION,20813,3/20/2024 11:59:54 AM,b079253d-0aa7-4af7-a0c1-2b96e9c29e53,1.4,"(2.2, 1.6, 1.0)","(0.0, 0.0, 0.0)","(0.0, 0.0, 0.0)",
PLAYER_LOCATION,20813,3/20/2024 11:59:54 AM,b079253d-0aa7-4af7-a0c1-2b96e9c29e53,1.4,"(2.2, 1.6, 1.0)","(0.0, 0.0, 0.0)","(0.0, 0.0, 0.0)",
PLAYER_LOCATION,21316,3/20/2024 11:59:54 AM,b079253d-0aa7-4af7-a0c1-2b96e9c29e53,1.4,"(2.2, 1.6, 1.0)","(0.0, 0.0, 0.0)","(0.0, 0.0, 0.0)",
PLAYER_LOCATION,21316,3/20/2024 11:59:54 AM,b079253d-0aa7-4af7-a0c1-2b96e9c29e53,1.4,"(2.2, 1.6, 1.0)","(0.0, 0.0, 0.0)","(0.0, 0.0, 0.0)",
PLAYER_LOCATION,21830,3/20/2024 11:59:55 AM,b079253d-0aa7-4af7-a0c1-2b96e9c29e53,1.4,"(2.2, 1.6, 1.0)","(0.0, 0.0, 0.0)","(0.0, 0.0, 0.0)",
PLAYER_LOCATION,21830,3/20/2024 11:59:55 AM,b079253d-0aa7-4af7-a0c1-2b96e9c29e53,1.4,"(2.2, 1.6, 1.0)","(0.0, 0.0, 0.0)","(0.0, 0.0, 0.0)",
PLAYER_LOCATION,22330,3/20/2024 11:59:55 AM,b079253d-0aa7-4af7-a0c1-2b96e9c29e53,1.4,"(2.2, 1.6, 1.0)","(0.0, 0.0, 0.0)","(0.0, 0.0, 0.0)",
PLAYER_LOCATION,22330,3/20/2024 11:59:55 AM,b079253d-0aa7-4af7-a0c1-2b96e9c29e53,1.4,"(2.2, 1.6, 1.0)","(0.0, 0.0, 0.0)","(0.0, 0.0, 0.0)",
PLAYER_LOCATION,22835,3/20/2024 11:59:56 AM,b079253d-0aa7-4af7-a0c1-2b96e9c29e53,1.4,"(2.2, 1.6, 1.0)","(0.0, 0.0, 0.0)","(0.0, 0.0, 0.0)",
PLAYER_LOCATION,22835,3/20/2024 11:59:56 AM,b079253d-0aa7-4af7-a0c1-2b96e9c29e53,1.4,"(2.2, 1.6, 1.0)","(0.0, 0.0, 0.0)","(0.0, 0.0, 0.0)",
PLAYER_LOCATION,23345,3/20/2024 11:59:56 AM,b079253d-0aa7-4af7-a0c1-2b96e9c29e53,1.4,"(2.2, 1.6, 1.0)","(0.0, 0.0, 0.0)","(0.0, 0.0, 0.0)",
PLAYER_LOCATION,23345,3/20/2024 11:59:56 AM,b079253d-0aa7-4af7-a0c1-2b96e9c29e53,1.4,"(2.2, 1.6, 1.0)","(0.0, 0.0, 0.0)","(0.0, 0.0, 0.0)",
PLAYER_LOCATION,23846,3/20/2024 11:59:57 AM,b079253d-0aa7-4af7-a0c1-2b96e9c29e53,1.4,"(2.2, 1.6, 1.0)","(0.0, 0.0, 0.0)","(0.0, 0.0, 0.0)",
PLAYER_LOCATION,23846,3/20/2024 11:59:57 AM,b079253d-0aa7-4af7-a0c1-2b96e9c29e53,1.4,"(2.2, 1.6, 1.0)","(0.0, 0.0, 0.0)","(0.0, 0.0, 0.0)",
PLAYER_LOCATION,24346,3/20/2024 11:59:57 AM,b079253d-0aa7-4af7-a0c1-2b96e9c29e53,1.4,"(2.2, 1.6, 1.0)","(0.0, 0.0, 0.0)","(0.0, 0.0, 0.0)",
PLAYER_LOCATION,24346,3/20/2024 11:59:57 AM,b079253d-0aa7-4af7-a0c1-2b96e9c29e53,1.4,"(2.2, 1.6, 1.0)","(0.0, 0.0, 0.0)","(0.0, 0.0, 0.0)",
PLAYER_LOCATION,24850,3/20/2024 11:59:58 AM,b079253d-0aa7-4af7-a0c1-2b96e9c29e53,1.4,"(2.2, 1.6, 1.0)","(0.0, 0.0, 0.0)","(0.0, 0.0, 0.0)",
PLAYER_LOCATION,24850,3/20/2024 11:59:58 AM,b079253d-0aa7-4af7-a0c1-2b96e9c29e53,1.4,"(2.2, 1.6, 1.0)","(0.0, 0.0, 0.0)","(0.0, 0.0, 0.0)",
PLAYER_LOCATION,25357,3/20/2024 11:59:58 AM,b079253d-0aa7-4af7-a0c1-2b96e9c29e53,1.4,"(2.2, 1.6, 1.0)","(0.0, 0.0, 0.0)","(0.0, 0.0, 0.0)",
PLAYER_LOCATION,25357,3/20/2024 11:59:58 AM,b079253d-0aa7-4af7-a0c1-2b96e9c29e53,1.4,"(2.2, 1.6, 1.0)","(0.0, 0.0, 0.0)","(0.0, 0.0, 0.0)",
PLAYER_LOCATION,25862,3/20/2024 11:59:59 AM,b079253d-0aa7-4af7-a0c1-2b96e9c29e53,1.4,"(2.2, 1.6, 1.0)","(0.0, 0.0, 0.0)","(0.0, 0.0, 0.0)",
PLAYER_LOCATION,25862,3/20/2024 11:59:59 AM,b079253d-0aa7-4af7-a0c1-2b96e9c29e53,1.4,"(2.2, 1.6, 1.0)","(0.0, 0.0, 0.0)","(0.0, 0.0, 0.0)",
PLAYER_LOCATION,26371,3/20/2024 11:59:59 AM,b079253d-0aa7-4af7-a0c1-2b96e9c29e53,1.4,"(2.2, 1.6, 1.0)","(0.0, 0.0, 0.0)","(0.0, 0.0, 0.0)",
PLAYER_LOCATION,26371,3/20/2024 11:59:59 AM,b079253d-0aa7-4af7-a0c1-2b96e9c29e53,1.4,"(2.2, 1.6, 1.0)","(0.0, 0.0, 0.0)","(0.0, 0.0, 0.0)",
PLAYER_LOCATION,26887,3/20/2024 12:00:00 PM,b079253d-0aa7-4af7-a0c1-2b96e9c29e53,1.4,"(2.2, 1.6, 1.0)","(0.0, 0.0, 0.0)","(0.0, 0.0, 0.0)",
PLAYER_LOCATION,26887,3/20/2024 12:00:00 PM,b079253d-0aa7-4af7-a0c1-2b96e9c29e53,1.4,"(2.2, 1.6, 1.0)","(0.0, 0.0, 0.0)","(0.0, 0.0, 0.0)",
PLAYER_LOCATION,27399,3/20/2024 12:00:00 PM,b079253d-0aa7-4af7-a0c1-2b96e9c29e53,1.4,"(2.2, 1.6, 1.0)","(0.0, 0.0, 0.0)","(0.0, 0.0, 0.0)",
PLAYER_LOCATION,27399,3/20/2024 12:00:00 PM,b079253d-0aa7-4af7-a0c1-2b96e9c29e53,1.4,"(2.2, 1.6, 1.0)","(0.0, 0.0, 0.0)","(0.0, 0.0, 0.0)",
PLAYER_LOCATION,27899,3/20/2024 12:00:01 PM,b079253d-0aa7-4af7-a0c1-2b96e9c29e53,1.4,"(2.2, 1.6, 1.0)","(0.0, 0.0, 0.0)","(0.0, 0.0, 0.0)",
PLAYER_LOCATION,27899,3/20/2024 12:00:01 PM,b079253d-0aa7-4af7-a0c1-2b96e9c29e53,1.4,"(2.2, 1.6, 1.0)","(0.0, 0.0, 0.0)","(0.0, 0.0, 0.0)",
PLAYER_LOCATION,28413,3/20/2024 12:00:01 PM,b079253d-0aa7-4af7-a0c1-2b96e9c29e53,1.4,"(2.2, 1.6, 1.0)","(0.0, 0.0, 0.0)","(0.0, 0.0, 0.0)",
PLAYER_LOCATION,28413,3/20/2024 12:00:01 PM,b079253d-0aa7-4af7-a0c1-2b96e9c29e53,1.4,"(2.2, 1.6, 1.0)","(0.0, 0.0, 0.0)","(0.0, 0.0, 0.0)",
PLAYER_LOCATION,28926,3/20/2024 12:00:02 PM,b079253d-0aa7-4af7-a0c1-2b96e9c29e53,1.4,"(2.2, 1.6, 1.0)","(0.0, 0.0, 0.0)","(0.0, 0.0, 0.0)",
PLAYER_LOCATION,28926,3/20/2024 12:00:02 PM,b079253d-0aa7-4af7-a0c1-2b96e9c29e53,1.4,"(2.2, 1.6, 1.0)","(0.0, 0.0, 0.0)","(0.0, 0.0, 0.0)",
PLAYER_LOCATION,29426,3/20/2024 12:00:02 PM,b079253d-0aa7-4af7-a0c1-2b96e9c29e53,1.4,"(2.2, 1.6, 1.0)","(0.0, 0.0, 0.0)","(0.0, 0.0, 0.0)",
PLAYER_LOCATION,29426,3/20/2024 12:00:02 PM,b079253d-0aa7-4af7-a0c1-2b96e9c29e53,1.4,"(2.2, 1.6, 1.0)","(0.0, 0.0, 0.0)","(0.0, 0.0, 0.0)",
PLAYER_LOCATION,29940,3/20/2024 12:00:03 PM,b079253d-0aa7-4af7-a0c1-2b96e9c29e53,1.4,"(2.2, 1.6, 1.0)","(0.0, 0.0, 0.0)","(0.0, 0.0, 0.0)",
PLAYER_LOCATION,29940,3/20/2024 12:00:03 PM,b079253d-0aa7-4af7-a0c1-2b96e9c29e53,1.4,"(2.2, 1.6, 1.0)","(0.0, 0.0, 0.0)","(0.0, 0.0, 0.0)",
PLAYER_LOCATION,30454,3/20/2024 12:00:03 PM,b079253d-0aa7-4af7-a0c1-2b96e9c29e53,1.4,"(2.2, 1.6, 1.0)","(0.0, 0.0, 0.0)","(0.0, 0.0, 0.0)",
PLAYER_LOCATION,30454,3/20/2024 12:00:03 PM,b079253d-0aa7-4af7-a0c1-2b96e9c29e53,1.4,"(2.2, 1.6, 1.0)","(0.0, 0.0, 0.0)","(0.0, 0.0, 0.0)",
PLAYER_LOCATION,30956,3/20/2024 12:00:04 PM,b079253d-0aa7-4af7-a0c1-2b96e9c29e53,1.4,"(2.2, 1.6, 1.0)","(0.0, 0.0, 0.0)","(0.0, 0.0, 0.0)",
PLAYER_LOCATION,30956,3/20/2024 12:00:04 PM,b079253d-0aa7-4af7-a0c1-2b96e9c29e53,1.4,"(2.2, 1.6, 1.0)","(0.0, 0.0, 0.0)","(0.0, 0.0, 0.0)",
PLAYER_LOCATION,31469,3/20/2024 12:00:04 PM,b079253d-0aa7-4af7-a0c1-2b96e9c29e53,1.4,"(2.2, 1.6, 1.0)","(0.0, 0.0, 0.0)","(0.0, 0.0, 0.0)",
PLAYER_LOCATION,31469,3/20/2024 12:00:04 PM,b079253d-0aa7-4af7-a0c1-2b96e9c29e53,1.4,"(2.2, 1.6, 1.0)","(0.0, 0.0, 0.0)","(0.0, 0.0, 0.0)",
PLAYER_LOCATION,31975,3/20/2024 12:00:05 PM,b079253d-0aa7-4af7-a0c1-2b96e9c29e53,1.4,"(2.2, 1.6, 1.0)","(0.0, 0.0, 0.0)","(0.0, 0.0, 0.0)",
PLAYER_LOCATION,31975,3/20/2024 12:00:05 PM,b079253d-0aa7-4af7-a0c1-2b96e9c29e53,1.4,"(2.2, 1.6, 1.0)","(0.0, 0.0, 0.0)","(0.0, 0.0, 0.0)",
PLAYER_LOCATION,32481,3/20/2024 12:00:05 PM,b079253d-0aa7-4af7-a0c1-2b96e9c29e53,1.4,"(2.2, 1.6, 1.0)","(0.0, 0.0, 0.0)","(0.0, 0.0, 0.0)",
PLAYER_LOCATION,32481,3/20/2024 12:00:05 PM,b079253d-0aa7-4af7-a0c1-2b96e9c29e53,1.4,"(2.2, 1.6, 1.0)","(0.0, 0.0, 0.0)","(0.0, 0.0, 0.0)",
PLAYER_LOCATION,32995,3/20/2024 12:00:06 PM,b079253d-0aa7-4af7-a0c1-2b96e9c29e53,1.4,"(2.2, 1.6, 1.0)","(0.0, 0.0, 0.0)","(0.0, 0.0, 0.0)",
PLAYER_LOCATION,32995,3/20/2024 12:00:06 PM,b079253d-0aa7-4af7-a0c1-2b96e9c29e53,1.4,"(2.2, 1.6, 1.0)","(0.0, 0.0, 0.0)","(0.0, 0.0, 0.0)",
PLAYER_LOCATION,33495,3/20/2024 12:00:06 PM,b079253d-0aa7-4af7-a0c1-2b96e9c29e53,1.4,"(2.2, 1.6, 1.0)","(0.0, 0.0, 0.0)","(0.0, 0.0, 0.0)",
PLAYER_LOCATION,33495,3/20/2024 12:00:06 PM,b079253d-0aa7-4af7-a0c1-2b96e9c29e53,1.4,"(2.2, 1.6, 1.0)","(0.0, 0.0, 0.0)","(0.0, 0.0, 0.0)",
PLAYER_LOCATION,34002,3/20/2024 12:00:07 PM,b079253d-0aa7-4af7-a0c1-2b96e9c29e53,1.4,"(2.2, 1.6, 1.0)","(0.0, 0.0, 0.0)","(0.0, 0.0, 0.0)",
PLAYER_LOCATION,34002,3/20/2024 12:00:07 PM,b079253d-0aa7-4af7-a0c1-2b96e9c29e53,1.4,"(2.2, 1.6, 1.0)","(0.0, 0.0, 0.0)","(0.0, 0.0, 0.0)",
PLAYER_LOCATION,34509,3/20/2024 12:00:07 PM,b079253d-0aa7-4af7-a0c1-2b96e9c29e53,1.4,"(2.2, 1.6, 1.0)","(0.0, 0.0, 0.0)","(0.0, 0.0, 0.0)",
PLAYER_LOCATION,34509,3/20/2024 12:00:07 PM,b079253d-0aa7-4af7-a0c1-2b96e9c29e53,1.4,"(2.2, 1.6, 1.0)","(0.0, 0.0, 0.0)","(0.0, 0.0, 0.0)",
VOICE_CAPTURE,34565,3/20/2024 12:00:07 PM,b079253d-0aa7-4af7-a0c1-2b96e9c29e53,1.4,mine mine was working,NA,
PLAYER_LOCATION,35011,3/20/2024 12:00:08 PM,b079253d-0aa7-4af7-a0c1-2b96e9c29e53,1.4,"(2.2, 1.6, 1.0)","(0.0, 0.0, 0.0)","(0.0, 0.0, 0.0)",
PLAYER_LOCATION,35011,3/20/2024 12:00:08 PM,b079253d-0aa7-4af7-a0c1-2b96e9c29e53,1.4,"(2.2, 1.6, 1.0)","(0.0, 0.0, 0.0)","(0.0, 0.0, 0.0)",
PLAYER_LOCATION,35524,3/20/2024 12:00:08 PM,b079253d-0aa7-4af7-a0c1-2b96e9c29e53,1.4,"(2.2, 1.6, 1.0)","(0.0, 0.0, 0.0)","(0.0, 0.0, 0.0)",
PLAYER_LOCATION,35524,3/20/2024 12:00:08 PM,b079253d-0aa7-4af7-a0c1-2b96e9c29e53,1.4,"(2.2, 1.6, 1.0)","(0.0, 0.0, 0.0)","(0.0, 0.0, 0.0)",
PLAYER_LOCATION,36039,3/20/2024 12:00:09 PM,b079253d-0aa7-4af7-a0c1-2b96e9c29e53,1.4,"(2.2, 1.6, 1.0)","(0.0, 0.0, 0.0)","(0.0, 0.0, 0.0)",
PLAYER_LOCATION,36039,3/20/2024 12:00:09 PM,b079253d-0aa7-4af7-a0c1-2b96e9c29e53,1.4,"(2.2, 1.6, 1.0)","(0.0, 0.0, 0.0)","(0.0, 0.0, 0.0)",
PLAYER_LOCATION,36538,3/20/2024 12:00:09 PM,b079253d-0aa7-4af7-a0c1-2b96e9c29e53,1.4,"(2.2, 1.6, 1.0)","(0.0, 0.0, 0.0)","(0.0, 0.0, 0.0)",
PLAYER_LOCATION,36538,3/20/2024 12:00:09 PM,b079253d-0aa7-4af7-a0c1-2b96e9c29e53,1.4,"(2.2, 1.6, 1.0)","(0.0, 0.0, 0.0)","(0.0, 0.0, 0.0)",
PLAYER_LOCATION,37038,3/20/2024 12:00:10 PM,b079253d-0aa7-4af7-a0c1-2b96e9c29e53,1.4,"(2.2, 1.6, 1.0)","(0.0, 0.0, 0.0)","(0.0, 0.0, 0.0)",
PLAYER_LOCATION,37038,3/20/2024 12:00:10 PM,b079253d-0aa7-4af7-a0c1-2b96e9c29e53,1.4,"(2.2, 1.6, 1.0)","(0.0, 0.0, 0.0)","(0.0, 0.0, 0.0)",
PLAYER_LOCATION,37557,3/20/2024 12:00:10 PM,b079253d-0aa7-4af7-a0c1-2b96e9c29e53,1.4,"(2.2, 1.6, 1.0)","(0.0, 0.0, 0.0)","(0.0, 0.0, 0.0)",
PLAYER_LOCATION,37557,3/20/2024 12:00:10 PM,b079253d-0aa7-4af7-a0c1-2b96e9c29e53,1.4,"(2.2, 1.6, 1.0)","(0.0, 0.0, 0.0)","(0.0, 0.0, 0.0)",
PLAYER_LOCATION,38069,3/20/2024 12:00:11 PM,b079253d-0aa7-4af7-a0c1-2b96e9c29e53,1.4,"(2.2, 1.6, 1.0)","(0.0, 0.0, 0.0)","(0.0, 0.0, 0.0)",
PLAYER_LOCATION,38069,3/20/2024 12:00:11 PM,b079253d-0aa7-4af7-a0c1-2b96e9c29e53,1.4,"(2.2, 1.6, 1.0)","(0.0, 0.0, 0.0)","(0.0, 0.0, 0.0)",
PLAYER_LOCATION,38583,3/20/2024 12:00:11 PM,b079253d-0aa7-4af7-a0c1-2b96e9c29e53,1.4,"(2.2, 1.6, 1.0)","(0.0, 0.0, 0.0)","(0.0, 0.0, 0.0)",
PLAYER_LOCATION,38583,3/20/2024 12:00:11 PM,b079253d-0aa7-4af7-a0c1-2b96e9c29e53,1.4,"(2.2, 1.6, 1.0)","(0.0, 0.0, 0.0)","(0.0, 0.0, 0.0)",
PLAYER_LOCATION,39083,3/20/2024 12:00:12 PM,b079253d-0aa7-4af7-a0c1-2b96e9c29e53,1.4,"(2.2, 1.6, 1.0)","(0.0, 0.0, 0.0)","(0.0, 0.0, 0.0)",
PLAYER_LOCATION,39083,3/20/2024 12:00:12 PM,b079253d-0aa7-4af7-a0c1-2b96e9c29e53,1.4,"(2.2, 1.6, 1.0)","(0.0, 0.0, 0.0)","(0.0, 0.0, 0.0)",
PLAYER_LOCATION,39588,3/20/2024 12:00:12 PM,b079253d-0aa7-4af7-a0c1-2b96e9c29e53,1.4,"(2.2, 1.6, 1.0)","(0.0, 0.0, 0.0)","(0.0, 0.0, 0.0)",
PLAYER_LOCATION,39588,3/20/2024 12:00:12 PM,b079253d-0aa7-4af7-a0c1-2b96e9c29e53,1.4,"(2.2, 1.6, 1.0)","(0.0, 0.0, 0.0)","(0.0, 0.0, 0.0)",
PLAYER_LOCATION,40091,3/20/2024 12:00:13 PM,b079253d-0aa7-4af7-a0c1-2b96e9c29e53,1.4,"(2.2, 1.6, 1.0)","(0.0, 0.0, 0.0)","(0.0, 0.0, 0.0)",
PLAYER_LOCATION,40091,3/20/2024 12:00:13 PM,b079253d-0aa7-4af7-a0c1-2b96e9c29e53,1.4,"(2.2, 1.6, 1.0)","(0.0, 0.0, 0.0)","(0.0, 0.0, 0.0)",
PLAYER_LOCATION,40599,3/20/2024 12:00:13 PM,b079253d-0aa7-4af7-a0c1-2b96e9c29e53,1.4,"(2.2, 1.6, 1.0)","(0.0, 0.0, 0.0)","(0.0, 0.0, 0.0)",
PLAYER_LOCATION,40599,3/20/2024 12:00:13 PM,b079253d-0aa7-4af7-a0c1-2b96e9c29e53,1.4,"(2.2, 1.6, 1.0)","(0.0, 0.0, 0.0)","(0.0, 0.0, 0.0)",
VOICE_CAPTURE,41047,3/20/2024 12:00:14 PM,b079253d-0aa7-4af7-a0c1-2b96e9c29e53,1.4,yeah,NA,
PLAYER_LOCATION,41102,3/20/2024 12:00:14 PM,b079253d-0aa7-4af7-a0c1-2b96e9c29e53,1.4,"(2.2, 1.6, 1.0)","(0.0, 0.0, 0.0)","(0.0, 0.0, 0.0)",
PLAYER_LOCATION,41102,3/20/2024 12:00:14 PM,b079253d-0aa7-4af7-a0c1-2b96e9c29e53,1.4,"(2.2, 1.6, 1.0)","(0.0, 0.0, 0.0)","(0.0, 0.0, 0.0)",
PLAYER_LOCATION,41604,3/20/2024 12:00:14 PM,b079253d-0aa7-4af7-a0c1-2b96e9c29e53,1.4,"(2.2, 1.6, 1.1)","(0.0, 0.0, 0.0)","(0.0, 0.0, 0.0)",
PLAYER_LOCATION,41604,3/20/2024 12:00:14 PM,b079253d-0aa7-4af7-a0c1-2b96e9c29e53,1.4,"(2.2, 1.6, 1.1)","(0.0, 0.0, 0.0)","(0.0, 0.0, 0.0)",
PLAYER_LOCATION,42123,3/20/2024 12:00:15 PM,b079253d-0aa7-4af7-a0c1-2b96e9c29e53,1.4,"(2.2, 1.6, 1.1)","(0.0, 0.0, 0.0)","(0.0, 0.0, 0.0)",
PLAYER_LOCATION,42123,3/20/2024 12:00:15 PM,b079253d-0aa7-4af7-a0c1-2b96e9c29e53,1.4,"(2.2, 1.6, 1.1)","(0.0, 0.0, 0.0)","(0.0, 0.0, 0.0)",
PLAYER_LOCATION,42633,3/20/2024 12:00:15 PM,b079253d-0aa7-4af7-a0c1-2b96e9c29e53,1.4,"(2.2, 1.6, 1.0)","(0.0, 0.0, 0.0)","(0.0, 0.0, 0.0)",
PLAYER_LOCATION,42633,3/20/2024 12:00:15 PM,b079253d-0aa7-4af7-a0c1-2b96e9c29e53,1.4,"(2.2, 1.6, 1.0)","(0.0, 0.0, 0.0)","(0.0, 0.0, 0.0)",
PLAYER_LOCATION,48905,3/20/2024 12:00:22 PM,b079253d-0aa7-4af7-a0c1-2b96e9c29e53,1.4,"(0.5, 1.6, -7.6)","(0.0, 0.0, 0.0)","(0.0, 0.0, 0.0)",
PLAYER_LOCATION,48905,3/20/2024 12:00:22 PM,b079253d-0aa7-4af7-a0c1-2b96e9c29e53,1.4,"(0.5, 1.6, -7.6)","(0.0, 0.0, 0.0)","(0.0, 0.0, 0.0)",
PATIENT_DEMOTED,49202,3/20/2024 12:00:22 PM,b079253d-0aa7-4af7-a0c1-2b96e9c29e53,1.4,100,Infinity,Marine with Leg Amputation Root,"(0.2, 0.0, -5.3)","(0.0, 0.1, 0.0, 1.0)",IMMEDIATE,waver,fast,fast,normal,agony,fetal,
PLAYER_LOCATION,49404,3/20/2024 12:00:22 PM,b079253d-0aa7-4af7-a0c1-2b96e9c29e53,1.4,"(0.4, 1.6, -7.7)","(0.0, 0.0, 0.0)","(0.0, 0.0, 0.0)",
PLAYER_LOCATION,49404,3/20/2024 12:00:22 PM,b079253d-0aa7-4af7-a0c1-2b96e9c29e53,1.4,"(0.4, 1.6, -7.7)","(0.0, 0.0, 0.0)","(0.0, 0.0, 0.0)",
PLAYER_LOCATION,49915,3/20/2024 12:00:23 PM,b079253d-0aa7-4af7-a0c1-2b96e9c29e53,1.4,"(0.4, 1.6, -7.7)","(0.0, 0.0, 0.0)","(0.0, 0.0, 0.0)",
PLAYER_LOCATION,49915,3/20/2024 12:00:23 PM,b079253d-0aa7-4af7-a0c1-2b96e9c29e53,1.4,"(0.4, 1.6, -7.7)","(0.0, 0.0, 0.0)","(0.0, 0.0, 0.0)",
PLAYER_LOCATION,50422,3/20/2024 12:00:23 PM,b079253d-0aa7-4af7-a0c1-2b96e9c29e53,1.4,"(0.4, 1.6, -7.7)","(0.0, 0.0, 0.0)","(0.0, 0.0, 0.0)",
PLAYER_LOCATION,50422,3/20/2024 12:00:23 PM,b079253d-0aa7-4af7-a0c1-2b96e9c29e53,1.4,"(0.4, 1.6, -7.7)","(0.0, 0.0, 0.0)","(0.0, 0.0, 0.0)",
PLAYER_LOCATION,50925,3/20/2024 12:00:24 PM,b079253d-0aa7-4af7-a0c1-2b96e9c29e53,1.4,"(0.4, 1.6, -7.7)","(0.0, 0.0, 0.0)","(0.0, 0.0, 0.0)",
PLAYER_LOCATION,50925,3/20/2024 12:00:24 PM,b079253d-0aa7-4af7-a0c1-2b96e9c29e53,1.4,"(0.4, 1.6, -7.7)","(0.0, 0.0, 0.0)","(0.0, 0.0, 0.0)",
PLAYER_LOCATION,51429,3/20/2024 12:00:24 PM,b079253d-0aa7-4af7-a0c1-2b96e9c29e53,1.4,"(0.4, 1.6, -7.7)","(0.0, 0.0, 0.0)","(0.0, 0.0, 0.0)",
PLAYER_LOCATION,51429,3/20/2024 12:00:24 PM,b079253d-0aa7-4af7-a0c1-2b96e9c29e53,1.4,"(0.4, 1.6, -7.7)","(0.0, 0.0, 0.0)","(0.0, 0.0, 0.0)",
SESSION_START,51470,3/20/2024 12:00:24 PM,b079253d-0aa7-4af7-a0c1-2b96e9c29e53,1.4,
PATIENT_RECORD,51471,3/20/2024 12:00:24 PM,b079253d-0aa7-4af7-a0c1-2b96e9c29e53,1.4,100,128,Marine with Narrative Root,"(0.0, 0.0, 0.0)","(0.0, 0.1, 0.0, 1.0)",MINIMAL,waver,normal,normal,normal,normal,calm,shooting,
PATIENT_RECORD,51471,3/20/2024 12:00:24 PM,b079253d-0aa7-4af7-a0c1-2b96e9c29e53,1.4,100,Infinity,Marine with Leg Amputation Root,"(0.0, 0.0, -5.0)","(0.0, 0.1, 0.0, 1.0)",IMMEDIATE,waver,fast,fast,normal,low,agony,fetal,
INJURY_RECORD,51471,3/20/2024 12:00:24 PM,b079253d-0aa7-4af7-a0c1-2b96e9c29e53,1.4,L Shin Amputation,Marine with Leg Amputation Root,tourniquet,high,leftLeg,False,False,"(-0.1, 0.4, -5.0)",
PLAYER_LOCATION,51930,3/20/2024 12:00:25 PM,b079253d-0aa7-4af7-a0c1-2b96e9c29e53,1.4,"(0.4, 1.6, -7.7)","(0.0, 0.0, 0.0)","(0.0, 0.0, 0.0)",
PLAYER_LOCATION,51930,3/20/2024 12:00:25 PM,b079253d-0aa7-4af7-a0c1-2b96e9c29e53,1.4,"(0.4, 1.6, -7.7)","(0.0, 0.0, 0.0)","(0.0, 0.0, 0.0)",
PLAYER_LOCATION,52442,3/20/2024 12:00:25 PM,b079253d-0aa7-4af7-a0c1-2b96e9c29e53,1.4,"(0.4, 1.6, -7.7)","(0.0, 0.0, 0.0)","(0.0, 0.0, 0.0)",
PLAYER_LOCATION,52442,3/20/2024 12:00:25 PM,b079253d-0aa7-4af7-a0c1-2b96e9c29e53,1.4,"(0.4, 1.6, -7.7)","(0.0, 0.0, 0.0)","(0.0, 0.0, 0.0)",
PLAYER_LOCATION,52953,3/20/2024 12:00:26 PM,b079253d-0aa7-4af7-a0c1-2b96e9c29e53,1.4,"(0.5, 1.6, -7.7)","(0.0, 0.0, 0.0)","(0.0, 0.0, 0.0)",
PLAYER_LOCATION,52953,3/20/2024 12:00:26 PM,b079253d-0aa7-4af7-a0c1-2b96e9c29e53,1.4,"(0.5, 1.6, -7.7)","(0.0, 0.0, 0.0)","(0.0, 0.0, 0.0)",
PLAYER_LOCATION,53455,3/20/2024 12:00:26 PM,b079253d-0aa7-4af7-a0c1-2b96e9c29e53,1.4,"(0.4, 1.6, -7.7)","(0.0, 0.0, 0.0)","(0.0, 0.0, 0.0)",
PLAYER_LOCATION,53455,3/20/2024 12:00:26 PM,b079253d-0aa7-4af7-a0c1-2b96e9c29e53,1.4,"(0.4, 1.6, -7.7)","(0.0, 0.0, 0.0)","(0.0, 0.0, 0.0)",
PLAYER_LOCATION,53959,3/20/2024 12:00:27 PM,b079253d-0aa7-4af7-a0c1-2b96e9c29e53,1.4,"(0.4, 1.6, -7.6)","(0.0, 0.0, 0.0)","(0.0, 0.0, 0.0)",
PLAYER_LOCATION,53959,3/20/2024 12:00:27 PM,b079253d-0aa7-4af7-a0c1-2b96e9c29e53,1.4,"(0.4, 1.6, -7.6)","(0.0, 0.0, 0.0)","(0.0, 0.0, 0.0)",
PLAYER_LOCATION,54460,3/20/2024 12:00:27 PM,b079253d-0aa7-4af7-a0c1-2b96e9c29e53,1.4,"(0.4, 1.6, -7.7)","(0.0, 0.0, 0.0)","(0.0, 0.0, 0.0)",
PLAYER_LOCATION,54460,3/20/2024 12:00:27 PM,b079253d-0aa7-4af7-a0c1-2b96e9c29e53,1.4,"(0.4, 1.6, -7.7)","(0.0, 0.0, 0.0)","(0.0, 0.0, 0.0)",
PLAYER_LOCATION,54969,3/20/2024 12:00:28 PM,b079253d-0aa7-4af7-a0c1-2b96e9c29e53,1.4,"(0.4, 1.6, -7.8)","(0.0, 0.0, 0.0)","(0.0, 0.0, 0.0)",
PLAYER_LOCATION,54969,3/20/2024 12:00:28 PM,b079253d-0aa7-4af7-a0c1-2b96e9c29e53,1.4,"(0.4, 1.6, -7.8)","(0.0, 0.0, 0.0)","(0.0, 0.0, 0.0)",
PLAYER_LOCATION,55484,3/20/2024 12:00:28 PM,b079253d-0aa7-4af7-a0c1-2b96e9c29e53,1.4,"(0.4, 1.6, -7.7)","(0.0, 0.0, 0.0)","(0.0, 0.0, 0.0)",
PLAYER_LOCATION,55484,3/20/2024 12:00:28 PM,b079253d-0aa7-4af7-a0c1-2b96e9c29e53,1.4,"(0.4, 1.6, -7.7)","(0.0, 0.0, 0.0)","(0.0, 0.0, 0.0)",
PLAYER_LOCATION,55984,3/20/2024 12:00:29 PM,b079253d-0aa7-4af7-a0c1-2b96e9c29e53,1.4,"(0.4, 1.6, -7.5)","(0.0, 0.0, 0.0)","(0.0, 0.0, 0.0)",
PLAYER_LOCATION,55984,3/20/2024 12:00:29 PM,b079253d-0aa7-4af7-a0c1-2b96e9c29e53,1.4,"(0.4, 1.6, -7.5)","(0.0, 0.0, 0.0)","(0.0, 0.0, 0.0)",
PLAYER_LOCATION,56484,3/20/2024 12:00:29 PM,b079253d-0aa7-4af7-a0c1-2b96e9c29e53,1.4,"(0.4, 1.6, -7.5)","(0.0, 0.0, 0.0)","(0.0, 0.0, 0.0)",
PLAYER_LOCATION,56484,3/20/2024 12:00:29 PM,b079253d-0aa7-4af7-a0c1-2b96e9c29e53,1.4,"(0.4, 1.6, -7.5)","(0.0, 0.0, 0.0)","(0.0, 0.0, 0.0)",
PLAYER_LOCATION,56983,3/20/2024 12:00:30 PM,b079253d-0aa7-4af7-a0c1-2b96e9c29e53,1.4,"(0.4, 1.6, -7.6)","(0.0, 0.0, 0.0)","(0.0, 0.0, 0.0)",
PLAYER_GAZE,56983,3/20/2024 12:00:30 PM,b079253d-0aa7-4af7-a0c1-2b96e9c29e53,1.4,"(0.0, 0.0, -5.0)",Marine with Leg Amputation Root,3.061306,"(0.4, 1.6, -2.6)",
PLAYER_LOCATION,56983,3/20/2024 12:00:30 PM,b079253d-0aa7-4af7-a0c1-2b96e9c29e53,1.4,"(0.4, 1.6, -7.6)","(0.0, 0.0, 0.0)","(0.0, 0.0, 0.0)",
PLAYER_GAZE,56983,3/20/2024 12:00:30 PM,b079253d-0aa7-4af7-a0c1-2b96e9c29e53,1.4,"(0.0, 0.0, -5.0)",Marine with Leg Amputation Root,3.061306,"(0.4, 1.6, -2.6)",
PLAYER_LOCATION,57492,3/20/2024 12:00:30 PM,b079253d-0aa7-4af7-a0c1-2b96e9c29e53,1.4,"(0.4, 1.6, -7.6)","(0.0, 0.0, 0.0)","(0.0, 0.0, 0.0)",
PLAYER_LOCATION,57492,3/20/2024 12:00:30 PM,b079253d-0aa7-4af7-a0c1-2b96e9c29e53,1.4,"(0.4, 1.6, -7.6)","(0.0, 0.0, 0.0)","(0.0, 0.0, 0.0)",
PLAYER_LOCATION,57995,3/20/2024 12:00:31 PM,b079253d-0aa7-4af7-a0c1-2b96e9c29e53,1.4,"(0.5, 1.6, -7.6)","(0.0, 0.0, 0.0)","(0.0, 0.0, 0.0)",
PLAYER_LOCATION,57995,3/20/2024 12:00:31 PM,b079253d-0aa7-4af7-a0c1-2b96e9c29e53,1.4,"(0.5, 1.6, -7.6)","(0.0, 0.0, 0.0)","(0.0, 0.0, 0.0)",
PLAYER_LOCATION,58496,3/20/2024 12:00:31 PM,b079253d-0aa7-4af7-a0c1-2b96e9c29e53,1.4,"(0.6, 1.6, -7.6)","(0.0, 0.0, 0.0)","(0.0, 0.0, 0.0)",
PLAYER_GAZE,58496,3/20/2024 12:00:31 PM,b079253d-0aa7-4af7-a0c1-2b96e9c29e53,1.4,"(0.0, 0.0, 0.0)",Marine with Narrative Root,7.793966,"(0.6, 1.6, -7.6)",
PLAYER_LOCATION,58496,3/20/2024 12:00:31 PM,b079253d-0aa7-4af7-a0c1-2b96e9c29e53,1.4,"(0.6, 1.6, -7.6)","(0.0, 0.0, 0.0)","(0.0, 0.0, 0.0)",
PLAYER_GAZE,58496,3/20/2024 12:00:31 PM,b079253d-0aa7-4af7-a0c1-2b96e9c29e53,1.4,"(0.0, 0.0, 0.0)",Marine with Narrative Root,7.793966,"(0.6, 1.6, -7.6)",
PLAYER_LOCATION,58999,3/20/2024 12:00:32 PM,b079253d-0aa7-4af7-a0c1-2b96e9c29e53,1.4,"(0.5, 1.6, -7.6)","(0.0, 0.0, 0.0)","(0.0, 0.0, 0.0)",
PLAYER_GAZE,58999,3/20/2024 12:00:32 PM,b079253d-0aa7-4af7-a0c1-2b96e9c29e53,1.4,"(0.0, 0.0, 0.0)",Marine with Narrative Root,7.772286,"(0.5, 1.6, -7.6)",
PLAYER_LOCATION,58999,3/20/2024 12:00:32 PM,b079253d-0aa7-4af7-a0c1-2b96e9c29e53,1.4,"(0.5, 1.6, -7.6)","(0.0, 0.0, 0.0)","(0.0, 0.0, 0.0)",
PLAYER_GAZE,58999,3/20/2024 12:00:32 PM,b079253d-0aa7-4af7-a0c1-2b96e9c29e53,1.4,"(0.0, 0.0, 0.0)",Marine with Narrative Root,7.772286,"(0.5, 1.6, -7.6)",
TELEPORT,59368,3/20/2024 12:00:32 PM,b079253d-0aa7-4af7-a0c1-2b96e9c29e53,1.4,"(0.3, 0.0, -7.3)",
PLAYER_LOCATION,59508,3/20/2024 12:00:32 PM,b079253d-0aa7-4af7-a0c1-2b96e9c29e53,1.4,"(0.5, 1.6, -7.6)","(0.0, 0.0, 0.0)","(0.0, 0.0, 0.0)",
PLAYER_GAZE,59508,3/20/2024 12:00:32 PM,b079253d-0aa7-4af7-a0c1-2b96e9c29e53,1.4,"(0.0, 0.0, 0.0)",Marine with Narrative Root,7.752024,"(0.5, 1.6, -7.6)",
PLAYER_LOCATION,59508,3/20/2024 12:00:32 PM,b079253d-0aa7-4af7-a0c1-2b96e9c29e53,1.4,"(0.5, 1.6, -7.6)","(0.0, 0.0, 0.0)","(0.0, 0.0, 0.0)",
PLAYER_GAZE,59508,3/20/2024 12:00:32 PM,b079253d-0aa7-4af7-a0c1-2b96e9c29e53,1.4,"(0.0, 0.0, 0.0)",Marine with Narrative Root,7.752024,"(0.5, 1.6, -7.6)",
PLAYER_LOCATION,60022,3/20/2024 12:00:33 PM,b079253d-0aa7-4af7-a0c1-2b96e9c29e53,1.4,"(0.5, 1.6, -7.6)","(0.0, 0.0, 0.0)","(0.0, 0.0, 0.0)",
PLAYER_GAZE,60022,3/20/2024 12:00:33 PM,b079253d-0aa7-4af7-a0c1-2b96e9c29e53,1.4,"(0.0, 0.0, 0.0)",Marine with Narrative Root,7.759411,"(0.5, 1.6, -7.6)",
PLAYER_LOCATION,60022,3/20/2024 12:00:33 PM,b079253d-0aa7-4af7-a0c1-2b96e9c29e53,1.4,"(0.5, 1.6, -7.6)","(0.0, 0.0, 0.0)","(0.0, 0.0, 0.0)",
PLAYER_GAZE,60022,3/20/2024 12:00:33 PM,b079253d-0aa7-4af7-a0c1-2b96e9c29e53,1.4,"(0.0, 0.0, 0.0)",Marine with Narrative Root,7.759411,"(0.5, 1.6, -7.6)",
PLAYER_LOCATION,60524,3/20/2024 12:00:33 PM,b079253d-0aa7-4af7-a0c1-2b96e9c29e53,1.4,"(0.5, 1.6, -7.6)","(0.0, 0.0, 0.0)","(0.0, 0.0, 0.0)",
PLAYER_GAZE,60524,3/20/2024 12:00:33 PM,b079253d-0aa7-4af7-a0c1-2b96e9c29e53,1.4,"(0.0, 0.0, 0.0)",Marine with Narrative Root,7.769619,"(0.5, 1.6, -7.6)",
PLAYER_LOCATION,60524,3/20/2024 12:00:33 PM,b079253d-0aa7-4af7-a0c1-2b96e9c29e53,1.4,"(0.5, 1.6, -7.6)","(0.0, 0.0, 0.0)","(0.0, 0.0, 0.0)",
PLAYER_GAZE,60524,3/20/2024 12:00:33 PM,b079253d-0aa7-4af7-a0c1-2b96e9c29e53,1.4,"(0.0, 0.0, 0.0)",Marine with Narrative Root,7.769619,"(0.5, 1.6, -7.6)",
PLAYER_LOCATION,61033,3/20/2024 12:00:34 PM,b079253d-0aa7-4af7-a0c1-2b96e9c29e53,1.4,"(0.5, 1.6, -7.6)","(0.0, 0.0, 0.0)","(0.0, 0.0, 0.0)",
PLAYER_GAZE,61033,3/20/2024 12:00:34 PM,b079253d-0aa7-4af7-a0c1-2b96e9c29e53,1.4,"(0.0, 0.0, 0.0)",Marine with Narrative Root,7.764406,"(0.5, 1.6, -7.6)",
PLAYER_LOCATION,61033,3/20/2024 12:00:34 PM,b079253d-0aa7-4af7-a0c1-2b96e9c29e53,1.4,"(0.5, 1.6, -7.6)","(0.0, 0.0, 0.0)","(0.0, 0.0, 0.0)",
PLAYER_GAZE,61033,3/20/2024 12:00:34 PM,b079253d-0aa7-4af7-a0c1-2b96e9c29e53,1.4,"(0.0, 0.0, 0.0)",Marine with Narrative Root,7.764406,"(0.5, 1.6, -7.6)",
TELEPORT,61442,3/20/2024 12:00:34 PM,b079253d-0aa7-4af7-a0c1-2b96e9c29e53,1.4,"(0.3, 0.0, -7.3)",
PLAYER_LOCATION,61537,3/20/2024 12:00:34 PM,b079253d-0aa7-4af7-a0c1-2b96e9c29e53,1.4,"(0.5, 1.6, -7.5)","(0.0, 0.0, 0.0)","(0.0, 0.0, 0.0)",
PLAYER_GAZE,61537,3/20/2024 12:00:34 PM,b079253d-0aa7-4af7-a0c1-2b96e9c29e53,1.4,"(0.0, 0.0, 0.0)",Marine with Narrative Root,7.68989,"(0.5, 1.6, -7.5)",
PLAYER_LOCATION,61537,3/20/2024 12:00:34 PM,b079253d-0aa7-4af7-a0c1-2b96e9c29e53,1.4,"(0.5, 1.6, -7.5)","(0.0, 0.0, 0.0)","(0.0, 0.0, 0.0)",
PLAYER_GAZE,61537,3/20/2024 12:00:34 PM,b079253d-0aa7-4af7-a0c1-2b96e9c29e53,1.4,"(0.0, 0.0, 0.0)",Marine with Narrative Root,7.68989,"(0.5, 1.6, -7.5)",
PLAYER_LOCATION,62038,3/20/2024 12:00:35 PM,b079253d-0aa7-4af7-a0c1-2b96e9c29e53,1.4,"(0.3, 1.6, -7.2)","(0.0, 0.0, 0.0)","(0.0, 0.0, 0.0)",
PLAYER_LOCATION,62038,3/20/2024 12:00:35 PM,b079253d-0aa7-4af7-a0c1-2b96e9c29e53,1.4,"(0.3, 1.6, -7.2)","(0.0, 0.0, 0.0)","(0.0, 0.0, 0.0)",
PLAYER_LOCATION,62549,3/20/2024 12:00:35 PM,b079253d-0aa7-4af7-a0c1-2b96e9c29e53,1.4,"(0.2, 1.6, -6.8)","(0.0, 0.0, 0.0)","(0.0, 0.0, 0.0)",
PLAYER_GAZE,62549,3/20/2024 12:00:35 PM,b079253d-0aa7-4af7-a0c1-2b96e9c29e53,1.4,"(0.0, 0.0, -5.0)",Marine with Leg Amputation Root,2.389589,"(0.2, 1.6, -1.8)",
PLAYER_LOCATION,62549,3/20/2024 12:00:35 PM,b079253d-0aa7-4af7-a0c1-2b96e9c29e53,1.4,"(0.2, 1.6, -6.8)","(0.0, 0.0, 0.0)","(0.0, 0.0, 0.0)",
PLAYER_GAZE,62549,3/20/2024 12:00:35 PM,b079253d-0aa7-4af7-a0c1-2b96e9c29e53,1.4,"(0.0, 0.0, -5.0)",Marine with Leg Amputation Root,2.389589,"(0.2, 1.6, -1.8)",
PLAYER_LOCATION,63063,3/20/2024 12:00:36 PM,b079253d-0aa7-4af7-a0c1-2b96e9c29e53,1.4,"(0.1, 1.5, -6.5)","(0.0, 0.0, 0.0)","(0.0, 0.0, 0.0)",
PLAYER_GAZE,63063,3/20/2024 12:00:36 PM,b079253d-0aa7-4af7-a0c1-2b96e9c29e53,1.4,"(0.0, 0.0, -5.0)",Marine with Leg Amputation Root,2.123567,"(0.1, 1.5, -1.5)",
PLAYER_LOCATION,63063,3/20/2024 12:00:36 PM,b079253d-0aa7-4af7-a0c1-2b96e9c29e53,1.4,"(0.1, 1.5, -6.5)","(0.0, 0.0, 0.0)","(0.0, 0.0, 0.0)",
PLAYER_GAZE,63063,3/20/2024 12:00:36 PM,b079253d-0aa7-4af7-a0c1-2b96e9c29e53,1.4,"(0.0, 0.0, -5.0)",Marine with Leg Amputation Root,2.123567,"(0.1, 1.5, -1.5)",
PLAYER_LOCATION,63563,3/20/2024 12:00:36 PM,b079253d-0aa7-4af7-a0c1-2b96e9c29e53,1.4,"(0.0, 1.5, -6.1)","(0.0, 0.0, 0.0)","(0.0, 0.0, 0.0)",
PLAYER_GAZE,63563,3/20/2024 12:00:36 PM,b079253d-0aa7-4af7-a0c1-2b96e9c29e53,1.4,"(0.0, 0.0, -5.0)",Marine with Leg Amputation Root,1.911703,"(0.0, 1.5, -1.1)",
PLAYER_LOCATION,63563,3/20/2024 12:00:36 PM,b079253d-0aa7-4af7-a0c1-2b96e9c29e53,1.4,"(0.0, 1.5, -6.1)","(0.0, 0.0, 0.0)","(0.0, 0.0, 0.0)",
PLAYER_GAZE,63563,3/20/2024 12:00:36 PM,b079253d-0aa7-4af7-a0c1-2b96e9c29e53,1.4,"(0.0, 0.0, -5.0)",Marine with Leg Amputation Root,1.911703,"(0.0, 1.5, -1.1)",
PLAYER_LOCATION,64069,3/20/2024 12:00:37 PM,b079253d-0aa7-4af7-a0c1-2b96e9c29e53,1.4,"(0.0, 1.5, -5.8)","(0.0, 0.0, 0.0)","(0.0, 0.0, 0.0)",
PLAYER_LOCATION,64069,3/20/2024 12:00:37 PM,b079253d-0aa7-4af7-a0c1-2b96e9c29e53,1.4,"(0.0, 1.5, -5.8)","(0.0, 0.0, 0.0)","(0.0, 0.0, 0.0)",
PLAYER_LOCATION,64570,3/20/2024 12:00:37 PM,b079253d-0aa7-4af7-a0c1-2b96e9c29e53,1.4,"(-0.1, 1.5, -5.5)","(0.0, 0.0, 0.0)","(0.0, 0.0, 0.0)",
PLAYER_LOCATION,64570,3/20/2024 12:00:37 PM,b079253d-0aa7-4af7-a0c1-2b96e9c29e53,1.4,"(-0.1, 1.5, -5.5)","(0.0, 0.0, 0.0)","(0.0, 0.0, 0.0)",
PLAYER_LOCATION,65073,3/20/2024 12:00:38 PM,b079253d-0aa7-4af7-a0c1-2b96e9c29e53,1.4,"(-0.1, 1.5, -5.1)","(0.0, 0.0, 0.0)","(0.0, 0.0, 0.0)",
PLAYER_LOCATION,65073,3/20/2024 12:00:38 PM,b079253d-0aa7-4af7-a0c1-2b96e9c29e53,1.4,"(-0.1, 1.5, -5.1)","(0.0, 0.0, 0.0)","(0.0, 0.0, 0.0)",
PLAYER_LOCATION,65578,3/20/2024 12:00:38 PM,b079253d-0aa7-4af7-a0c1-2b96e9c29e53,1.4,"(-0.1, 1.5, -4.8)","(0.0, 0.0, 0.0)","(0.0, 0.0, 0.0)",
PLAYER_LOCATION,65578,3/20/2024 12:00:38 PM,b079253d-0aa7-4af7-a0c1-2b96e9c29e53,1.4,"(-0.1, 1.5, -4.8)","(0.0, 0.0, 0.0)","(0.0, 0.0, 0.0)",
PLAYER_LOCATION,66079,3/20/2024 12:00:39 PM,b079253d-0aa7-4af7-a0c1-2b96e9c29e53,1.4,"(0.2, 1.5, -4.6)","(0.0, 0.0, 0.0)","(0.0, 0.0, 0.0)",
PLAYER_LOCATION,66079,3/20/2024 12:00:39 PM,b079253d-0aa7-4af7-a0c1-2b96e9c29e53,1.4,"(0.2, 1.5, -4.6)","(0.0, 0.0, 0.0)","(0.0, 0.0, 0.0)",
PLAYER_LOCATION,66591,3/20/2024 12:00:39 PM,b079253d-0aa7-4af7-a0c1-2b96e9c29e53,1.4,"(0.5, 1.5, -4.8)","(0.0, 0.0, 0.0)","(0.0, 0.0, 0.0)",
PLAYER_GAZE,66591,3/20/2024 12:00:39 PM,b079253d-0aa7-4af7-a0c1-2b96e9c29e53,1.4,"(0.0, 0.0, -5.0)",Marine with Leg Amputation Root,1.588483,"(0.5, 1.5, 0.2)",
PLAYER_LOCATION,66591,3/20/2024 12:00:39 PM,b079253d-0aa7-4af7-a0c1-2b96e9c29e53,1.4,"(0.5, 1.5, -4.8)","(0.0, 0.0, 0.0)","(0.0, 0.0, 0.0)",
PLAYER_GAZE,66591,3/20/2024 12:00:39 PM,b079253d-0aa7-4af7-a0c1-2b96e9c29e53,1.4,"(0.0, 0.0, -5.0)",Marine with Leg Amputation Root,1.588483,"(0.5, 1.5, 0.2)",
PLAYER_LOCATION,67101,3/20/2024 12:00:40 PM,b079253d-0aa7-4af7-a0c1-2b96e9c29e53,1.4,"(0.5, 1.5, -4.7)","(0.0, 0.0, 0.0)","(0.0, 0.0, 0.0)",
PLAYER_LOCATION,67101,3/20/2024 12:00:40 PM,b079253d-0aa7-4af7-a0c1-2b96e9c29e53,1.4,"(0.5, 1.5, -4.7)","(0.0, 0.0, 0.0)","(0.0, 0.0, 0.0)",
PLAYER_LOCATION,67609,3/20/2024 12:00:40 PM,b079253d-0aa7-4af7-a0c1-2b96e9c29e53,1.4,"(0.4, 1.5, -4.6)","(0.0, 0.0, 0.0)","(0.0, 0.0, 0.0)",
PLAYER_LOCATION,67609,3/20/2024 12:00:40 PM,b079253d-0aa7-4af7-a0c1-2b96e9c29e53,1.4,"(0.4, 1.5, -4.6)","(0.0, 0.0, 0.0)","(0.0, 0.0, 0.0)",
PLAYER_LOCATION,68110,3/20/2024 12:00:41 PM,b079253d-0aa7-4af7-a0c1-2b96e9c29e53,1.4,"(0.4, 1.5, -4.5)","(0.0, 0.0, 0.0)","(0.0, 0.0, 0.0)",
PLAYER_LOCATION,68110,3/20/2024 12:00:41 PM,b079253d-0aa7-4af7-a0c1-2b96e9c29e53,1.4,"(0.4, 1.5, -4.5)","(0.0, 0.0, 0.0)","(0.0, 0.0, 0.0)",
PLAYER_LOCATION,68613,3/20/2024 12:00:41 PM,b079253d-0aa7-4af7-a0c1-2b96e9c29e53,1.4,"(0.6, 1.5, -4.5)","(0.0, 0.0, 0.0)","(0.0, 0.0, 0.0)",
PLAYER_LOCATION,68613,3/20/2024 12:00:41 PM,b079253d-0aa7-4af7-a0c1-2b96e9c29e53,1.4,"(0.6, 1.5, -4.5)","(0.0, 0.0, 0.0)","(0.0, 0.0, 0.0)",
PLAYER_LOCATION,69113,3/20/2024 12:00:42 PM,b079253d-0aa7-4af7-a0c1-2b96e9c29e53,1.4,"(0.5, 1.5, -4.4)","(0.0, 0.0, 0.0)","(0.0, 0.0, 0.0)",
PLAYER_LOCATION,69113,3/20/2024 12:00:42 PM,b079253d-0aa7-4af7-a0c1-2b96e9c29e53,1.4,"(0.5, 1.5, -4.4)","(0.0, 0.0, 0.0)","(0.0, 0.0, 0.0)",
PLAYER_LOCATION,69644,3/20/2024 12:00:42 PM,b079253d-0aa7-4af7-a0c1-2b96e9c29e53,1.4,"(0.5, 1.5, -4.4)","(0.0, 0.0, 0.0)","(0.0, 0.0, 0.0)",
PLAYER_LOCATION,69644,3/20/2024 12:00:42 PM,b079253d-0aa7-4af7-a0c1-2b96e9c29e53,1.4,"(0.5, 1.5, -4.4)","(0.0, 0.0, 0.0)","(0.0, 0.0, 0.0)",
BAG_ACCESS,69971,3/20/2024 12:00:43 PM,b079253d-0aa7-4af7-a0c1-2b96e9c29e53,1.4,"(0.0, 0.0, 0.0)",
PLAYER_LOCATION,70149,3/20/2024 12:00:43 PM,b079253d-0aa7-4af7-a0c1-2b96e9c29e53,1.4,"(0.6, 1.5, -4.4)","(0.0, 0.0, 0.0)","(0.0, 0.0, 0.0)",
PLAYER_LOCATION,70149,3/20/2024 12:00:43 PM,b079253d-0aa7-4af7-a0c1-2b96e9c29e53,1.4,"(0.6, 1.5, -4.4)","(0.0, 0.0, 0.0)","(0.0, 0.0, 0.0)",
PLAYER_LOCATION,70677,3/20/2024 12:00:44 PM,b079253d-0aa7-4af7-a0c1-2b96e9c29e53,1.4,"(0.6, 1.5, -4.3)","(0.0, 0.0, 0.0)","(0.0, 0.0, 0.0)",
PLAYER_LOCATION,70677,3/20/2024 12:00:44 PM,b079253d-0aa7-4af7-a0c1-2b96e9c29e53,1.4,"(0.6, 1.5, -4.3)","(0.0, 0.0, 0.0)","(0.0, 0.0, 0.0)",
PLAYER_LOCATION,71205,3/20/2024 12:00:44 PM,b079253d-0aa7-4af7-a0c1-2b96e9c29e53,1.4,"(0.5, 1.5, -4.3)","(0.0, 0.0, 0.0)","(0.0, 0.0, 0.0)",
PLAYER_LOCATION,71205,3/20/2024 12:00:44 PM,b079253d-0aa7-4af7-a0c1-2b96e9c29e53,1.4,"(0.5, 1.5, -4.3)","(0.0, 0.0, 0.0)","(0.0, 0.0, 0.0)",
PLAYER_LOCATION,71733,3/20/2024 12:00:45 PM,b079253d-0aa7-4af7-a0c1-2b96e9c29e53,1.4,"(0.5, 1.5, -4.3)","(0.0, 0.0, 0.0)","(0.0, 0.0, 0.0)",
PLAYER_LOCATION,71733,3/20/2024 12:00:45 PM,b079253d-0aa7-4af7-a0c1-2b96e9c29e53,1.4,"(0.5, 1.5, -4.3)","(0.0, 0.0, 0.0)","(0.0, 0.0, 0.0)",
PLAYER_LOCATION,72259,3/20/2024 12:00:45 PM,b079253d-0aa7-4af7-a0c1-2b96e9c29e53,1.4,"(0.5, 1.5, -4.3)","(0.0, 0.0, 0.0)","(0.0, 0.0, 0.0)",
PLAYER_LOCATION,72259,3/20/2024 12:00:45 PM,b079253d-0aa7-4af7-a0c1-2b96e9c29e53,1.4,"(0.5, 1.5, -4.3)","(0.0, 0.0, 0.0)","(0.0, 0.0, 0.0)",
PLAYER_LOCATION,72786,3/20/2024 12:00:46 PM,b079253d-0aa7-4af7-a0c1-2b96e9c29e53,1.4,"(0.5, 1.5, -4.3)","(0.0, 0.0, 0.0)","(0.0, 0.0, 0.0)",
PLAYER_LOCATION,72786,3/20/2024 12:00:46 PM,b079253d-0aa7-4af7-a0c1-2b96e9c29e53,1.4,"(0.5, 1.5, -4.3)","(0.0, 0.0, 0.0)","(0.0, 0.0, 0.0)",
PLAYER_LOCATION,73293,3/20/2024 12:00:46 PM,b079253d-0aa7-4af7-a0c1-2b96e9c29e53,1.4,"(0.5, 1.5, -4.3)","(0.0, 0.0, 0.0)","(0.0, 0.0, 0.0)",
PLAYER_LOCATION,73293,3/20/2024 12:00:46 PM,b079253d-0aa7-4af7-a0c1-2b96e9c29e53,1.4,"(0.5, 1.5, -4.3)","(0.0, 0.0, 0.0)","(0.0, 0.0, 0.0)",
PLAYER_LOCATION,73798,3/20/2024 12:00:47 PM,b079253d-0aa7-4af7-a0c1-2b96e9c29e53,1.4,"(0.5, 1.5, -4.3)","(0.0, 0.0, 0.0)","(0.0, 0.0, 0.0)",
PLAYER_LOCATION,73798,3/20/2024 12:00:47 PM,b079253d-0aa7-4af7-a0c1-2b96e9c29e53,1.4,"(0.5, 1.5, -4.3)","(0.0, 0.0, 0.0)","(0.0, 0.0, 0.0)",
PLAYER_LOCATION,74302,3/20/2024 12:00:47 PM,b079253d-0aa7-4af7-a0c1-2b96e9c29e53,1.4,"(0.5, 1.5, -4.3)","(0.0, 0.0, 0.0)","(0.0, 0.0, 0.0)",
PLAYER_LOCATION,74302,3/20/2024 12:00:47 PM,b079253d-0aa7-4af7-a0c1-2b96e9c29e53,1.4,"(0.5, 1.5, -4.3)","(0.0, 0.0, 0.0)","(0.0, 0.0, 0.0)",
PLAYER_LOCATION,74809,3/20/2024 12:00:48 PM,b079253d-0aa7-4af7-a0c1-2b96e9c29e53,1.4,"(0.6, 1.5, -4.4)","(0.0, 0.0, 0.0)","(0.0, 0.0, 0.0)",
PLAYER_LOCATION,74809,3/20/2024 12:00:48 PM,b079253d-0aa7-4af7-a0c1-2b96e9c29e53,1.4,"(0.6, 1.5, -4.4)","(0.0, 0.0, 0.0)","(0.0, 0.0, 0.0)",
VOICE_CAPTURE,75236,3/20/2024 12:00:48 PM,b079253d-0aa7-4af7-a0c1-2b96e9c29e53,1.4,Yeah I don't like I feel like I'm on a cruise ship,NA,
VOICE_COMMAND,75236,3/20/2024 12:00:48 PM,b079253d-0aa7-4af7-a0c1-2b96e9c29e53,1.4,how do you feel,Yeah I don't like I feel like I'm on a cruise ship,
PLAYER_LOCATION,75315,3/20/2024 12:00:48 PM,b079253d-0aa7-4af7-a0c1-2b96e9c29e53,1.4,"(0.6, 1.5, -4.4)","(0.0, 0.0, 0.0)","(0.0, 0.0, 0.0)",
PLAYER_LOCATION,75315,3/20/2024 12:00:48 PM,b079253d-0aa7-4af7-a0c1-2b96e9c29e53,1.4,"(0.6, 1.5, -4.4)","(0.0, 0.0, 0.0)","(0.0, 0.0, 0.0)",
PATIENT_ENGAGED,76179,3/20/2024 12:00:49 PM,b079253d-0aa7-4af7-a0c1-2b96e9c29e53,1.4,100,Infinity,Marine with Leg Amputation Root,"(0.0, 0.0, -5.0)","(0.0, 0.1, 0.0, 1.0)",IMMEDIATE,waver,fast,fast,normal,agony,fetal,
TAG_SELECTED,76627,3/20/2024 12:00:49 PM,b079253d-0aa7-4af7-a0c1-2b96e9c29e53,1.4,red,
TAG_DISCARDED,77188,3/20/2024 12:00:50 PM,b079253d-0aa7-4af7-a0c1-2b96e9c29e53,1.4,red,"(0.2, 0.8, -4.6)",
VOICE_CAPTURE,77773,3/20/2024 12:00:51 PM,b079253d-0aa7-4af7-a0c1-2b96e9c29e53,1.4,yeah,NA,
TOOL_HOVER,82845,3/20/2024 12:00:56 PM,b079253d-0aa7-4af7-a0c1-2b96e9c29e53,1.4,Tourniquet,999,
TOOL_HOVER,82862,3/20/2024 12:00:56 PM,b079253d-0aa7-4af7-a0c1-2b96e9c29e53,1.4,Tourniquet,999,
TOOL_HOVER,82870,3/20/2024 12:00:56 PM,b079253d-0aa7-4af7-a0c1-2b96e9c29e53,1.4,Tourniquet,999,
TOOL_HOVER,82883,3/20/2024 12:00:56 PM,b079253d-0aa7-4af7-a0c1-2b96e9c29e53,1.4,Tourniquet,999,
TOOL_HOVER,82896,3/20/2024 12:00:56 PM,b079253d-0aa7-4af7-a0c1-2b96e9c29e53,1.4,Tourniquet,999,
TOOL_HOVER,82909,3/20/2024 12:00:56 PM,b079253d-0aa7-4af7-a0c1-2b96e9c29e53,1.4,Tourniquet,999,
TOOL_HOVER,82923,3/20/2024 12:00:56 PM,b079253d-0aa7-4af7-a0c1-2b96e9c29e53,1.4,Tourniquet,999,
TOOL_HOVER,82937,3/20/2024 12:00:56 PM,b079253d-0aa7-4af7-a0c1-2b96e9c29e53,1.4,Tourniquet,999,
TOOL_HOVER,82951,3/20/2024 12:00:56 PM,b079253d-0aa7-4af7-a0c1-2b96e9c29e53,1.4,Tourniquet,999,
TOOL_HOVER,82965,3/20/2024 12:00:56 PM,b079253d-0aa7-4af7-a0c1-2b96e9c29e53,1.4,Tourniquet,999,
TOOL_HOVER,82979,3/20/2024 12:00:56 PM,b079253d-0aa7-4af7-a0c1-2b96e9c29e53,1.4,Tourniquet,999,
TOOL_HOVER,82993,3/20/2024 12:00:56 PM,b079253d-0aa7-4af7-a0c1-2b96e9c29e53,1.4,Tourniquet,999,
TOOL_HOVER,83007,3/20/2024 12:00:56 PM,b079253d-0aa7-4af7-a0c1-2b96e9c29e53,1.4,Tourniquet,999,
TOOL_HOVER,83021,3/20/2024 12:00:56 PM,b079253d-0aa7-4af7-a0c1-2b96e9c29e53,1.4,Tourniquet,999,
TOOL_HOVER,83034,3/20/2024 12:00:56 PM,b079253d-0aa7-4af7-a0c1-2b96e9c29e53,1.4,Tourniquet,999,
TOOL_HOVER,83049,3/20/2024 12:00:56 PM,b079253d-0aa7-4af7-a0c1-2b96e9c29e53,1.4,Tourniquet,999,
TOOL_HOVER,83062,3/20/2024 12:00:56 PM,b079253d-0aa7-4af7-a0c1-2b96e9c29e53,1.4,Tourniquet,999,
TOOL_HOVER,83077,3/20/2024 12:00:56 PM,b079253d-0aa7-4af7-a0c1-2b96e9c29e53,1.4,Tourniquet,999,
TOOL_HOVER,83090,3/20/2024 12:00:56 PM,b079253d-0aa7-4af7-a0c1-2b96e9c29e53,1.4,Tourniquet,999,
TOOL_HOVER,83103,3/20/2024 12:00:56 PM,b079253d-0aa7-4af7-a0c1-2b96e9c29e53,1.4,Tourniquet,999,
TOOL_HOVER,83118,3/20/2024 12:00:56 PM,b079253d-0aa7-4af7-a0c1-2b96e9c29e53,1.4,Tourniquet,999,
TOOL_HOVER,83132,3/20/2024 12:00:56 PM,b079253d-0aa7-4af7-a0c1-2b96e9c29e53,1.4,Tourniquet,999,
TOOL_HOVER,83145,3/20/2024 12:00:56 PM,b079253d-0aa7-4af7-a0c1-2b96e9c29e53,1.4,Tourniquet,999,
TOOL_HOVER,83160,3/20/2024 12:00:56 PM,b079253d-0aa7-4af7-a0c1-2b96e9c29e53,1.4,Tourniquet,999,
TOOL_HOVER,83173,3/20/2024 12:00:56 PM,b079253d-0aa7-4af7-a0c1-2b96e9c29e53,1.4,Tourniquet,999,
TOOL_HOVER,83188,3/20/2024 12:00:56 PM,b079253d-0aa7-4af7-a0c1-2b96e9c29e53,1.4,Tourniquet,999,
TOOL_HOVER,83202,3/20/2024 12:00:56 PM,b079253d-0aa7-4af7-a0c1-2b96e9c29e53,1.4,Tourniquet,999,
TOOL_HOVER,83215,3/20/2024 12:00:56 PM,b079253d-0aa7-4af7-a0c1-2b96e9c29e53,1.4,Tourniquet,999,
TOOL_HOVER,83229,3/20/2024 12:00:56 PM,b079253d-0aa7-4af7-a0c1-2b96e9c29e53,1.4,Tourniquet,999,
TOOL_HOVER,83243,3/20/2024 12:00:56 PM,b079253d-0aa7-4af7-a0c1-2b96e9c29e53,1.4,Tourniquet,999,
TOOL_HOVER,83256,3/20/2024 12:00:56 PM,b079253d-0aa7-4af7-a0c1-2b96e9c29e53,1.4,Tourniquet,999,
TOOL_HOVER,83270,3/20/2024 12:00:56 PM,b079253d-0aa7-4af7-a0c1-2b96e9c29e53,1.4,Tourniquet,999,
TOOL_HOVER,83284,3/20/2024 12:00:56 PM,b079253d-0aa7-4af7-a0c1-2b96e9c29e53,1.4,Tourniquet,999,
TOOL_HOVER,83299,3/20/2024 12:00:56 PM,b079253d-0aa7-4af7-a0c1-2b96e9c29e53,1.4,Tourniquet,999,
TOOL_HOVER,83313,3/20/2024 12:00:56 PM,b079253d-0aa7-4af7-a0c1-2b96e9c29e53,1.4,Tourniquet,999,
TOOL_HOVER,83326,3/20/2024 12:00:56 PM,b079253d-0aa7-4af7-a0c1-2b96e9c29e53,1.4,Tourniquet,999,
TOOL_HOVER,83340,3/20/2024 12:00:56 PM,b079253d-0aa7-4af7-a0c1-2b96e9c29e53,1.4,Tourniquet,999,
TOOL_HOVER,83354,3/20/2024 12:00:56 PM,b079253d-0aa7-4af7-a0c1-2b96e9c29e53,1.4,Tourniquet,999,
TOOL_HOVER,83368,3/20/2024 12:00:56 PM,b079253d-0aa7-4af7-a0c1-2b96e9c29e53,1.4,Tourniquet,999,
TOOL_HOVER,83382,3/20/2024 12:00:56 PM,b079253d-0aa7-4af7-a0c1-2b96e9c29e53,1.4,Tourniquet,999,
TOOL_HOVER,83395,3/20/2024 12:00:56 PM,b079253d-0aa7-4af7-a0c1-2b96e9c29e53,1.4,Tourniquet,999,
TOOL_HOVER,83410,3/20/2024 12:00:56 PM,b079253d-0aa7-4af7-a0c1-2b96e9c29e53,1.4,Tourniquet,999,
TOOL_HOVER,83423,3/20/2024 12:00:56 PM,b079253d-0aa7-4af7-a0c1-2b96e9c29e53,1.4,Tourniquet,999,
TOOL_HOVER,83437,3/20/2024 12:00:56 PM,b079253d-0aa7-4af7-a0c1-2b96e9c29e53,1.4,Tourniquet,999,
TOOL_HOVER,83451,3/20/2024 12:00:56 PM,b079253d-0aa7-4af7-a0c1-2b96e9c29e53,1.4,Tourniquet,999,
TOOL_HOVER,83465,3/20/2024 12:00:56 PM,b079253d-0aa7-4af7-a0c1-2b96e9c29e53,1.4,Tourniquet,999,
TOOL_HOVER,83479,3/20/2024 12:00:56 PM,b079253d-0aa7-4af7-a0c1-2b96e9c29e53,1.4,Tourniquet,999,
TOOL_HOVER,83493,3/20/2024 12:00:56 PM,b079253d-0aa7-4af7-a0c1-2b96e9c29e53,1.4,Tourniquet,999,
TOOL_HOVER,83507,3/20/2024 12:00:56 PM,b079253d-0aa7-4af7-a0c1-2b96e9c29e53,1.4,Tourniquet,999,
TOOL_HOVER,83522,3/20/2024 12:00:56 PM,b079253d-0aa7-4af7-a0c1-2b96e9c29e53,1.4,Tourniquet,999,
TOOL_HOVER,83534,3/20/2024 12:00:56 PM,b079253d-0aa7-4af7-a0c1-2b96e9c29e53,1.4,Tourniquet,999,
TOOL_HOVER,83549,3/20/2024 12:00:56 PM,b079253d-0aa7-4af7-a0c1-2b96e9c29e53,1.4,Tourniquet,999,
TOOL_HOVER,83562,3/20/2024 12:00:56 PM,b079253d-0aa7-4af7-a0c1-2b96e9c29e53,1.4,Tourniquet,999,
TOOL_HOVER,83576,3/20/2024 12:00:56 PM,b079253d-0aa7-4af7-a0c1-2b96e9c29e53,1.4,Tourniquet,999,
TOOL_HOVER,83591,3/20/2024 12:00:56 PM,b079253d-0aa7-4af7-a0c1-2b96e9c29e53,1.4,Tourniquet,999,
TOOL_HOVER,83605,3/20/2024 12:00:56 PM,b079253d-0aa7-4af7-a0c1-2b96e9c29e53,1.4,Tourniquet,999,
TOOL_HOVER,83618,3/20/2024 12:00:56 PM,b079253d-0aa7-4af7-a0c1-2b96e9c29e53,1.4,Tourniquet,999,
TOOL_SELECTED,83621,3/20/2024 12:00:56 PM,b079253d-0aa7-4af7-a0c1-2b96e9c29e53,1.4,Tourniquet,998,
INJURY_TREATED,85747,3/20/2024 12:00:59 PM,b079253d-0aa7-4af7-a0c1-2b96e9c29e53,1.4,L Shin Amputation,Marine with Leg Amputation Root,tourniquet,high,leftLeg,True,False,"(0.2, 0.2, -4.8)",
TOOL_APPLIED,85748,3/20/2024 12:00:59 PM,b079253d-0aa7-4af7-a0c1-2b96e9c29e53,1.4,Marine with Leg Amputation Root,Tourniquet,LeftUpLeg (UnityEngine.GameObject),tor_ring (1) (UnityEngine.GameObject),tourniquet(Clone) (UnityEngine.GameObject),AppliedTourniquet,
BAG_CLOSED,87480,3/20/2024 12:01:00 PM,b079253d-0aa7-4af7-a0c1-2b96e9c29e53,1.4,"(0.0, 0.0, 0.0)",
TELEPORT,87480,3/20/2024 12:01:00 PM,b079253d-0aa7-4af7-a0c1-2b96e9c29e53,1.4,"(0.3, 0.0, -7.3)",
VOICE_CAPTURE,91894,3/20/2024 12:01:05 PM,b079253d-0aa7-4af7-a0c1-2b96e9c29e53,1.4,yeah I yeah,NA,
VOICE_CAPTURE,96215,3/20/2024 12:01:09 PM,b079253d-0aa7-4af7-a0c1-2b96e9c29e53,1.4,well I'm not sure let me let's close this,NA,
SESSION_END,98724,3/20/2024 12:01:12 PM,b079253d-0aa7-4af7-a0c1-2b96e9c29e53,1.4,
Participant ID, 
