PLAYER_LOCATION,757,3/14/2024 3:16:45 PM,bceedc17-7d27-42bd-aa14-d6a98f16c6a5,1.4,"(0.8, 1.7, 1.1)","(0.0, 0.0, 0.0)","(0.0, 0.0, 0.0)",
PLAYER_LOCATION,757,3/14/2024 3:16:45 PM,bceedc17-7d27-42bd-aa14-d6a98f16c6a5,1.4,"(0.8, 1.7, 1.1)","(0.0, 0.0, 0.0)","(0.0, 0.0, 0.0)",
PLAYER_LOCATION,1444,3/14/2024 3:16:46 PM,bceedc17-7d27-42bd-aa14-d6a98f16c6a5,1.4,"(0.9, 1.7, 1.1)","(0.0, 0.0, 0.0)","(0.0, 0.0, 0.0)",
PLAYER_LOCATION,1444,3/14/2024 3:16:46 PM,bceedc17-7d27-42bd-aa14-d6a98f16c6a5,1.4,"(0.9, 1.7, 1.1)","(0.0, 0.0, 0.0)","(0.0, 0.0, 0.0)",
PLAYER_LOCATION,1952,3/14/2024 3:16:46 PM,bceedc17-7d27-42bd-aa14-d6a98f16c6a5,1.4,"(0.9, 1.7, 1.1)","(0.0, 0.0, 0.0)","(0.0, 0.0, 0.0)",
PLAYER_LOCATION,1952,3/14/2024 3:16:46 PM,bceedc17-7d27-42bd-aa14-d6a98f16c6a5,1.4,"(0.9, 1.7, 1.1)","(0.0, 0.0, 0.0)","(0.0, 0.0, 0.0)",
PLAYER_LOCATION,2479,3/14/2024 3:16:47 PM,bceedc17-7d27-42bd-aa14-d6a98f16c6a5,1.4,"(0.9, 1.7, 1.1)","(0.0, 0.0, 0.0)","(0.0, 0.0, 0.0)",
PLAYER_LOCATION,2479,3/14/2024 3:16:47 PM,bceedc17-7d27-42bd-aa14-d6a98f16c6a5,1.4,"(0.9, 1.7, 1.1)","(0.0, 0.0, 0.0)","(0.0, 0.0, 0.0)",
PLAYER_LOCATION,2989,3/14/2024 3:16:47 PM,bceedc17-7d27-42bd-aa14-d6a98f16c6a5,1.4,"(0.8, 1.7, 1.0)","(0.0, 0.0, 0.0)","(0.0, 0.0, 0.0)",
PLAYER_LOCATION,2989,3/14/2024 3:16:47 PM,bceedc17-7d27-42bd-aa14-d6a98f16c6a5,1.4,"(0.8, 1.7, 1.0)","(0.0, 0.0, 0.0)","(0.0, 0.0, 0.0)",
PLAYER_LOCATION,3516,3/14/2024 3:16:48 PM,bceedc17-7d27-42bd-aa14-d6a98f16c6a5,1.4,"(0.7, 1.7, 1.0)","(0.0, 0.0, 0.0)","(0.0, 0.0, 0.0)",
PLAYER_LOCATION,3516,3/14/2024 3:16:48 PM,bceedc17-7d27-42bd-aa14-d6a98f16c6a5,1.4,"(0.7, 1.7, 1.0)","(0.0, 0.0, 0.0)","(0.0, 0.0, 0.0)",
PLAYER_LOCATION,4016,3/14/2024 3:16:48 PM,bceedc17-7d27-42bd-aa14-d6a98f16c6a5,1.4,"(0.7, 1.6, 1.0)","(0.0, 0.0, 0.0)","(0.0, 0.0, 0.0)",
PLAYER_LOCATION,4016,3/14/2024 3:16:48 PM,bceedc17-7d27-42bd-aa14-d6a98f16c6a5,1.4,"(0.7, 1.6, 1.0)","(0.0, 0.0, 0.0)","(0.0, 0.0, 0.0)",
VOICE_CAPTURE,29491,3/14/2024 3:17:14 PM,bceedc17-7d27-42bd-aa14-d6a98f16c6a5,1.4,Yeah,NA,
VOICE_CAPTURE,29492,3/14/2024 3:17:14 PM,bceedc17-7d27-42bd-aa14-d6a98f16c6a5,1.4,sure,NA,
VOICE_CAPTURE,29492,3/14/2024 3:17:14 PM,bceedc17-7d27-42bd-aa14-d6a98f16c6a5,1.4,check,NA,
VOICE_CAPTURE,29492,3/14/2024 3:17:14 PM,bceedc17-7d27-42bd-aa14-d6a98f16c6a5,1.4,hmm OK,NA,
VOICE_CAPTURE,29493,3/14/2024 3:17:14 PM,bceedc17-7d27-42bd-aa14-d6a98f16c6a5,1.4,so challenging it's OK,NA,
BAG_ACCESS,29499,3/14/2024 3:17:14 PM,bceedc17-7d27-42bd-aa14-d6a98f16c6a5,1.4,"(0.0, 0.0, 0.0)",
PLAYER_LOCATION,29500,3/14/2024 3:17:14 PM,bceedc17-7d27-42bd-aa14-d6a98f16c6a5,1.4,"(0.7, 1.6, 1.0)","(0.0, 0.0, 0.0)","(0.0, 0.0, 0.0)",
PLAYER_LOCATION,29500,3/14/2024 3:17:14 PM,bceedc17-7d27-42bd-aa14-d6a98f16c6a5,1.4,"(0.7, 1.6, 1.0)","(0.0, 0.0, 0.0)","(0.0, 0.0, 0.0)",
PLAYER_LOCATION,30005,3/14/2024 3:17:14 PM,bceedc17-7d27-42bd-aa14-d6a98f16c6a5,1.4,"(0.9, 1.6, 1.0)","(0.0, 0.0, 0.0)","(0.0, 0.0, 0.0)",
PLAYER_LOCATION,30005,3/14/2024 3:17:14 PM,bceedc17-7d27-42bd-aa14-d6a98f16c6a5,1.4,"(0.9, 1.6, 1.0)","(0.0, 0.0, 0.0)","(0.0, 0.0, 0.0)",
VOICE_CAPTURE,30337,3/14/2024 3:17:15 PM,bceedc17-7d27-42bd-aa14-d6a98f16c6a5,1.4,hmm,NA,
PLAYER_LOCATION,30505,3/14/2024 3:17:15 PM,bceedc17-7d27-42bd-aa14-d6a98f16c6a5,1.4,"(0.9, 1.6, 1.0)","(0.0, 0.0, 0.0)","(0.0, 0.0, 0.0)",
PLAYER_LOCATION,30505,3/14/2024 3:17:15 PM,bceedc17-7d27-42bd-aa14-d6a98f16c6a5,1.4,"(0.9, 1.6, 1.0)","(0.0, 0.0, 0.0)","(0.0, 0.0, 0.0)",
PLAYER_LOCATION,31010,3/14/2024 3:17:15 PM,bceedc17-7d27-42bd-aa14-d6a98f16c6a5,1.4,"(0.8, 1.6, 1.1)","(0.0, 0.0, 0.0)","(0.0, 0.0, 0.0)",
PLAYER_LOCATION,31010,3/14/2024 3:17:15 PM,bceedc17-7d27-42bd-aa14-d6a98f16c6a5,1.4,"(0.8, 1.6, 1.1)","(0.0, 0.0, 0.0)","(0.0, 0.0, 0.0)",
PLAYER_LOCATION,31512,3/14/2024 3:17:16 PM,bceedc17-7d27-42bd-aa14-d6a98f16c6a5,1.4,"(0.9, 1.5, 1.1)","(0.0, 0.0, 0.0)","(0.0, 0.0, 0.0)",
PLAYER_LOCATION,31512,3/14/2024 3:17:16 PM,bceedc17-7d27-42bd-aa14-d6a98f16c6a5,1.4,"(0.9, 1.5, 1.1)","(0.0, 0.0, 0.0)","(0.0, 0.0, 0.0)",
PLAYER_LOCATION,32014,3/14/2024 3:17:16 PM,bceedc17-7d27-42bd-aa14-d6a98f16c6a5,1.4,"(0.9, 1.5, 1.1)","(0.0, 0.0, 0.0)","(0.0, 0.0, 0.0)",
PLAYER_LOCATION,32014,3/14/2024 3:17:16 PM,bceedc17-7d27-42bd-aa14-d6a98f16c6a5,1.4,"(0.9, 1.5, 1.1)","(0.0, 0.0, 0.0)","(0.0, 0.0, 0.0)",
PLAYER_LOCATION,32527,3/14/2024 3:17:17 PM,bceedc17-7d27-42bd-aa14-d6a98f16c6a5,1.4,"(0.8, 1.5, 1.1)","(0.0, 0.0, 0.0)","(0.0, 0.0, 0.0)",
PLAYER_LOCATION,32527,3/14/2024 3:17:17 PM,bceedc17-7d27-42bd-aa14-d6a98f16c6a5,1.4,"(0.8, 1.5, 1.1)","(0.0, 0.0, 0.0)","(0.0, 0.0, 0.0)",
TOOL_HOVER,32639,3/14/2024 3:17:17 PM,bceedc17-7d27-42bd-aa14-d6a98f16c6a5,1.4,Pulse Oximeter,999,
TOOL_HOVER,32652,3/14/2024 3:17:17 PM,bceedc17-7d27-42bd-aa14-d6a98f16c6a5,1.4,Pulse Oximeter,999,
TOOL_HOVER,32665,3/14/2024 3:17:17 PM,bceedc17-7d27-42bd-aa14-d6a98f16c6a5,1.4,Pulse Oximeter,999,
TOOL_HOVER,32679,3/14/2024 3:17:17 PM,bceedc17-7d27-42bd-aa14-d6a98f16c6a5,1.4,Pulse Oximeter,999,
TOOL_HOVER,32693,3/14/2024 3:17:17 PM,bceedc17-7d27-42bd-aa14-d6a98f16c6a5,1.4,Pulse Oximeter,999,
TOOL_HOVER,32707,3/14/2024 3:17:17 PM,bceedc17-7d27-42bd-aa14-d6a98f16c6a5,1.4,Pulse Oximeter,999,
TOOL_HOVER,32720,3/14/2024 3:17:17 PM,bceedc17-7d27-42bd-aa14-d6a98f16c6a5,1.4,Pulse Oximeter,999,
TOOL_HOVER,32837,3/14/2024 3:17:17 PM,bceedc17-7d27-42bd-aa14-d6a98f16c6a5,1.4,Needle,999,
TOOL_HOVER,32846,3/14/2024 3:17:17 PM,bceedc17-7d27-42bd-aa14-d6a98f16c6a5,1.4,Needle,999,
TOOL_HOVER,32863,3/14/2024 3:17:17 PM,bceedc17-7d27-42bd-aa14-d6a98f16c6a5,1.4,Needle,999,
TOOL_HOVER,32873,3/14/2024 3:17:17 PM,bceedc17-7d27-42bd-aa14-d6a98f16c6a5,1.4,Needle,999,
TOOL_HOVER,32892,3/14/2024 3:17:17 PM,bceedc17-7d27-42bd-aa14-d6a98f16c6a5,1.4,Needle,999,
VOICE_CAPTURE,32911,3/14/2024 3:17:17 PM,bceedc17-7d27-42bd-aa14-d6a98f16c6a5,1.4,there we go,NA,
TOOL_HOVER,32913,3/14/2024 3:17:17 PM,bceedc17-7d27-42bd-aa14-d6a98f16c6a5,1.4,Needle,999,
TOOL_HOVER,32916,3/14/2024 3:17:17 PM,bceedc17-7d27-42bd-aa14-d6a98f16c6a5,1.4,Needle,999,
TOOL_HOVER,32936,3/14/2024 3:17:17 PM,bceedc17-7d27-42bd-aa14-d6a98f16c6a5,1.4,Gauze,999,
TOOL_HOVER,32953,3/14/2024 3:17:17 PM,bceedc17-7d27-42bd-aa14-d6a98f16c6a5,1.4,Gauze,999,
TOOL_HOVER,32957,3/14/2024 3:17:17 PM,bceedc17-7d27-42bd-aa14-d6a98f16c6a5,1.4,Gauze,999,
TOOL_HOVER,32972,3/14/2024 3:17:17 PM,bceedc17-7d27-42bd-aa14-d6a98f16c6a5,1.4,Gauze,999,
TOOL_HOVER,32990,3/14/2024 3:17:17 PM,bceedc17-7d27-42bd-aa14-d6a98f16c6a5,1.4,Gauze,999,
TOOL_HOVER,33008,3/14/2024 3:17:17 PM,bceedc17-7d27-42bd-aa14-d6a98f16c6a5,1.4,Gauze,999,
TOOL_HOVER,33013,3/14/2024 3:17:17 PM,bceedc17-7d27-42bd-aa14-d6a98f16c6a5,1.4,Gauze,999,
TOOL_HOVER,33045,3/14/2024 3:17:17 PM,bceedc17-7d27-42bd-aa14-d6a98f16c6a5,1.4,Tourniquet,999,
PLAYER_LOCATION,33045,3/14/2024 3:17:17 PM,bceedc17-7d27-42bd-aa14-d6a98f16c6a5,1.4,"(0.9, 1.4, 1.2)","(0.0, 0.0, 0.0)","(0.0, 0.0, 0.0)",
PLAYER_LOCATION,33045,3/14/2024 3:17:17 PM,bceedc17-7d27-42bd-aa14-d6a98f16c6a5,1.4,"(0.9, 1.4, 1.2)","(0.0, 0.0, 0.0)","(0.0, 0.0, 0.0)",
TOOL_HOVER,33049,3/14/2024 3:17:17 PM,bceedc17-7d27-42bd-aa14-d6a98f16c6a5,1.4,Tourniquet,999,
TOOL_HOVER,33084,3/14/2024 3:17:17 PM,bceedc17-7d27-42bd-aa14-d6a98f16c6a5,1.4,Tourniquet,999,
TOOL_HOVER,33087,3/14/2024 3:17:17 PM,bceedc17-7d27-42bd-aa14-d6a98f16c6a5,1.4,Tourniquet,999,
TOOL_HOVER,33100,3/14/2024 3:17:17 PM,bceedc17-7d27-42bd-aa14-d6a98f16c6a5,1.4,Tourniquet,999,
TOOL_HOVER,33120,3/14/2024 3:17:17 PM,bceedc17-7d27-42bd-aa14-d6a98f16c6a5,1.4,Tourniquet,999,
TOOL_HOVER,33128,3/14/2024 3:17:17 PM,bceedc17-7d27-42bd-aa14-d6a98f16c6a5,1.4,Gauze,999,
TOOL_HOVER,33146,3/14/2024 3:17:17 PM,bceedc17-7d27-42bd-aa14-d6a98f16c6a5,1.4,Gauze,999,
TOOL_HOVER,33159,3/14/2024 3:17:17 PM,bceedc17-7d27-42bd-aa14-d6a98f16c6a5,1.4,Gauze,999,
TOOL_HOVER,33170,3/14/2024 3:17:17 PM,bceedc17-7d27-42bd-aa14-d6a98f16c6a5,1.4,Gauze,999,
TOOL_HOVER,33184,3/14/2024 3:17:17 PM,bceedc17-7d27-42bd-aa14-d6a98f16c6a5,1.4,Gauze,999,
TOOL_HOVER,33198,3/14/2024 3:17:17 PM,bceedc17-7d27-42bd-aa14-d6a98f16c6a5,1.4,Gauze,999,
TOOL_HOVER,33211,3/14/2024 3:17:17 PM,bceedc17-7d27-42bd-aa14-d6a98f16c6a5,1.4,Gauze,999,
TOOL_HOVER,33226,3/14/2024 3:17:17 PM,bceedc17-7d27-42bd-aa14-d6a98f16c6a5,1.4,Gauze,999,
TOOL_HOVER,33240,3/14/2024 3:17:17 PM,bceedc17-7d27-42bd-aa14-d6a98f16c6a5,1.4,Gauze,999,
TOOL_HOVER,33254,3/14/2024 3:17:17 PM,bceedc17-7d27-42bd-aa14-d6a98f16c6a5,1.4,Gauze,999,
TOOL_HOVER,33268,3/14/2024 3:17:18 PM,bceedc17-7d27-42bd-aa14-d6a98f16c6a5,1.4,Gauze,999,
TOOL_HOVER,33281,3/14/2024 3:17:18 PM,bceedc17-7d27-42bd-aa14-d6a98f16c6a5,1.4,Gauze,999,
TOOL_HOVER,33295,3/14/2024 3:17:18 PM,bceedc17-7d27-42bd-aa14-d6a98f16c6a5,1.4,Gauze,999,
TOOL_HOVER,33313,3/14/2024 3:17:18 PM,bceedc17-7d27-42bd-aa14-d6a98f16c6a5,1.4,Gauze,999,
TOOL_HOVER,33324,3/14/2024 3:17:18 PM,bceedc17-7d27-42bd-aa14-d6a98f16c6a5,1.4,Gauze,999,
TOOL_HOVER,33340,3/14/2024 3:17:18 PM,bceedc17-7d27-42bd-aa14-d6a98f16c6a5,1.4,Gauze,999,
TOOL_HOVER,33350,3/14/2024 3:17:18 PM,bceedc17-7d27-42bd-aa14-d6a98f16c6a5,1.4,Gauze,999,
TOOL_HOVER,33365,3/14/2024 3:17:18 PM,bceedc17-7d27-42bd-aa14-d6a98f16c6a5,1.4,Gauze,999,
TOOL_HOVER,33379,3/14/2024 3:17:18 PM,bceedc17-7d27-42bd-aa14-d6a98f16c6a5,1.4,Gauze,999,
TOOL_HOVER,33392,3/14/2024 3:17:18 PM,bceedc17-7d27-42bd-aa14-d6a98f16c6a5,1.4,Gauze,999,
TOOL_HOVER,33406,3/14/2024 3:17:18 PM,bceedc17-7d27-42bd-aa14-d6a98f16c6a5,1.4,Gauze,999,
TOOL_HOVER,33420,3/14/2024 3:17:18 PM,bceedc17-7d27-42bd-aa14-d6a98f16c6a5,1.4,Gauze,999,
TOOL_HOVER,33434,3/14/2024 3:17:18 PM,bceedc17-7d27-42bd-aa14-d6a98f16c6a5,1.4,Gauze,999,
TOOL_HOVER,33448,3/14/2024 3:17:18 PM,bceedc17-7d27-42bd-aa14-d6a98f16c6a5,1.4,Gauze,999,
TOOL_HOVER,33462,3/14/2024 3:17:18 PM,bceedc17-7d27-42bd-aa14-d6a98f16c6a5,1.4,Gauze,999,
TOOL_HOVER,33476,3/14/2024 3:17:18 PM,bceedc17-7d27-42bd-aa14-d6a98f16c6a5,1.4,Gauze,999,
TOOL_HOVER,33490,3/14/2024 3:17:18 PM,bceedc17-7d27-42bd-aa14-d6a98f16c6a5,1.4,Gauze,999,
TOOL_HOVER,33503,3/14/2024 3:17:18 PM,bceedc17-7d27-42bd-aa14-d6a98f16c6a5,1.4,Gauze,999,
TOOL_HOVER,33517,3/14/2024 3:17:18 PM,bceedc17-7d27-42bd-aa14-d6a98f16c6a5,1.4,Gauze,999,
TOOL_HOVER,33530,3/14/2024 3:17:18 PM,bceedc17-7d27-42bd-aa14-d6a98f16c6a5,1.4,Gauze,999,
TOOL_HOVER,33546,3/14/2024 3:17:18 PM,bceedc17-7d27-42bd-aa14-d6a98f16c6a5,1.4,Gauze,999,
PLAYER_LOCATION,33546,3/14/2024 3:17:18 PM,bceedc17-7d27-42bd-aa14-d6a98f16c6a5,1.4,"(0.9, 1.4, 1.2)","(0.0, 0.0, 0.0)","(0.0, 0.0, 0.0)",
PLAYER_LOCATION,33546,3/14/2024 3:17:18 PM,bceedc17-7d27-42bd-aa14-d6a98f16c6a5,1.4,"(0.9, 1.4, 1.2)","(0.0, 0.0, 0.0)","(0.0, 0.0, 0.0)",
TOOL_HOVER,33559,3/14/2024 3:17:18 PM,bceedc17-7d27-42bd-aa14-d6a98f16c6a5,1.4,Gauze,999,
TOOL_HOVER,33573,3/14/2024 3:17:18 PM,bceedc17-7d27-42bd-aa14-d6a98f16c6a5,1.4,Gauze,999,
TOOL_HOVER,33587,3/14/2024 3:17:18 PM,bceedc17-7d27-42bd-aa14-d6a98f16c6a5,1.4,Gauze,999,
TOOL_HOVER,33601,3/14/2024 3:17:18 PM,bceedc17-7d27-42bd-aa14-d6a98f16c6a5,1.4,Gauze,999,
TOOL_HOVER,33615,3/14/2024 3:17:18 PM,bceedc17-7d27-42bd-aa14-d6a98f16c6a5,1.4,Gauze,999,
TOOL_HOVER,33629,3/14/2024 3:17:18 PM,bceedc17-7d27-42bd-aa14-d6a98f16c6a5,1.4,Gauze,999,
TOOL_HOVER,33643,3/14/2024 3:17:18 PM,bceedc17-7d27-42bd-aa14-d6a98f16c6a5,1.4,Gauze,999,
TOOL_HOVER,33657,3/14/2024 3:17:18 PM,bceedc17-7d27-42bd-aa14-d6a98f16c6a5,1.4,Gauze,999,
TOOL_HOVER,33671,3/14/2024 3:17:18 PM,bceedc17-7d27-42bd-aa14-d6a98f16c6a5,1.4,Gauze,999,
TOOL_HOVER,33685,3/14/2024 3:17:18 PM,bceedc17-7d27-42bd-aa14-d6a98f16c6a5,1.4,Gauze,999,
TOOL_HOVER,33699,3/14/2024 3:17:18 PM,bceedc17-7d27-42bd-aa14-d6a98f16c6a5,1.4,Gauze,999,
TOOL_HOVER,33712,3/14/2024 3:17:18 PM,bceedc17-7d27-42bd-aa14-d6a98f16c6a5,1.4,Gauze,999,
TOOL_HOVER,33726,3/14/2024 3:17:18 PM,bceedc17-7d27-42bd-aa14-d6a98f16c6a5,1.4,Gauze,999,
TOOL_HOVER,33740,3/14/2024 3:17:18 PM,bceedc17-7d27-42bd-aa14-d6a98f16c6a5,1.4,Gauze,999,
TOOL_HOVER,33754,3/14/2024 3:17:18 PM,bceedc17-7d27-42bd-aa14-d6a98f16c6a5,1.4,Gauze,999,
TOOL_HOVER,33768,3/14/2024 3:17:18 PM,bceedc17-7d27-42bd-aa14-d6a98f16c6a5,1.4,Gauze,999,
TOOL_HOVER,33782,3/14/2024 3:17:18 PM,bceedc17-7d27-42bd-aa14-d6a98f16c6a5,1.4,Gauze,999,
TOOL_HOVER,33795,3/14/2024 3:17:18 PM,bceedc17-7d27-42bd-aa14-d6a98f16c6a5,1.4,Gauze,999,
TOOL_HOVER,33809,3/14/2024 3:17:18 PM,bceedc17-7d27-42bd-aa14-d6a98f16c6a5,1.4,Gauze,999,
TOOL_HOVER,33823,3/14/2024 3:17:18 PM,bceedc17-7d27-42bd-aa14-d6a98f16c6a5,1.4,Gauze,999,
TOOL_HOVER,33836,3/14/2024 3:17:18 PM,bceedc17-7d27-42bd-aa14-d6a98f16c6a5,1.4,Gauze,999,
TOOL_HOVER,33850,3/14/2024 3:17:18 PM,bceedc17-7d27-42bd-aa14-d6a98f16c6a5,1.4,Gauze,999,
TOOL_HOVER,33865,3/14/2024 3:17:18 PM,bceedc17-7d27-42bd-aa14-d6a98f16c6a5,1.4,Gauze,999,
TOOL_HOVER,33879,3/14/2024 3:17:18 PM,bceedc17-7d27-42bd-aa14-d6a98f16c6a5,1.4,Gauze,999,
TOOL_HOVER,33892,3/14/2024 3:17:18 PM,bceedc17-7d27-42bd-aa14-d6a98f16c6a5,1.4,Gauze,999,
TOOL_HOVER,33907,3/14/2024 3:17:18 PM,bceedc17-7d27-42bd-aa14-d6a98f16c6a5,1.4,Gauze,999,
TOOL_HOVER,33920,3/14/2024 3:17:18 PM,bceedc17-7d27-42bd-aa14-d6a98f16c6a5,1.4,Gauze,999,
TOOL_HOVER,33934,3/14/2024 3:17:18 PM,bceedc17-7d27-42bd-aa14-d6a98f16c6a5,1.4,Tourniquet,999,
TOOL_HOVER,33948,3/14/2024 3:17:18 PM,bceedc17-7d27-42bd-aa14-d6a98f16c6a5,1.4,Tourniquet,999,
TOOL_HOVER,33962,3/14/2024 3:17:18 PM,bceedc17-7d27-42bd-aa14-d6a98f16c6a5,1.4,Tourniquet,999,
TOOL_HOVER,33976,3/14/2024 3:17:18 PM,bceedc17-7d27-42bd-aa14-d6a98f16c6a5,1.4,Tourniquet,999,
TOOL_HOVER,33990,3/14/2024 3:17:18 PM,bceedc17-7d27-42bd-aa14-d6a98f16c6a5,1.4,Tourniquet,999,
TOOL_HOVER,34004,3/14/2024 3:17:18 PM,bceedc17-7d27-42bd-aa14-d6a98f16c6a5,1.4,Tourniquet,999,
TOOL_HOVER,34017,3/14/2024 3:17:18 PM,bceedc17-7d27-42bd-aa14-d6a98f16c6a5,1.4,Tourniquet,999,
TOOL_HOVER,34030,3/14/2024 3:17:18 PM,bceedc17-7d27-42bd-aa14-d6a98f16c6a5,1.4,Tourniquet,999,
TOOL_HOVER,34045,3/14/2024 3:17:18 PM,bceedc17-7d27-42bd-aa14-d6a98f16c6a5,1.4,Tourniquet,999,
TOOL_HOVER,34059,3/14/2024 3:17:18 PM,bceedc17-7d27-42bd-aa14-d6a98f16c6a5,1.4,Tourniquet,999,
PLAYER_LOCATION,34059,3/14/2024 3:17:18 PM,bceedc17-7d27-42bd-aa14-d6a98f16c6a5,1.4,"(0.9, 1.4, 1.2)","(0.0, 0.0, 0.0)","(0.0, 0.0, 0.0)",
PLAYER_LOCATION,34059,3/14/2024 3:17:18 PM,bceedc17-7d27-42bd-aa14-d6a98f16c6a5,1.4,"(0.9, 1.4, 1.2)","(0.0, 0.0, 0.0)","(0.0, 0.0, 0.0)",
TOOL_HOVER,34072,3/14/2024 3:17:18 PM,bceedc17-7d27-42bd-aa14-d6a98f16c6a5,1.4,Tourniquet,999,
TOOL_HOVER,34087,3/14/2024 3:17:18 PM,bceedc17-7d27-42bd-aa14-d6a98f16c6a5,1.4,Tourniquet,999,
TOOL_HOVER,34100,3/14/2024 3:17:18 PM,bceedc17-7d27-42bd-aa14-d6a98f16c6a5,1.4,Tourniquet,999,
TOOL_HOVER,34115,3/14/2024 3:17:18 PM,bceedc17-7d27-42bd-aa14-d6a98f16c6a5,1.4,Tourniquet,999,
TOOL_HOVER,34129,3/14/2024 3:17:18 PM,bceedc17-7d27-42bd-aa14-d6a98f16c6a5,1.4,Tourniquet,999,
TOOL_HOVER,34143,3/14/2024 3:17:18 PM,bceedc17-7d27-42bd-aa14-d6a98f16c6a5,1.4,Tourniquet,999,
TOOL_HOVER,34156,3/14/2024 3:17:18 PM,bceedc17-7d27-42bd-aa14-d6a98f16c6a5,1.4,Tourniquet,999,
TOOL_HOVER,34170,3/14/2024 3:17:18 PM,bceedc17-7d27-42bd-aa14-d6a98f16c6a5,1.4,Tourniquet,999,
TOOL_HOVER,34184,3/14/2024 3:17:18 PM,bceedc17-7d27-42bd-aa14-d6a98f16c6a5,1.4,Tourniquet,999,
TOOL_HOVER,34198,3/14/2024 3:17:18 PM,bceedc17-7d27-42bd-aa14-d6a98f16c6a5,1.4,Tourniquet,999,
TOOL_HOVER,34211,3/14/2024 3:17:18 PM,bceedc17-7d27-42bd-aa14-d6a98f16c6a5,1.4,Tourniquet,999,
TOOL_HOVER,34226,3/14/2024 3:17:18 PM,bceedc17-7d27-42bd-aa14-d6a98f16c6a5,1.4,Tourniquet,999,
TOOL_HOVER,34240,3/14/2024 3:17:18 PM,bceedc17-7d27-42bd-aa14-d6a98f16c6a5,1.4,Tourniquet,999,
TOOL_HOVER,34254,3/14/2024 3:17:18 PM,bceedc17-7d27-42bd-aa14-d6a98f16c6a5,1.4,Tourniquet,999,
TOOL_HOVER,34268,3/14/2024 3:17:19 PM,bceedc17-7d27-42bd-aa14-d6a98f16c6a5,1.4,Tourniquet,999,
TOOL_HOVER,34345,3/14/2024 3:17:19 PM,bceedc17-7d27-42bd-aa14-d6a98f16c6a5,1.4,Tourniquet,999,
TOOL_HOVER,34348,3/14/2024 3:17:19 PM,bceedc17-7d27-42bd-aa14-d6a98f16c6a5,1.4,Tourniquet,999,
TOOL_HOVER,34380,3/14/2024 3:17:19 PM,bceedc17-7d27-42bd-aa14-d6a98f16c6a5,1.4,Tourniquet,999,
TOOL_HOVER,34383,3/14/2024 3:17:19 PM,bceedc17-7d27-42bd-aa14-d6a98f16c6a5,1.4,Tourniquet,999,
TOOL_HOVER,34409,3/14/2024 3:17:19 PM,bceedc17-7d27-42bd-aa14-d6a98f16c6a5,1.4,Tourniquet,999,
TOOL_HOVER,34426,3/14/2024 3:17:19 PM,bceedc17-7d27-42bd-aa14-d6a98f16c6a5,1.4,Tourniquet,999,
TOOL_HOVER,34429,3/14/2024 3:17:19 PM,bceedc17-7d27-42bd-aa14-d6a98f16c6a5,1.4,Tourniquet,999,
TOOL_HOVER,34459,3/14/2024 3:17:19 PM,bceedc17-7d27-42bd-aa14-d6a98f16c6a5,1.4,Tourniquet,999,
TOOL_HOVER,34483,3/14/2024 3:17:19 PM,bceedc17-7d27-42bd-aa14-d6a98f16c6a5,1.4,Tourniquet,999,
TOOL_HOVER,34486,3/14/2024 3:17:19 PM,bceedc17-7d27-42bd-aa14-d6a98f16c6a5,1.4,Tourniquet,999,
TOOL_HOVER,34500,3/14/2024 3:17:19 PM,bceedc17-7d27-42bd-aa14-d6a98f16c6a5,1.4,Tourniquet,999,
TOOL_HOVER,34514,3/14/2024 3:17:19 PM,bceedc17-7d27-42bd-aa14-d6a98f16c6a5,1.4,Tourniquet,999,
TOOL_HOVER,34528,3/14/2024 3:17:19 PM,bceedc17-7d27-42bd-aa14-d6a98f16c6a5,1.4,Tourniquet,999,
TOOL_HOVER,34541,3/14/2024 3:17:19 PM,bceedc17-7d27-42bd-aa14-d6a98f16c6a5,1.4,Tourniquet,999,
TOOL_HOVER,34555,3/14/2024 3:17:19 PM,bceedc17-7d27-42bd-aa14-d6a98f16c6a5,1.4,Tourniquet,999,
TOOL_HOVER,34569,3/14/2024 3:17:19 PM,bceedc17-7d27-42bd-aa14-d6a98f16c6a5,1.4,Tourniquet,999,
PLAYER_LOCATION,34569,3/14/2024 3:17:19 PM,bceedc17-7d27-42bd-aa14-d6a98f16c6a5,1.4,"(0.9, 1.5, 1.2)","(0.0, 0.0, 0.0)","(0.0, 0.0, 0.0)",
PLAYER_LOCATION,34569,3/14/2024 3:17:19 PM,bceedc17-7d27-42bd-aa14-d6a98f16c6a5,1.4,"(0.9, 1.5, 1.2)","(0.0, 0.0, 0.0)","(0.0, 0.0, 0.0)",
TOOL_HOVER,34595,3/14/2024 3:17:19 PM,bceedc17-7d27-42bd-aa14-d6a98f16c6a5,1.4,Tourniquet,999,
TOOL_HOVER,34598,3/14/2024 3:17:19 PM,bceedc17-7d27-42bd-aa14-d6a98f16c6a5,1.4,Tourniquet,999,
TOOL_HOVER,34611,3/14/2024 3:17:19 PM,bceedc17-7d27-42bd-aa14-d6a98f16c6a5,1.4,Tourniquet,999,
TOOL_HOVER,34631,3/14/2024 3:17:19 PM,bceedc17-7d27-42bd-aa14-d6a98f16c6a5,1.4,Tourniquet,999,
TOOL_HOVER,34640,3/14/2024 3:17:19 PM,bceedc17-7d27-42bd-aa14-d6a98f16c6a5,1.4,Gauze,999,
TOOL_HOVER,34653,3/14/2024 3:17:19 PM,bceedc17-7d27-42bd-aa14-d6a98f16c6a5,1.4,Gauze,999,
TOOL_HOVER,34673,3/14/2024 3:17:19 PM,bceedc17-7d27-42bd-aa14-d6a98f16c6a5,1.4,Gauze,999,
TOOL_HOVER,34681,3/14/2024 3:17:19 PM,bceedc17-7d27-42bd-aa14-d6a98f16c6a5,1.4,Gauze,999,
TOOL_HOVER,34695,3/14/2024 3:17:19 PM,bceedc17-7d27-42bd-aa14-d6a98f16c6a5,1.4,Gauze,999,
TOOL_HOVER,34709,3/14/2024 3:17:19 PM,bceedc17-7d27-42bd-aa14-d6a98f16c6a5,1.4,Gauze,999,
TOOL_HOVER,34723,3/14/2024 3:17:19 PM,bceedc17-7d27-42bd-aa14-d6a98f16c6a5,1.4,Gauze,999,
PLAYER_LOCATION,35157,3/14/2024 3:17:19 PM,bceedc17-7d27-42bd-aa14-d6a98f16c6a5,1.4,"(0.8, 1.6, 1.1)","(0.0, 0.0, 0.0)","(0.0, 0.0, 0.0)",
PLAYER_LOCATION,35157,3/14/2024 3:17:19 PM,bceedc17-7d27-42bd-aa14-d6a98f16c6a5,1.4,"(0.8, 1.6, 1.1)","(0.0, 0.0, 0.0)","(0.0, 0.0, 0.0)",
PLAYER_LOCATION,35678,3/14/2024 3:17:20 PM,bceedc17-7d27-42bd-aa14-d6a98f16c6a5,1.4,"(0.8, 1.6, 1.0)","(0.0, 0.0, 0.0)","(0.0, 0.0, 0.0)",
PLAYER_LOCATION,35678,3/14/2024 3:17:20 PM,bceedc17-7d27-42bd-aa14-d6a98f16c6a5,1.4,"(0.8, 1.6, 1.0)","(0.0, 0.0, 0.0)","(0.0, 0.0, 0.0)",
TOOL_HOVER,35957,3/14/2024 3:17:20 PM,bceedc17-7d27-42bd-aa14-d6a98f16c6a5,1.4,IV Saline,999,
TOOL_HOVER,35988,3/14/2024 3:17:20 PM,bceedc17-7d27-42bd-aa14-d6a98f16c6a5,1.4,IV Saline,999,
TOOL_HOVER,36010,3/14/2024 3:17:20 PM,bceedc17-7d27-42bd-aa14-d6a98f16c6a5,1.4,IV Saline,999,
TOOL_HOVER,36039,3/14/2024 3:17:20 PM,bceedc17-7d27-42bd-aa14-d6a98f16c6a5,1.4,IV Saline,999,
TOOL_HOVER,36066,3/14/2024 3:17:20 PM,bceedc17-7d27-42bd-aa14-d6a98f16c6a5,1.4,IV Saline,999,
TOOL_HOVER,36094,3/14/2024 3:17:20 PM,bceedc17-7d27-42bd-aa14-d6a98f16c6a5,1.4,IV Saline,999,
TOOL_HOVER,36122,3/14/2024 3:17:20 PM,bceedc17-7d27-42bd-aa14-d6a98f16c6a5,1.4,IV Saline,999,
TOOL_HOVER,36150,3/14/2024 3:17:20 PM,bceedc17-7d27-42bd-aa14-d6a98f16c6a5,1.4,IV Saline,999,
TOOL_HOVER,36178,3/14/2024 3:17:20 PM,bceedc17-7d27-42bd-aa14-d6a98f16c6a5,1.4,IV Saline,999,
TOOL_HOVER,36205,3/14/2024 3:17:20 PM,bceedc17-7d27-42bd-aa14-d6a98f16c6a5,1.4,IV Saline,999,
PLAYER_LOCATION,36206,3/14/2024 3:17:20 PM,bceedc17-7d27-42bd-aa14-d6a98f16c6a5,1.4,"(0.8, 1.6, 1.1)","(0.0, 0.0, 0.0)","(0.0, 0.0, 0.0)",
PLAYER_LOCATION,36206,3/14/2024 3:17:20 PM,bceedc17-7d27-42bd-aa14-d6a98f16c6a5,1.4,"(0.8, 1.6, 1.1)","(0.0, 0.0, 0.0)","(0.0, 0.0, 0.0)",
TOOL_HOVER,36233,3/14/2024 3:17:20 PM,bceedc17-7d27-42bd-aa14-d6a98f16c6a5,1.4,IV Saline,999,
PLAYER_LOCATION,36705,3/14/2024 3:17:21 PM,bceedc17-7d27-42bd-aa14-d6a98f16c6a5,1.4,"(0.9, 1.4, 1.3)","(0.0, 0.0, 0.0)","(0.0, 0.0, 0.0)",
PLAYER_LOCATION,36705,3/14/2024 3:17:21 PM,bceedc17-7d27-42bd-aa14-d6a98f16c6a5,1.4,"(0.9, 1.4, 1.3)","(0.0, 0.0, 0.0)","(0.0, 0.0, 0.0)",
PLAYER_LOCATION,37214,3/14/2024 3:17:21 PM,bceedc17-7d27-42bd-aa14-d6a98f16c6a5,1.4,"(0.9, 1.1, 1.3)","(0.0, 0.0, 0.0)","(0.0, 0.0, 0.0)",
PLAYER_LOCATION,37214,3/14/2024 3:17:21 PM,bceedc17-7d27-42bd-aa14-d6a98f16c6a5,1.4,"(0.9, 1.1, 1.3)","(0.0, 0.0, 0.0)","(0.0, 0.0, 0.0)",
PLAYER_LOCATION,37714,3/14/2024 3:17:22 PM,bceedc17-7d27-42bd-aa14-d6a98f16c6a5,1.4,"(0.9, 1.1, 1.3)","(0.0, 0.0, 0.0)","(0.0, 0.0, 0.0)",
PLAYER_LOCATION,37714,3/14/2024 3:17:22 PM,bceedc17-7d27-42bd-aa14-d6a98f16c6a5,1.4,"(0.9, 1.1, 1.3)","(0.0, 0.0, 0.0)","(0.0, 0.0, 0.0)",
PLAYER_LOCATION,38239,3/14/2024 3:17:22 PM,bceedc17-7d27-42bd-aa14-d6a98f16c6a5,1.4,"(0.9, 1.1, 1.3)","(0.0, 0.0, 0.0)","(0.0, 0.0, 0.0)",
PLAYER_LOCATION,38239,3/14/2024 3:17:22 PM,bceedc17-7d27-42bd-aa14-d6a98f16c6a5,1.4,"(0.9, 1.1, 1.3)","(0.0, 0.0, 0.0)","(0.0, 0.0, 0.0)",
VOICE_CAPTURE,38681,3/14/2024 3:17:23 PM,bceedc17-7d27-42bd-aa14-d6a98f16c6a5,1.4,cool the tourniquet nice,NA,
PLAYER_LOCATION,38752,3/14/2024 3:17:23 PM,bceedc17-7d27-42bd-aa14-d6a98f16c6a5,1.4,"(0.9, 1.4, 1.3)","(0.0, 0.0, 0.0)","(0.0, 0.0, 0.0)",
PLAYER_LOCATION,38752,3/14/2024 3:17:23 PM,bceedc17-7d27-42bd-aa14-d6a98f16c6a5,1.4,"(0.9, 1.4, 1.3)","(0.0, 0.0, 0.0)","(0.0, 0.0, 0.0)",
PLAYER_LOCATION,39252,3/14/2024 3:17:23 PM,bceedc17-7d27-42bd-aa14-d6a98f16c6a5,1.4,"(0.9, 1.6, 1.0)","(0.0, 0.0, 0.0)","(0.0, 0.0, 0.0)",
PLAYER_LOCATION,39252,3/14/2024 3:17:23 PM,bceedc17-7d27-42bd-aa14-d6a98f16c6a5,1.4,"(0.9, 1.6, 1.0)","(0.0, 0.0, 0.0)","(0.0, 0.0, 0.0)",
PLAYER_LOCATION,39753,3/14/2024 3:17:24 PM,bceedc17-7d27-42bd-aa14-d6a98f16c6a5,1.4,"(0.8, 1.6, 0.9)","(0.0, 0.0, 0.0)","(0.0, 0.0, 0.0)",
PLAYER_LOCATION,39753,3/14/2024 3:17:24 PM,bceedc17-7d27-42bd-aa14-d6a98f16c6a5,1.4,"(0.8, 1.6, 0.9)","(0.0, 0.0, 0.0)","(0.0, 0.0, 0.0)",
PLAYER_LOCATION,40255,3/14/2024 3:17:25 PM,bceedc17-7d27-42bd-aa14-d6a98f16c6a5,1.4,"(0.9, 1.6, 1.0)","(0.0, 0.0, 0.0)","(0.0, 0.0, 0.0)",
PLAYER_LOCATION,40255,3/14/2024 3:17:25 PM,bceedc17-7d27-42bd-aa14-d6a98f16c6a5,1.4,"(0.9, 1.6, 1.0)","(0.0, 0.0, 0.0)","(0.0, 0.0, 0.0)",
VOICE_CAPTURE,40753,3/14/2024 3:17:25 PM,bceedc17-7d27-42bd-aa14-d6a98f16c6a5,1.4,alrighty,NA,
PLAYER_LOCATION,40770,3/14/2024 3:17:25 PM,bceedc17-7d27-42bd-aa14-d6a98f16c6a5,1.4,"(0.8, 1.8, 1.0)","(0.0, 0.0, 0.0)","(0.0, 0.0, 0.0)",
PLAYER_LOCATION,40770,3/14/2024 3:17:25 PM,bceedc17-7d27-42bd-aa14-d6a98f16c6a5,1.4,"(0.8, 1.8, 1.0)","(0.0, 0.0, 0.0)","(0.0, 0.0, 0.0)",
PLAYER_LOCATION,41284,3/14/2024 3:17:26 PM,bceedc17-7d27-42bd-aa14-d6a98f16c6a5,1.4,"(0.7, 1.8, 1.0)","(0.0, 0.0, 0.0)","(0.0, 0.0, 0.0)",
PLAYER_LOCATION,41284,3/14/2024 3:17:26 PM,bceedc17-7d27-42bd-aa14-d6a98f16c6a5,1.4,"(0.7, 1.8, 1.0)","(0.0, 0.0, 0.0)","(0.0, 0.0, 0.0)",
PLAYER_LOCATION,41794,3/14/2024 3:17:26 PM,bceedc17-7d27-42bd-aa14-d6a98f16c6a5,1.4,"(0.8, 1.8, 1.0)","(0.0, 0.0, 0.0)","(0.0, 0.0, 0.0)",
PLAYER_LOCATION,41794,3/14/2024 3:17:26 PM,bceedc17-7d27-42bd-aa14-d6a98f16c6a5,1.4,"(0.8, 1.8, 1.0)","(0.0, 0.0, 0.0)","(0.0, 0.0, 0.0)",
PLAYER_LOCATION,42309,3/14/2024 3:17:27 PM,bceedc17-7d27-42bd-aa14-d6a98f16c6a5,1.4,"(0.8, 1.7, 1.0)","(0.0, 0.0, 0.0)","(0.0, 0.0, 0.0)",
PLAYER_LOCATION,42309,3/14/2024 3:17:27 PM,bceedc17-7d27-42bd-aa14-d6a98f16c6a5,1.4,"(0.8, 1.7, 1.0)","(0.0, 0.0, 0.0)","(0.0, 0.0, 0.0)",
PLAYER_LOCATION,42827,3/14/2024 3:17:27 PM,bceedc17-7d27-42bd-aa14-d6a98f16c6a5,1.4,"(0.8, 1.7, 1.0)","(0.0, 0.0, 0.0)","(0.0, 0.0, 0.0)",
PLAYER_LOCATION,42827,3/14/2024 3:17:27 PM,bceedc17-7d27-42bd-aa14-d6a98f16c6a5,1.4,"(0.8, 1.7, 1.0)","(0.0, 0.0, 0.0)","(0.0, 0.0, 0.0)",
PLAYER_LOCATION,43327,3/14/2024 3:17:28 PM,bceedc17-7d27-42bd-aa14-d6a98f16c6a5,1.4,"(0.8, 1.7, 1.0)","(0.0, 0.0, 0.0)","(0.0, 0.0, 0.0)",
PLAYER_LOCATION,43327,3/14/2024 3:17:28 PM,bceedc17-7d27-42bd-aa14-d6a98f16c6a5,1.4,"(0.8, 1.7, 1.0)","(0.0, 0.0, 0.0)","(0.0, 0.0, 0.0)",
VOICE_CAPTURE,43548,3/14/2024 3:17:28 PM,bceedc17-7d27-42bd-aa14-d6a98f16c6a5,1.4,it's good to me,NA,
PLAYER_LOCATION,43855,3/14/2024 3:17:28 PM,bceedc17-7d27-42bd-aa14-d6a98f16c6a5,1.4,"(0.8, 1.7, 1.0)","(0.0, 0.0, 0.0)","(0.0, 0.0, 0.0)",
PLAYER_LOCATION,43855,3/14/2024 3:17:28 PM,bceedc17-7d27-42bd-aa14-d6a98f16c6a5,1.4,"(0.8, 1.7, 1.0)","(0.0, 0.0, 0.0)","(0.0, 0.0, 0.0)",
PLAYER_LOCATION,44355,3/14/2024 3:17:29 PM,bceedc17-7d27-42bd-aa14-d6a98f16c6a5,1.4,"(1.2, 1.7, 0.8)","(0.0, 0.0, 0.0)","(0.0, 0.0, 0.0)",
PLAYER_LOCATION,44355,3/14/2024 3:17:29 PM,bceedc17-7d27-42bd-aa14-d6a98f16c6a5,1.4,"(1.2, 1.7, 0.8)","(0.0, 0.0, 0.0)","(0.0, 0.0, 0.0)",
PLAYER_LOCATION,44868,3/14/2024 3:17:29 PM,bceedc17-7d27-42bd-aa14-d6a98f16c6a5,1.4,"(1.2, 1.7, 0.7)","(0.0, 0.0, 0.0)","(0.0, 0.0, 0.0)",
PLAYER_LOCATION,44868,3/14/2024 3:17:29 PM,bceedc17-7d27-42bd-aa14-d6a98f16c6a5,1.4,"(1.2, 1.7, 0.7)","(0.0, 0.0, 0.0)","(0.0, 0.0, 0.0)",
PLAYER_LOCATION,45380,3/14/2024 3:17:30 PM,bceedc17-7d27-42bd-aa14-d6a98f16c6a5,1.4,"(1.2, 1.7, 0.8)","(0.0, 0.0, 0.0)","(0.0, 0.0, 0.0)",
PLAYER_LOCATION,45380,3/14/2024 3:17:30 PM,bceedc17-7d27-42bd-aa14-d6a98f16c6a5,1.4,"(1.2, 1.7, 0.8)","(0.0, 0.0, 0.0)","(0.0, 0.0, 0.0)",
PLAYER_LOCATION,45887,3/14/2024 3:17:30 PM,bceedc17-7d27-42bd-aa14-d6a98f16c6a5,1.4,"(1.4, 1.6, 0.9)","(0.0, 0.0, 0.0)","(0.0, 0.0, 0.0)",
PLAYER_LOCATION,45887,3/14/2024 3:17:30 PM,bceedc17-7d27-42bd-aa14-d6a98f16c6a5,1.4,"(1.4, 1.6, 0.9)","(0.0, 0.0, 0.0)","(0.0, 0.0, 0.0)",
PLAYER_LOCATION,46400,3/14/2024 3:17:31 PM,bceedc17-7d27-42bd-aa14-d6a98f16c6a5,1.4,"(1.6, 1.7, 1.0)","(0.0, 0.0, 0.0)","(0.0, 0.0, 0.0)",
PLAYER_LOCATION,46400,3/14/2024 3:17:31 PM,bceedc17-7d27-42bd-aa14-d6a98f16c6a5,1.4,"(1.6, 1.7, 1.0)","(0.0, 0.0, 0.0)","(0.0, 0.0, 0.0)",
PLAYER_LOCATION,46900,3/14/2024 3:17:31 PM,bceedc17-7d27-42bd-aa14-d6a98f16c6a5,1.4,"(1.6, 1.8, 1.1)","(0.0, 0.0, 0.0)","(0.0, 0.0, 0.0)",
PLAYER_LOCATION,46900,3/14/2024 3:17:31 PM,bceedc17-7d27-42bd-aa14-d6a98f16c6a5,1.4,"(1.6, 1.8, 1.1)","(0.0, 0.0, 0.0)","(0.0, 0.0, 0.0)",
PLAYER_LOCATION,47426,3/14/2024 3:17:32 PM,bceedc17-7d27-42bd-aa14-d6a98f16c6a5,1.4,"(1.6, 1.8, 1.1)","(0.0, 0.0, 0.0)","(0.0, 0.0, 0.0)",
PLAYER_LOCATION,47426,3/14/2024 3:17:32 PM,bceedc17-7d27-42bd-aa14-d6a98f16c6a5,1.4,"(1.6, 1.8, 1.1)","(0.0, 0.0, 0.0)","(0.0, 0.0, 0.0)",
PLAYER_LOCATION,47929,3/14/2024 3:17:32 PM,bceedc17-7d27-42bd-aa14-d6a98f16c6a5,1.4,"(1.7, 1.8, 1.0)","(0.0, 0.0, 0.0)","(0.0, 0.0, 0.0)",
PLAYER_LOCATION,47929,3/14/2024 3:17:32 PM,bceedc17-7d27-42bd-aa14-d6a98f16c6a5,1.4,"(1.7, 1.8, 1.0)","(0.0, 0.0, 0.0)","(0.0, 0.0, 0.0)",
PLAYER_LOCATION,48432,3/14/2024 3:17:33 PM,bceedc17-7d27-42bd-aa14-d6a98f16c6a5,1.4,"(1.7, 1.8, 1.0)","(0.0, 0.0, 0.0)","(0.0, 0.0, 0.0)",
PLAYER_LOCATION,48432,3/14/2024 3:17:33 PM,bceedc17-7d27-42bd-aa14-d6a98f16c6a5,1.4,"(1.7, 1.8, 1.0)","(0.0, 0.0, 0.0)","(0.0, 0.0, 0.0)",
PLAYER_LOCATION,48940,3/14/2024 3:17:33 PM,bceedc17-7d27-42bd-aa14-d6a98f16c6a5,1.4,"(1.7, 1.8, 1.1)","(0.0, 0.0, 0.0)","(0.0, 0.0, 0.0)",
PLAYER_LOCATION,48940,3/14/2024 3:17:33 PM,bceedc17-7d27-42bd-aa14-d6a98f16c6a5,1.4,"(1.7, 1.8, 1.1)","(0.0, 0.0, 0.0)","(0.0, 0.0, 0.0)",
PLAYER_LOCATION,49450,3/14/2024 3:17:34 PM,bceedc17-7d27-42bd-aa14-d6a98f16c6a5,1.4,"(1.7, 1.8, 1.1)","(0.0, 0.0, 0.0)","(0.0, 0.0, 0.0)",
PLAYER_LOCATION,49450,3/14/2024 3:17:34 PM,bceedc17-7d27-42bd-aa14-d6a98f16c6a5,1.4,"(1.7, 1.8, 1.1)","(0.0, 0.0, 0.0)","(0.0, 0.0, 0.0)",
PLAYER_LOCATION,49954,3/14/2024 3:17:34 PM,bceedc17-7d27-42bd-aa14-d6a98f16c6a5,1.4,"(1.7, 1.8, 1.0)","(0.0, 0.0, 0.0)","(0.0, 0.0, 0.0)",
PLAYER_LOCATION,49954,3/14/2024 3:17:34 PM,bceedc17-7d27-42bd-aa14-d6a98f16c6a5,1.4,"(1.7, 1.8, 1.0)","(0.0, 0.0, 0.0)","(0.0, 0.0, 0.0)",
PLAYER_LOCATION,50466,3/14/2024 3:17:35 PM,bceedc17-7d27-42bd-aa14-d6a98f16c6a5,1.4,"(1.7, 1.8, 1.0)","(0.0, 0.0, 0.0)","(0.0, 0.0, 0.0)",
PLAYER_LOCATION,50466,3/14/2024 3:17:35 PM,bceedc17-7d27-42bd-aa14-d6a98f16c6a5,1.4,"(1.7, 1.8, 1.0)","(0.0, 0.0, 0.0)","(0.0, 0.0, 0.0)",
PLAYER_LOCATION,50981,3/14/2024 3:17:35 PM,bceedc17-7d27-42bd-aa14-d6a98f16c6a5,1.4,"(1.7, 1.8, 1.0)","(0.0, 0.0, 0.0)","(0.0, 0.0, 0.0)",
PLAYER_LOCATION,50981,3/14/2024 3:17:35 PM,bceedc17-7d27-42bd-aa14-d6a98f16c6a5,1.4,"(1.7, 1.8, 1.0)","(0.0, 0.0, 0.0)","(0.0, 0.0, 0.0)",
PLAYER_LOCATION,51484,3/14/2024 3:17:36 PM,bceedc17-7d27-42bd-aa14-d6a98f16c6a5,1.4,"(1.6, 1.8, 1.1)","(0.0, 0.0, 0.0)","(0.0, 0.0, 0.0)",
PLAYER_LOCATION,51484,3/14/2024 3:17:36 PM,bceedc17-7d27-42bd-aa14-d6a98f16c6a5,1.4,"(1.6, 1.8, 1.1)","(0.0, 0.0, 0.0)","(0.0, 0.0, 0.0)",
VOICE_CAPTURE,51955,3/14/2024 3:17:36 PM,bceedc17-7d27-42bd-aa14-d6a98f16c6a5,1.4,ohh I've moved a lot huh more than I thought,NA,
PLAYER_LOCATION,51983,3/14/2024 3:17:36 PM,bceedc17-7d27-42bd-aa14-d6a98f16c6a5,1.4,"(1.6, 1.8, 1.1)","(0.0, 0.0, 0.0)","(0.0, 0.0, 0.0)",
PLAYER_LOCATION,51983,3/14/2024 3:17:36 PM,bceedc17-7d27-42bd-aa14-d6a98f16c6a5,1.4,"(1.6, 1.8, 1.1)","(0.0, 0.0, 0.0)","(0.0, 0.0, 0.0)",
PLAYER_LOCATION,52483,3/14/2024 3:17:37 PM,bceedc17-7d27-42bd-aa14-d6a98f16c6a5,1.4,"(1.7, 1.8, 1.1)","(0.0, 0.0, 0.0)","(0.0, 0.0, 0.0)",
PLAYER_LOCATION,52483,3/14/2024 3:17:37 PM,bceedc17-7d27-42bd-aa14-d6a98f16c6a5,1.4,"(1.7, 1.8, 1.1)","(0.0, 0.0, 0.0)","(0.0, 0.0, 0.0)",
PLAYER_LOCATION,52988,3/14/2024 3:17:37 PM,bceedc17-7d27-42bd-aa14-d6a98f16c6a5,1.4,"(1.7, 1.8, 1.0)","(0.0, 0.0, 0.0)","(0.0, 0.0, 0.0)",
PLAYER_LOCATION,52988,3/14/2024 3:17:37 PM,bceedc17-7d27-42bd-aa14-d6a98f16c6a5,1.4,"(1.7, 1.8, 1.0)","(0.0, 0.0, 0.0)","(0.0, 0.0, 0.0)",
PLAYER_LOCATION,53488,3/14/2024 3:17:38 PM,bceedc17-7d27-42bd-aa14-d6a98f16c6a5,1.4,"(1.7, 1.8, 1.0)","(0.0, 0.0, 0.0)","(0.0, 0.0, 0.0)",
PLAYER_LOCATION,53488,3/14/2024 3:17:38 PM,bceedc17-7d27-42bd-aa14-d6a98f16c6a5,1.4,"(1.7, 1.8, 1.0)","(0.0, 0.0, 0.0)","(0.0, 0.0, 0.0)",
PLAYER_LOCATION,54002,3/14/2024 3:17:38 PM,bceedc17-7d27-42bd-aa14-d6a98f16c6a5,1.4,"(1.8, 1.8, 1.0)","(0.0, 0.0, 0.0)","(0.0, 0.0, 0.0)",
PLAYER_LOCATION,54002,3/14/2024 3:17:38 PM,bceedc17-7d27-42bd-aa14-d6a98f16c6a5,1.4,"(1.8, 1.8, 1.0)","(0.0, 0.0, 0.0)","(0.0, 0.0, 0.0)",
PLAYER_LOCATION,54502,3/14/2024 3:17:39 PM,bceedc17-7d27-42bd-aa14-d6a98f16c6a5,1.4,"(1.8, 1.8, 1.0)","(0.0, 0.0, 0.0)","(0.0, 0.0, 0.0)",
PLAYER_LOCATION,54502,3/14/2024 3:17:39 PM,bceedc17-7d27-42bd-aa14-d6a98f16c6a5,1.4,"(1.8, 1.8, 1.0)","(0.0, 0.0, 0.0)","(0.0, 0.0, 0.0)",
PLAYER_LOCATION,55016,3/14/2024 3:17:39 PM,bceedc17-7d27-42bd-aa14-d6a98f16c6a5,1.4,"(1.8, 1.8, 1.1)","(0.0, 0.0, 0.0)","(0.0, 0.0, 0.0)",
PLAYER_LOCATION,55016,3/14/2024 3:17:39 PM,bceedc17-7d27-42bd-aa14-d6a98f16c6a5,1.4,"(1.8, 1.8, 1.1)","(0.0, 0.0, 0.0)","(0.0, 0.0, 0.0)",
PLAYER_LOCATION,55530,3/14/2024 3:17:40 PM,bceedc17-7d27-42bd-aa14-d6a98f16c6a5,1.4,"(1.7, 1.8, 1.1)","(0.0, 0.0, 0.0)","(0.0, 0.0, 0.0)",
PLAYER_LOCATION,55530,3/14/2024 3:17:40 PM,bceedc17-7d27-42bd-aa14-d6a98f16c6a5,1.4,"(1.7, 1.8, 1.1)","(0.0, 0.0, 0.0)","(0.0, 0.0, 0.0)",
VOICE_CAPTURE,55667,3/14/2024 3:17:40 PM,bceedc17-7d27-42bd-aa14-d6a98f16c6a5,1.4,sure,NA,
PLAYER_LOCATION,56039,3/14/2024 3:17:40 PM,bceedc17-7d27-42bd-aa14-d6a98f16c6a5,1.4,"(1.6, 1.8, 1.1)","(0.0, 0.0, 0.0)","(0.0, 0.0, 0.0)",
PLAYER_LOCATION,56039,3/14/2024 3:17:40 PM,bceedc17-7d27-42bd-aa14-d6a98f16c6a5,1.4,"(1.6, 1.8, 1.1)","(0.0, 0.0, 0.0)","(0.0, 0.0, 0.0)",
PLAYER_LOCATION,56568,3/14/2024 3:17:41 PM,bceedc17-7d27-42bd-aa14-d6a98f16c6a5,1.4,"(1.6, 1.8, 1.1)","(0.0, 0.0, 0.0)","(0.0, 0.0, 0.0)",
PLAYER_LOCATION,56568,3/14/2024 3:17:41 PM,bceedc17-7d27-42bd-aa14-d6a98f16c6a5,1.4,"(1.6, 1.8, 1.1)","(0.0, 0.0, 0.0)","(0.0, 0.0, 0.0)",
PLAYER_LOCATION,57070,3/14/2024 3:17:41 PM,bceedc17-7d27-42bd-aa14-d6a98f16c6a5,1.4,"(1.6, 1.8, 1.2)","(0.0, 0.0, 0.0)","(0.0, 0.0, 0.0)",
PLAYER_LOCATION,57070,3/14/2024 3:17:41 PM,bceedc17-7d27-42bd-aa14-d6a98f16c6a5,1.4,"(1.6, 1.8, 1.2)","(0.0, 0.0, 0.0)","(0.0, 0.0, 0.0)",
PLAYER_LOCATION,57570,3/14/2024 3:17:42 PM,bceedc17-7d27-42bd-aa14-d6a98f16c6a5,1.4,"(1.6, 1.8, 1.1)","(0.0, 0.0, 0.0)","(0.0, 0.0, 0.0)",
PLAYER_LOCATION,57570,3/14/2024 3:17:42 PM,bceedc17-7d27-42bd-aa14-d6a98f16c6a5,1.4,"(1.6, 1.8, 1.1)","(0.0, 0.0, 0.0)","(0.0, 0.0, 0.0)",
PLAYER_LOCATION,58070,3/14/2024 3:17:42 PM,bceedc17-7d27-42bd-aa14-d6a98f16c6a5,1.4,"(1.8, 1.8, 1.0)","(0.0, 0.0, 0.0)","(0.0, 0.0, 0.0)",
PLAYER_LOCATION,58070,3/14/2024 3:17:42 PM,bceedc17-7d27-42bd-aa14-d6a98f16c6a5,1.4,"(1.8, 1.8, 1.0)","(0.0, 0.0, 0.0)","(0.0, 0.0, 0.0)",
PLAYER_LOCATION,58570,3/14/2024 3:17:43 PM,bceedc17-7d27-42bd-aa14-d6a98f16c6a5,1.4,"(1.8, 1.8, 0.9)","(0.0, 0.0, 0.0)","(0.0, 0.0, 0.0)",
PLAYER_LOCATION,58570,3/14/2024 3:17:43 PM,bceedc17-7d27-42bd-aa14-d6a98f16c6a5,1.4,"(1.8, 1.8, 0.9)","(0.0, 0.0, 0.0)","(0.0, 0.0, 0.0)",
PLAYER_LOCATION,59085,3/14/2024 3:17:43 PM,bceedc17-7d27-42bd-aa14-d6a98f16c6a5,1.4,"(1.8, 1.7, 1.0)","(0.0, 0.0, 0.0)","(0.0, 0.0, 0.0)",
PLAYER_LOCATION,59085,3/14/2024 3:17:43 PM,bceedc17-7d27-42bd-aa14-d6a98f16c6a5,1.4,"(1.8, 1.7, 1.0)","(0.0, 0.0, 0.0)","(0.0, 0.0, 0.0)",
PLAYER_LOCATION,59599,3/14/2024 3:17:44 PM,bceedc17-7d27-42bd-aa14-d6a98f16c6a5,1.4,"(1.8, 1.7, 1.0)","(0.0, 0.0, 0.0)","(0.0, 0.0, 0.0)",
PLAYER_LOCATION,59599,3/14/2024 3:17:44 PM,bceedc17-7d27-42bd-aa14-d6a98f16c6a5,1.4,"(1.8, 1.7, 1.0)","(0.0, 0.0, 0.0)","(0.0, 0.0, 0.0)",
PLAYER_LOCATION,60112,3/14/2024 3:17:44 PM,bceedc17-7d27-42bd-aa14-d6a98f16c6a5,1.4,"(1.8, 1.7, 1.0)","(0.0, 0.0, 0.0)","(0.0, 0.0, 0.0)",
PLAYER_LOCATION,60112,3/14/2024 3:17:44 PM,bceedc17-7d27-42bd-aa14-d6a98f16c6a5,1.4,"(1.8, 1.7, 1.0)","(0.0, 0.0, 0.0)","(0.0, 0.0, 0.0)",
PLAYER_LOCATION,60612,3/14/2024 3:17:45 PM,bceedc17-7d27-42bd-aa14-d6a98f16c6a5,1.4,"(1.8, 1.8, 1.0)","(0.0, 0.0, 0.0)","(0.0, 0.0, 0.0)",
PLAYER_LOCATION,60612,3/14/2024 3:17:45 PM,bceedc17-7d27-42bd-aa14-d6a98f16c6a5,1.4,"(1.8, 1.8, 1.0)","(0.0, 0.0, 0.0)","(0.0, 0.0, 0.0)",
BAG_CLOSED,60807,3/14/2024 3:17:45 PM,bceedc17-7d27-42bd-aa14-d6a98f16c6a5,1.4,"(0.0, 0.0, 0.0)",
PLAYER_LOCATION,61127,3/14/2024 3:17:45 PM,bceedc17-7d27-42bd-aa14-d6a98f16c6a5,1.4,"(1.8, 1.8, 1.0)","(0.0, 0.0, 0.0)","(0.0, 0.0, 0.0)",
PLAYER_LOCATION,61127,3/14/2024 3:17:45 PM,bceedc17-7d27-42bd-aa14-d6a98f16c6a5,1.4,"(1.8, 1.8, 1.0)","(0.0, 0.0, 0.0)","(0.0, 0.0, 0.0)",
PLAYER_LOCATION,61627,3/14/2024 3:17:46 PM,bceedc17-7d27-42bd-aa14-d6a98f16c6a5,1.4,"(1.8, 1.7, 1.0)","(0.0, 0.0, 0.0)","(0.0, 0.0, 0.0)",
PLAYER_LOCATION,61627,3/14/2024 3:17:46 PM,bceedc17-7d27-42bd-aa14-d6a98f16c6a5,1.4,"(1.8, 1.7, 1.0)","(0.0, 0.0, 0.0)","(0.0, 0.0, 0.0)",
PLAYER_LOCATION,62140,3/14/2024 3:17:46 PM,bceedc17-7d27-42bd-aa14-d6a98f16c6a5,1.4,"(1.8, 1.7, 1.0)","(0.0, 0.0, 0.0)","(0.0, 0.0, 0.0)",
PLAYER_LOCATION,62140,3/14/2024 3:17:46 PM,bceedc17-7d27-42bd-aa14-d6a98f16c6a5,1.4,"(1.8, 1.7, 1.0)","(0.0, 0.0, 0.0)","(0.0, 0.0, 0.0)",
PLAYER_LOCATION,62641,3/14/2024 3:17:47 PM,bceedc17-7d27-42bd-aa14-d6a98f16c6a5,1.4,"(1.8, 1.8, 0.9)","(0.0, 0.0, 0.0)","(0.0, 0.0, 0.0)",
PLAYER_LOCATION,62641,3/14/2024 3:17:47 PM,bceedc17-7d27-42bd-aa14-d6a98f16c6a5,1.4,"(1.8, 1.8, 0.9)","(0.0, 0.0, 0.0)","(0.0, 0.0, 0.0)",
PLAYER_LOCATION,63155,3/14/2024 3:17:47 PM,bceedc17-7d27-42bd-aa14-d6a98f16c6a5,1.4,"(1.7, 1.8, 0.8)","(0.0, 0.0, 0.0)","(0.0, 0.0, 0.0)",
PLAYER_LOCATION,63155,3/14/2024 3:17:47 PM,bceedc17-7d27-42bd-aa14-d6a98f16c6a5,1.4,"(1.7, 1.8, 0.8)","(0.0, 0.0, 0.0)","(0.0, 0.0, 0.0)",
PLAYER_LOCATION,63708,3/14/2024 3:17:48 PM,bceedc17-7d27-42bd-aa14-d6a98f16c6a5,1.4,"(1.7, 1.8, 0.8)","(0.0, 0.0, 0.0)","(0.0, 0.0, 0.0)",
PLAYER_LOCATION,63708,3/14/2024 3:17:48 PM,bceedc17-7d27-42bd-aa14-d6a98f16c6a5,1.4,"(1.7, 1.8, 0.8)","(0.0, 0.0, 0.0)","(0.0, 0.0, 0.0)",
PLAYER_LOCATION,64211,3/14/2024 3:17:48 PM,bceedc17-7d27-42bd-aa14-d6a98f16c6a5,1.4,"(1.7, 1.8, 1.0)","(0.0, 0.0, 0.0)","(0.0, 0.0, 0.0)",
PLAYER_LOCATION,64211,3/14/2024 3:17:48 PM,bceedc17-7d27-42bd-aa14-d6a98f16c6a5,1.4,"(1.7, 1.8, 1.0)","(0.0, 0.0, 0.0)","(0.0, 0.0, 0.0)",
PLAYER_LOCATION,64710,3/14/2024 3:17:49 PM,bceedc17-7d27-42bd-aa14-d6a98f16c6a5,1.4,"(1.6, 1.8, 1.0)","(0.0, 0.0, 0.0)","(0.0, 0.0, 0.0)",
PLAYER_LOCATION,64710,3/14/2024 3:17:49 PM,bceedc17-7d27-42bd-aa14-d6a98f16c6a5,1.4,"(1.6, 1.8, 1.0)","(0.0, 0.0, 0.0)","(0.0, 0.0, 0.0)",
PLAYER_LOCATION,65210,3/14/2024 3:17:49 PM,bceedc17-7d27-42bd-aa14-d6a98f16c6a5,1.4,"(1.6, 1.8, 1.0)","(0.0, 0.0, 0.0)","(0.0, 0.0, 0.0)",
PLAYER_LOCATION,65210,3/14/2024 3:17:49 PM,bceedc17-7d27-42bd-aa14-d6a98f16c6a5,1.4,"(1.6, 1.8, 1.0)","(0.0, 0.0, 0.0)","(0.0, 0.0, 0.0)",
PLAYER_LOCATION,65725,3/14/2024 3:17:50 PM,bceedc17-7d27-42bd-aa14-d6a98f16c6a5,1.4,"(1.7, 1.8, 1.0)","(0.0, 0.0, 0.0)","(0.0, 0.0, 0.0)",
PLAYER_LOCATION,65725,3/14/2024 3:17:50 PM,bceedc17-7d27-42bd-aa14-d6a98f16c6a5,1.4,"(1.7, 1.8, 1.0)","(0.0, 0.0, 0.0)","(0.0, 0.0, 0.0)",
PLAYER_LOCATION,66225,3/14/2024 3:17:50 PM,bceedc17-7d27-42bd-aa14-d6a98f16c6a5,1.4,"(1.8, 1.8, 1.0)","(0.0, 0.0, 0.0)","(0.0, 0.0, 0.0)",
PLAYER_LOCATION,66225,3/14/2024 3:17:50 PM,bceedc17-7d27-42bd-aa14-d6a98f16c6a5,1.4,"(1.8, 1.8, 1.0)","(0.0, 0.0, 0.0)","(0.0, 0.0, 0.0)",
PLAYER_LOCATION,66739,3/14/2024 3:17:51 PM,bceedc17-7d27-42bd-aa14-d6a98f16c6a5,1.4,"(1.8, 1.8, 1.0)","(0.0, 0.0, 0.0)","(0.0, 0.0, 0.0)",
PLAYER_LOCATION,66739,3/14/2024 3:17:51 PM,bceedc17-7d27-42bd-aa14-d6a98f16c6a5,1.4,"(1.8, 1.8, 1.0)","(0.0, 0.0, 0.0)","(0.0, 0.0, 0.0)",
PLAYER_LOCATION,67239,3/14/2024 3:17:51 PM,bceedc17-7d27-42bd-aa14-d6a98f16c6a5,1.4,"(1.8, 1.8, 1.1)","(0.0, 0.0, 0.0)","(0.0, 0.0, 0.0)",
PLAYER_LOCATION,67239,3/14/2024 3:17:51 PM,bceedc17-7d27-42bd-aa14-d6a98f16c6a5,1.4,"(1.8, 1.8, 1.1)","(0.0, 0.0, 0.0)","(0.0, 0.0, 0.0)",
PLAYER_LOCATION,67753,3/14/2024 3:17:52 PM,bceedc17-7d27-42bd-aa14-d6a98f16c6a5,1.4,"(1.8, 1.7, 1.1)","(0.0, 0.0, 0.0)","(0.0, 0.0, 0.0)",
PLAYER_LOCATION,67753,3/14/2024 3:17:52 PM,bceedc17-7d27-42bd-aa14-d6a98f16c6a5,1.4,"(1.8, 1.7, 1.1)","(0.0, 0.0, 0.0)","(0.0, 0.0, 0.0)",
PLAYER_LOCATION,68253,3/14/2024 3:17:52 PM,bceedc17-7d27-42bd-aa14-d6a98f16c6a5,1.4,"(1.7, 1.8, 1.1)","(0.0, 0.0, 0.0)","(0.0, 0.0, 0.0)",
PLAYER_LOCATION,68253,3/14/2024 3:17:52 PM,bceedc17-7d27-42bd-aa14-d6a98f16c6a5,1.4,"(1.7, 1.8, 1.1)","(0.0, 0.0, 0.0)","(0.0, 0.0, 0.0)",
PLAYER_LOCATION,68767,3/14/2024 3:17:53 PM,bceedc17-7d27-42bd-aa14-d6a98f16c6a5,1.4,"(1.7, 1.8, 1.1)","(0.0, 0.0, 0.0)","(0.0, 0.0, 0.0)",
PLAYER_LOCATION,68767,3/14/2024 3:17:53 PM,bceedc17-7d27-42bd-aa14-d6a98f16c6a5,1.4,"(1.7, 1.8, 1.1)","(0.0, 0.0, 0.0)","(0.0, 0.0, 0.0)",
PLAYER_LOCATION,69280,3/14/2024 3:17:54 PM,bceedc17-7d27-42bd-aa14-d6a98f16c6a5,1.4,"(1.7, 1.8, 1.1)","(0.0, 0.0, 0.0)","(0.0, 0.0, 0.0)",
PLAYER_LOCATION,69280,3/14/2024 3:17:54 PM,bceedc17-7d27-42bd-aa14-d6a98f16c6a5,1.4,"(1.7, 1.8, 1.1)","(0.0, 0.0, 0.0)","(0.0, 0.0, 0.0)",
PLAYER_LOCATION,69781,3/14/2024 3:17:54 PM,bceedc17-7d27-42bd-aa14-d6a98f16c6a5,1.4,"(1.7, 1.8, 1.1)","(0.0, 0.0, 0.0)","(0.0, 0.0, 0.0)",
PLAYER_LOCATION,69781,3/14/2024 3:17:54 PM,bceedc17-7d27-42bd-aa14-d6a98f16c6a5,1.4,"(1.7, 1.8, 1.1)","(0.0, 0.0, 0.0)","(0.0, 0.0, 0.0)",
PLAYER_LOCATION,70307,3/14/2024 3:17:55 PM,bceedc17-7d27-42bd-aa14-d6a98f16c6a5,1.4,"(1.7, 1.8, 1.1)","(0.0, 0.0, 0.0)","(0.0, 0.0, 0.0)",
PLAYER_LOCATION,70307,3/14/2024 3:17:55 PM,bceedc17-7d27-42bd-aa14-d6a98f16c6a5,1.4,"(1.7, 1.8, 1.1)","(0.0, 0.0, 0.0)","(0.0, 0.0, 0.0)",
PLAYER_LOCATION,70858,3/14/2024 3:17:55 PM,bceedc17-7d27-42bd-aa14-d6a98f16c6a5,1.4,"(1.7, 1.8, 1.1)","(0.0, 0.0, 0.0)","(0.0, 0.0, 0.0)",
PLAYER_LOCATION,70858,3/14/2024 3:17:55 PM,bceedc17-7d27-42bd-aa14-d6a98f16c6a5,1.4,"(1.7, 1.8, 1.1)","(0.0, 0.0, 0.0)","(0.0, 0.0, 0.0)",
PLAYER_LOCATION,71360,3/14/2024 3:17:56 PM,bceedc17-7d27-42bd-aa14-d6a98f16c6a5,1.4,"(1.7, 1.8, 1.1)","(0.0, 0.0, 0.0)","(0.0, 0.0, 0.0)",
PLAYER_LOCATION,71360,3/14/2024 3:17:56 PM,bceedc17-7d27-42bd-aa14-d6a98f16c6a5,1.4,"(1.7, 1.8, 1.1)","(0.0, 0.0, 0.0)","(0.0, 0.0, 0.0)",
PLAYER_LOCATION,71861,3/14/2024 3:17:56 PM,bceedc17-7d27-42bd-aa14-d6a98f16c6a5,1.4,"(1.7, 1.8, 1.1)","(0.0, 0.0, 0.0)","(0.0, 0.0, 0.0)",
PLAYER_LOCATION,71861,3/14/2024 3:17:56 PM,bceedc17-7d27-42bd-aa14-d6a98f16c6a5,1.4,"(1.7, 1.8, 1.1)","(0.0, 0.0, 0.0)","(0.0, 0.0, 0.0)",
PLAYER_LOCATION,72375,3/14/2024 3:17:57 PM,bceedc17-7d27-42bd-aa14-d6a98f16c6a5,1.4,"(1.7, 1.8, 1.1)","(0.0, 0.0, 0.0)","(0.0, 0.0, 0.0)",
PLAYER_LOCATION,72375,3/14/2024 3:17:57 PM,bceedc17-7d27-42bd-aa14-d6a98f16c6a5,1.4,"(1.7, 1.8, 1.1)","(0.0, 0.0, 0.0)","(0.0, 0.0, 0.0)",
PLAYER_LOCATION,72875,3/14/2024 3:17:57 PM,bceedc17-7d27-42bd-aa14-d6a98f16c6a5,1.4,"(1.7, 1.8, 1.1)","(0.0, 0.0, 0.0)","(0.0, 0.0, 0.0)",
PLAYER_LOCATION,72875,3/14/2024 3:17:57 PM,bceedc17-7d27-42bd-aa14-d6a98f16c6a5,1.4,"(1.7, 1.8, 1.1)","(0.0, 0.0, 0.0)","(0.0, 0.0, 0.0)",
PLAYER_LOCATION,73389,3/14/2024 3:17:58 PM,bceedc17-7d27-42bd-aa14-d6a98f16c6a5,1.4,"(1.7, 1.8, 1.1)","(0.0, 0.0, 0.0)","(0.0, 0.0, 0.0)",
PLAYER_LOCATION,73389,3/14/2024 3:17:58 PM,bceedc17-7d27-42bd-aa14-d6a98f16c6a5,1.4,"(1.7, 1.8, 1.1)","(0.0, 0.0, 0.0)","(0.0, 0.0, 0.0)",
PLAYER_LOCATION,73903,3/14/2024 3:17:58 PM,bceedc17-7d27-42bd-aa14-d6a98f16c6a5,1.4,"(1.7, 1.8, 1.1)","(0.0, 0.0, 0.0)","(0.0, 0.0, 0.0)",
PLAYER_LOCATION,73903,3/14/2024 3:17:58 PM,bceedc17-7d27-42bd-aa14-d6a98f16c6a5,1.4,"(1.7, 1.8, 1.1)","(0.0, 0.0, 0.0)","(0.0, 0.0, 0.0)",
PLAYER_LOCATION,74417,3/14/2024 3:17:59 PM,bceedc17-7d27-42bd-aa14-d6a98f16c6a5,1.4,"(1.7, 1.8, 1.1)","(0.0, 0.0, 0.0)","(0.0, 0.0, 0.0)",
PLAYER_LOCATION,74417,3/14/2024 3:17:59 PM,bceedc17-7d27-42bd-aa14-d6a98f16c6a5,1.4,"(1.7, 1.8, 1.1)","(0.0, 0.0, 0.0)","(0.0, 0.0, 0.0)",
PLAYER_LOCATION,74930,3/14/2024 3:17:59 PM,bceedc17-7d27-42bd-aa14-d6a98f16c6a5,1.4,"(1.7, 1.8, 1.1)","(0.0, 0.0, 0.0)","(0.0, 0.0, 0.0)",
PLAYER_LOCATION,74930,3/14/2024 3:17:59 PM,bceedc17-7d27-42bd-aa14-d6a98f16c6a5,1.4,"(1.7, 1.8, 1.1)","(0.0, 0.0, 0.0)","(0.0, 0.0, 0.0)",
PLAYER_LOCATION,75438,3/14/2024 3:18:00 PM,bceedc17-7d27-42bd-aa14-d6a98f16c6a5,1.4,"(1.7, 1.8, 1.0)","(0.0, 0.0, 0.0)","(0.0, 0.0, 0.0)",
PLAYER_LOCATION,75438,3/14/2024 3:18:00 PM,bceedc17-7d27-42bd-aa14-d6a98f16c6a5,1.4,"(1.7, 1.8, 1.0)","(0.0, 0.0, 0.0)","(0.0, 0.0, 0.0)",
PLAYER_LOCATION,75938,3/14/2024 3:18:00 PM,bceedc17-7d27-42bd-aa14-d6a98f16c6a5,1.4,"(1.7, 1.8, 1.0)","(0.0, 0.0, 0.0)","(0.0, 0.0, 0.0)",
PLAYER_LOCATION,75938,3/14/2024 3:18:00 PM,bceedc17-7d27-42bd-aa14-d6a98f16c6a5,1.4,"(1.7, 1.8, 1.0)","(0.0, 0.0, 0.0)","(0.0, 0.0, 0.0)",
PLAYER_LOCATION,76452,3/14/2024 3:18:01 PM,bceedc17-7d27-42bd-aa14-d6a98f16c6a5,1.4,"(1.7, 1.7, 1.0)","(0.0, 0.0, 0.0)","(0.0, 0.0, 0.0)",
PLAYER_LOCATION,76452,3/14/2024 3:18:01 PM,bceedc17-7d27-42bd-aa14-d6a98f16c6a5,1.4,"(1.7, 1.7, 1.0)","(0.0, 0.0, 0.0)","(0.0, 0.0, 0.0)",
PLAYER_LOCATION,76966,3/14/2024 3:18:01 PM,bceedc17-7d27-42bd-aa14-d6a98f16c6a5,1.4,"(1.8, 1.7, 1.0)","(0.0, 0.0, 0.0)","(0.0, 0.0, 0.0)",
PLAYER_LOCATION,76966,3/14/2024 3:18:01 PM,bceedc17-7d27-42bd-aa14-d6a98f16c6a5,1.4,"(1.8, 1.7, 1.0)","(0.0, 0.0, 0.0)","(0.0, 0.0, 0.0)",
PLAYER_LOCATION,77481,3/14/2024 3:18:02 PM,bceedc17-7d27-42bd-aa14-d6a98f16c6a5,1.4,"(1.7, 1.8, 1.1)","(0.0, 0.0, 0.0)","(0.0, 0.0, 0.0)",
PLAYER_LOCATION,77481,3/14/2024 3:18:02 PM,bceedc17-7d27-42bd-aa14-d6a98f16c6a5,1.4,"(1.7, 1.8, 1.1)","(0.0, 0.0, 0.0)","(0.0, 0.0, 0.0)",
PLAYER_LOCATION,78053,3/14/2024 3:18:02 PM,bceedc17-7d27-42bd-aa14-d6a98f16c6a5,1.4,"(1.7, 1.8, 1.1)","(0.0, 0.0, 0.0)","(0.0, 0.0, 0.0)",
PLAYER_LOCATION,78053,3/14/2024 3:18:02 PM,bceedc17-7d27-42bd-aa14-d6a98f16c6a5,1.4,"(1.7, 1.8, 1.1)","(0.0, 0.0, 0.0)","(0.0, 0.0, 0.0)",
PLAYER_LOCATION,78570,3/14/2024 3:18:03 PM,bceedc17-7d27-42bd-aa14-d6a98f16c6a5,1.4,"(1.7, 1.8, 1.0)","(0.0, 0.0, 0.0)","(0.0, 0.0, 0.0)",
PLAYER_LOCATION,78570,3/14/2024 3:18:03 PM,bceedc17-7d27-42bd-aa14-d6a98f16c6a5,1.4,"(1.7, 1.8, 1.0)","(0.0, 0.0, 0.0)","(0.0, 0.0, 0.0)",
PLAYER_LOCATION,79089,3/14/2024 3:18:03 PM,bceedc17-7d27-42bd-aa14-d6a98f16c6a5,1.4,"(1.7, 1.8, 1.0)","(0.0, 0.0, 0.0)","(0.0, 0.0, 0.0)",
PLAYER_LOCATION,79089,3/14/2024 3:18:03 PM,bceedc17-7d27-42bd-aa14-d6a98f16c6a5,1.4,"(1.7, 1.8, 1.0)","(0.0, 0.0, 0.0)","(0.0, 0.0, 0.0)",
PLAYER_LOCATION,79617,3/14/2024 3:18:04 PM,bceedc17-7d27-42bd-aa14-d6a98f16c6a5,1.4,"(1.7, 1.8, 1.0)","(0.0, 0.0, 0.0)","(0.0, 0.0, 0.0)",
PLAYER_LOCATION,79617,3/14/2024 3:18:04 PM,bceedc17-7d27-42bd-aa14-d6a98f16c6a5,1.4,"(1.7, 1.8, 1.0)","(0.0, 0.0, 0.0)","(0.0, 0.0, 0.0)",
PLAYER_LOCATION,80117,3/14/2024 3:18:04 PM,bceedc17-7d27-42bd-aa14-d6a98f16c6a5,1.4,"(1.7, 1.8, 1.0)","(0.0, 0.0, 0.0)","(0.0, 0.0, 0.0)",
PLAYER_LOCATION,80117,3/14/2024 3:18:04 PM,bceedc17-7d27-42bd-aa14-d6a98f16c6a5,1.4,"(1.7, 1.8, 1.0)","(0.0, 0.0, 0.0)","(0.0, 0.0, 0.0)",
VOICE_CAPTURE,80396,3/14/2024 3:18:05 PM,bceedc17-7d27-42bd-aa14-d6a98f16c6a5,1.4,It's trying,NA,
PLAYER_LOCATION,80617,3/14/2024 3:18:05 PM,bceedc17-7d27-42bd-aa14-d6a98f16c6a5,1.4,"(1.8, 1.8, 1.0)","(0.0, 0.0, 0.0)","(0.0, 0.0, 0.0)",
PLAYER_LOCATION,80617,3/14/2024 3:18:05 PM,bceedc17-7d27-42bd-aa14-d6a98f16c6a5,1.4,"(1.8, 1.8, 1.0)","(0.0, 0.0, 0.0)","(0.0, 0.0, 0.0)",
PLAYER_LOCATION,81117,3/14/2024 3:18:05 PM,bceedc17-7d27-42bd-aa14-d6a98f16c6a5,1.4,"(1.8, 1.8, 0.9)","(0.0, 0.0, 0.0)","(0.0, 0.0, 0.0)",
PLAYER_LOCATION,81117,3/14/2024 3:18:05 PM,bceedc17-7d27-42bd-aa14-d6a98f16c6a5,1.4,"(1.8, 1.8, 0.9)","(0.0, 0.0, 0.0)","(0.0, 0.0, 0.0)",
PLAYER_LOCATION,81618,3/14/2024 3:18:06 PM,bceedc17-7d27-42bd-aa14-d6a98f16c6a5,1.4,"(1.8, 1.8, 0.9)","(0.0, 0.0, 0.0)","(0.0, 0.0, 0.0)",
PLAYER_LOCATION,81618,3/14/2024 3:18:06 PM,bceedc17-7d27-42bd-aa14-d6a98f16c6a5,1.4,"(1.8, 1.8, 0.9)","(0.0, 0.0, 0.0)","(0.0, 0.0, 0.0)",
PLAYER_LOCATION,82133,3/14/2024 3:18:06 PM,bceedc17-7d27-42bd-aa14-d6a98f16c6a5,1.4,"(1.8, 1.8, 0.9)","(0.0, 0.0, 0.0)","(0.0, 0.0, 0.0)",
PLAYER_LOCATION,82133,3/14/2024 3:18:06 PM,bceedc17-7d27-42bd-aa14-d6a98f16c6a5,1.4,"(1.8, 1.8, 0.9)","(0.0, 0.0, 0.0)","(0.0, 0.0, 0.0)",
PLAYER_LOCATION,82646,3/14/2024 3:18:07 PM,bceedc17-7d27-42bd-aa14-d6a98f16c6a5,1.4,"(1.8, 1.8, 1.0)","(0.0, 0.0, 0.0)","(0.0, 0.0, 0.0)",
PLAYER_LOCATION,82646,3/14/2024 3:18:07 PM,bceedc17-7d27-42bd-aa14-d6a98f16c6a5,1.4,"(1.8, 1.8, 1.0)","(0.0, 0.0, 0.0)","(0.0, 0.0, 0.0)",
PLAYER_LOCATION,83146,3/14/2024 3:18:07 PM,bceedc17-7d27-42bd-aa14-d6a98f16c6a5,1.4,"(1.8, 1.8, 1.0)","(0.0, 0.0, 0.0)","(0.0, 0.0, 0.0)",
PLAYER_LOCATION,83146,3/14/2024 3:18:07 PM,bceedc17-7d27-42bd-aa14-d6a98f16c6a5,1.4,"(1.8, 1.8, 1.0)","(0.0, 0.0, 0.0)","(0.0, 0.0, 0.0)",
PLAYER_LOCATION,83647,3/14/2024 3:18:08 PM,bceedc17-7d27-42bd-aa14-d6a98f16c6a5,1.4,"(1.8, 1.8, 1.0)","(0.0, 0.0, 0.0)","(0.0, 0.0, 0.0)",
PLAYER_LOCATION,83647,3/14/2024 3:18:08 PM,bceedc17-7d27-42bd-aa14-d6a98f16c6a5,1.4,"(1.8, 1.8, 1.0)","(0.0, 0.0, 0.0)","(0.0, 0.0, 0.0)",
PLAYER_LOCATION,84148,3/14/2024 3:18:08 PM,bceedc17-7d27-42bd-aa14-d6a98f16c6a5,1.4,"(1.7, 1.8, 1.0)","(0.0, 0.0, 0.0)","(0.0, 0.0, 0.0)",
PLAYER_LOCATION,84148,3/14/2024 3:18:08 PM,bceedc17-7d27-42bd-aa14-d6a98f16c6a5,1.4,"(1.7, 1.8, 1.0)","(0.0, 0.0, 0.0)","(0.0, 0.0, 0.0)",
PLAYER_LOCATION,84650,3/14/2024 3:18:09 PM,bceedc17-7d27-42bd-aa14-d6a98f16c6a5,1.4,"(1.7, 1.8, 1.0)","(0.0, 0.0, 0.0)","(0.0, 0.0, 0.0)",
PLAYER_LOCATION,84650,3/14/2024 3:18:09 PM,bceedc17-7d27-42bd-aa14-d6a98f16c6a5,1.4,"(1.7, 1.8, 1.0)","(0.0, 0.0, 0.0)","(0.0, 0.0, 0.0)",
PLAYER_LOCATION,85162,3/14/2024 3:18:09 PM,bceedc17-7d27-42bd-aa14-d6a98f16c6a5,1.4,"(1.8, 1.8, 1.0)","(0.0, 0.0, 0.0)","(0.0, 0.0, 0.0)",
PLAYER_LOCATION,85162,3/14/2024 3:18:09 PM,bceedc17-7d27-42bd-aa14-d6a98f16c6a5,1.4,"(1.8, 1.8, 1.0)","(0.0, 0.0, 0.0)","(0.0, 0.0, 0.0)",
PLAYER_LOCATION,85665,3/14/2024 3:18:10 PM,bceedc17-7d27-42bd-aa14-d6a98f16c6a5,1.4,"(1.8, 1.8, 1.0)","(0.0, 0.0, 0.0)","(0.0, 0.0, 0.0)",
PLAYER_LOCATION,85665,3/14/2024 3:18:10 PM,bceedc17-7d27-42bd-aa14-d6a98f16c6a5,1.4,"(1.8, 1.8, 1.0)","(0.0, 0.0, 0.0)","(0.0, 0.0, 0.0)",
VOICE_CAPTURE,85706,3/14/2024 3:18:10 PM,bceedc17-7d27-42bd-aa14-d6a98f16c6a5,1.4,have to imagine these are pretty big files,NA,
PLAYER_LOCATION,86179,3/14/2024 3:18:10 PM,bceedc17-7d27-42bd-aa14-d6a98f16c6a5,1.4,"(1.8, 1.8, 1.0)","(0.0, 0.0, 0.0)","(0.0, 0.0, 0.0)",
PLAYER_LOCATION,86179,3/14/2024 3:18:10 PM,bceedc17-7d27-42bd-aa14-d6a98f16c6a5,1.4,"(1.8, 1.8, 1.0)","(0.0, 0.0, 0.0)","(0.0, 0.0, 0.0)",
PLAYER_LOCATION,86692,3/14/2024 3:18:11 PM,bceedc17-7d27-42bd-aa14-d6a98f16c6a5,1.4,"(1.7, 1.8, 0.9)","(0.0, 0.0, 0.0)","(0.0, 0.0, 0.0)",
PLAYER_LOCATION,86692,3/14/2024 3:18:11 PM,bceedc17-7d27-42bd-aa14-d6a98f16c6a5,1.4,"(1.7, 1.8, 0.9)","(0.0, 0.0, 0.0)","(0.0, 0.0, 0.0)",
PLAYER_LOCATION,87193,3/14/2024 3:18:11 PM,bceedc17-7d27-42bd-aa14-d6a98f16c6a5,1.4,"(1.7, 1.8, 1.0)","(0.0, 0.0, 0.0)","(0.0, 0.0, 0.0)",
PLAYER_LOCATION,87193,3/14/2024 3:18:11 PM,bceedc17-7d27-42bd-aa14-d6a98f16c6a5,1.4,"(1.7, 1.8, 1.0)","(0.0, 0.0, 0.0)","(0.0, 0.0, 0.0)",
PLAYER_LOCATION,87707,3/14/2024 3:18:12 PM,bceedc17-7d27-42bd-aa14-d6a98f16c6a5,1.4,"(1.7, 1.7, 1.0)","(0.0, 0.0, 0.0)","(0.0, 0.0, 0.0)",
PLAYER_LOCATION,87707,3/14/2024 3:18:12 PM,bceedc17-7d27-42bd-aa14-d6a98f16c6a5,1.4,"(1.7, 1.7, 1.0)","(0.0, 0.0, 0.0)","(0.0, 0.0, 0.0)",
PLAYER_LOCATION,88220,3/14/2024 3:18:12 PM,bceedc17-7d27-42bd-aa14-d6a98f16c6a5,1.4,"(1.7, 1.7, 1.0)","(0.0, 0.0, 0.0)","(0.0, 0.0, 0.0)",
PLAYER_LOCATION,88220,3/14/2024 3:18:12 PM,bceedc17-7d27-42bd-aa14-d6a98f16c6a5,1.4,"(1.7, 1.7, 1.0)","(0.0, 0.0, 0.0)","(0.0, 0.0, 0.0)",
SESSION_END,88597,3/14/2024 3:18:13 PM,bceedc17-7d27-42bd-aa14-d6a98f16c6a5,1.4,
PLAYER_LOCATION,88722,3/14/2024 3:18:13 PM,bceedc17-7d27-42bd-aa14-d6a98f16c6a5,1.4,"(1.8, 1.7, 1.0)","(0.0, 0.0, 0.0)","(0.0, 0.0, 0.0)",
PLAYER_LOCATION,88722,3/14/2024 3:18:13 PM,bceedc17-7d27-42bd-aa14-d6a98f16c6a5,1.4,"(1.8, 1.7, 1.0)","(0.0, 0.0, 0.0)","(0.0, 0.0, 0.0)",
PLAYER_LOCATION,89222,3/14/2024 3:18:13 PM,bceedc17-7d27-42bd-aa14-d6a98f16c6a5,1.4,"(1.8, 1.7, 1.0)","(0.0, 0.0, 0.0)","(0.0, 0.0, 0.0)",
PLAYER_LOCATION,89222,3/14/2024 3:18:13 PM,bceedc17-7d27-42bd-aa14-d6a98f16c6a5,1.4,"(1.8, 1.7, 1.0)","(0.0, 0.0, 0.0)","(0.0, 0.0, 0.0)",
PLAYER_LOCATION,89736,3/14/2024 3:18:14 PM,bceedc17-7d27-42bd-aa14-d6a98f16c6a5,1.4,"(1.8, 1.7, 1.0)","(0.0, 0.0, 0.0)","(0.0, 0.0, 0.0)",
PLAYER_LOCATION,89736,3/14/2024 3:18:14 PM,bceedc17-7d27-42bd-aa14-d6a98f16c6a5,1.4,"(1.8, 1.7, 1.0)","(0.0, 0.0, 0.0)","(0.0, 0.0, 0.0)",
PLAYER_LOCATION,90236,3/14/2024 3:18:14 PM,bceedc17-7d27-42bd-aa14-d6a98f16c6a5,1.4,"(1.8, 1.7, 1.0)","(0.0, 0.0, 0.0)","(0.0, 0.0, 0.0)",
PLAYER_LOCATION,90236,3/14/2024 3:18:14 PM,bceedc17-7d27-42bd-aa14-d6a98f16c6a5,1.4,"(1.8, 1.7, 1.0)","(0.0, 0.0, 0.0)","(0.0, 0.0, 0.0)",
PLAYER_LOCATION,90736,3/14/2024 3:18:15 PM,bceedc17-7d27-42bd-aa14-d6a98f16c6a5,1.4,"(1.8, 1.7, 1.0)","(0.0, 0.0, 0.0)","(0.0, 0.0, 0.0)",
PLAYER_LOCATION,90736,3/14/2024 3:18:15 PM,bceedc17-7d27-42bd-aa14-d6a98f16c6a5,1.4,"(1.8, 1.7, 1.0)","(0.0, 0.0, 0.0)","(0.0, 0.0, 0.0)",
PLAYER_LOCATION,91250,3/14/2024 3:18:15 PM,bceedc17-7d27-42bd-aa14-d6a98f16c6a5,1.4,"(1.8, 1.8, 0.9)","(0.0, 0.0, 0.0)","(0.0, 0.0, 0.0)",
PLAYER_LOCATION,91250,3/14/2024 3:18:15 PM,bceedc17-7d27-42bd-aa14-d6a98f16c6a5,1.4,"(1.8, 1.8, 0.9)","(0.0, 0.0, 0.0)","(0.0, 0.0, 0.0)",
PLAYER_LOCATION,91751,3/14/2024 3:18:16 PM,bceedc17-7d27-42bd-aa14-d6a98f16c6a5,1.4,"(1.7, 1.8, 0.9)","(0.0, 0.0, 0.0)","(0.0, 0.0, 0.0)",
PLAYER_LOCATION,91751,3/14/2024 3:18:16 PM,bceedc17-7d27-42bd-aa14-d6a98f16c6a5,1.4,"(1.7, 1.8, 0.9)","(0.0, 0.0, 0.0)","(0.0, 0.0, 0.0)",
PLAYER_LOCATION,92315,3/14/2024 3:18:17 PM,bceedc17-7d27-42bd-aa14-d6a98f16c6a5,1.4,"(1.7, 1.8, 0.9)","(0.0, 0.0, 0.0)","(0.0, 0.0, 0.0)",
PLAYER_LOCATION,92315,3/14/2024 3:18:17 PM,bceedc17-7d27-42bd-aa14-d6a98f16c6a5,1.4,"(1.7, 1.8, 0.9)","(0.0, 0.0, 0.0)","(0.0, 0.0, 0.0)",
PLAYER_LOCATION,92819,3/14/2024 3:18:17 PM,bceedc17-7d27-42bd-aa14-d6a98f16c6a5,1.4,"(1.7, 1.8, 0.9)","(0.0, 0.0, 0.0)","(0.0, 0.0, 0.0)",
PLAYER_LOCATION,92819,3/14/2024 3:18:17 PM,bceedc17-7d27-42bd-aa14-d6a98f16c6a5,1.4,"(1.7, 1.8, 0.9)","(0.0, 0.0, 0.0)","(0.0, 0.0, 0.0)",
PLAYER_LOCATION,93332,3/14/2024 3:18:18 PM,bceedc17-7d27-42bd-aa14-d6a98f16c6a5,1.4,"(1.8, 1.7, 0.9)","(0.0, 0.0, 0.0)","(0.0, 0.0, 0.0)",
PLAYER_LOCATION,93332,3/14/2024 3:18:18 PM,bceedc17-7d27-42bd-aa14-d6a98f16c6a5,1.4,"(1.8, 1.7, 0.9)","(0.0, 0.0, 0.0)","(0.0, 0.0, 0.0)",
PLAYER_LOCATION,93846,3/14/2024 3:18:18 PM,bceedc17-7d27-42bd-aa14-d6a98f16c6a5,1.4,"(1.8, 1.8, 0.9)","(0.0, 0.0, 0.0)","(0.0, 0.0, 0.0)",
PLAYER_LOCATION,93846,3/14/2024 3:18:18 PM,bceedc17-7d27-42bd-aa14-d6a98f16c6a5,1.4,"(1.8, 1.8, 0.9)","(0.0, 0.0, 0.0)","(0.0, 0.0, 0.0)",
PLAYER_LOCATION,94360,3/14/2024 3:18:19 PM,bceedc17-7d27-42bd-aa14-d6a98f16c6a5,1.4,"(1.8, 1.7, 1.0)","(0.0, 0.0, 0.0)","(0.0, 0.0, 0.0)",
PLAYER_LOCATION,94360,3/14/2024 3:18:19 PM,bceedc17-7d27-42bd-aa14-d6a98f16c6a5,1.4,"(1.8, 1.7, 1.0)","(0.0, 0.0, 0.0)","(0.0, 0.0, 0.0)",
PLAYER_LOCATION,94874,3/14/2024 3:18:19 PM,bceedc17-7d27-42bd-aa14-d6a98f16c6a5,1.4,"(1.8, 1.8, 1.0)","(0.0, 0.0, 0.0)","(0.0, 0.0, 0.0)",
PLAYER_LOCATION,94874,3/14/2024 3:18:19 PM,bceedc17-7d27-42bd-aa14-d6a98f16c6a5,1.4,"(1.8, 1.8, 1.0)","(0.0, 0.0, 0.0)","(0.0, 0.0, 0.0)",
PLAYER_LOCATION,95388,3/14/2024 3:18:20 PM,bceedc17-7d27-42bd-aa14-d6a98f16c6a5,1.4,"(1.8, 1.8, 0.9)","(0.0, 0.0, 0.0)","(0.0, 0.0, 0.0)",
PLAYER_LOCATION,95388,3/14/2024 3:18:20 PM,bceedc17-7d27-42bd-aa14-d6a98f16c6a5,1.4,"(1.8, 1.8, 0.9)","(0.0, 0.0, 0.0)","(0.0, 0.0, 0.0)",
PLAYER_LOCATION,95901,3/14/2024 3:18:20 PM,bceedc17-7d27-42bd-aa14-d6a98f16c6a5,1.4,"(1.8, 1.8, 0.9)","(0.0, 0.0, 0.0)","(0.0, 0.0, 0.0)",
PLAYER_LOCATION,95901,3/14/2024 3:18:20 PM,bceedc17-7d27-42bd-aa14-d6a98f16c6a5,1.4,"(1.8, 1.8, 0.9)","(0.0, 0.0, 0.0)","(0.0, 0.0, 0.0)",
PLAYER_LOCATION,96415,3/14/2024 3:18:21 PM,bceedc17-7d27-42bd-aa14-d6a98f16c6a5,1.4,"(1.8, 1.7, 0.9)","(0.0, 0.0, 0.0)","(0.0, 0.0, 0.0)",
PLAYER_LOCATION,96415,3/14/2024 3:18:21 PM,bceedc17-7d27-42bd-aa14-d6a98f16c6a5,1.4,"(1.8, 1.7, 0.9)","(0.0, 0.0, 0.0)","(0.0, 0.0, 0.0)",
PLAYER_LOCATION,96915,3/14/2024 3:18:21 PM,bceedc17-7d27-42bd-aa14-d6a98f16c6a5,1.4,"(1.8, 1.7, 0.9)","(0.0, 0.0, 0.0)","(0.0, 0.0, 0.0)",
PLAYER_LOCATION,96915,3/14/2024 3:18:21 PM,bceedc17-7d27-42bd-aa14-d6a98f16c6a5,1.4,"(1.8, 1.7, 0.9)","(0.0, 0.0, 0.0)","(0.0, 0.0, 0.0)",
PLAYER_LOCATION,97429,3/14/2024 3:18:22 PM,bceedc17-7d27-42bd-aa14-d6a98f16c6a5,1.4,"(1.8, 1.8, 0.9)","(0.0, 0.0, 0.0)","(0.0, 0.0, 0.0)",
PLAYER_LOCATION,97429,3/14/2024 3:18:22 PM,bceedc17-7d27-42bd-aa14-d6a98f16c6a5,1.4,"(1.8, 1.8, 0.9)","(0.0, 0.0, 0.0)","(0.0, 0.0, 0.0)",
PLAYER_LOCATION,97929,3/14/2024 3:18:22 PM,bceedc17-7d27-42bd-aa14-d6a98f16c6a5,1.4,"(1.8, 1.8, 0.9)","(0.0, 0.0, 0.0)","(0.0, 0.0, 0.0)",
PLAYER_LOCATION,97929,3/14/2024 3:18:22 PM,bceedc17-7d27-42bd-aa14-d6a98f16c6a5,1.4,"(1.8, 1.8, 0.9)","(0.0, 0.0, 0.0)","(0.0, 0.0, 0.0)",
PLAYER_LOCATION,98429,3/14/2024 3:18:23 PM,bceedc17-7d27-42bd-aa14-d6a98f16c6a5,1.4,"(1.8, 1.8, 0.9)","(0.0, 0.0, 0.0)","(0.0, 0.0, 0.0)",
PLAYER_LOCATION,98429,3/14/2024 3:18:23 PM,bceedc17-7d27-42bd-aa14-d6a98f16c6a5,1.4,"(1.8, 1.8, 0.9)","(0.0, 0.0, 0.0)","(0.0, 0.0, 0.0)",
PLAYER_LOCATION,98936,3/14/2024 3:18:23 PM,bceedc17-7d27-42bd-aa14-d6a98f16c6a5,1.4,"(1.8, 1.7, 0.9)","(0.0, 0.0, 0.0)","(0.0, 0.0, 0.0)",
PLAYER_LOCATION,98936,3/14/2024 3:18:23 PM,bceedc17-7d27-42bd-aa14-d6a98f16c6a5,1.4,"(1.8, 1.7, 0.9)","(0.0, 0.0, 0.0)","(0.0, 0.0, 0.0)",
PLAYER_LOCATION,99460,3/14/2024 3:18:24 PM,bceedc17-7d27-42bd-aa14-d6a98f16c6a5,1.4,"(1.8, 1.7, 0.8)","(0.0, 0.0, 0.0)","(0.0, 0.0, 0.0)",
PLAYER_LOCATION,99460,3/14/2024 3:18:24 PM,bceedc17-7d27-42bd-aa14-d6a98f16c6a5,1.4,"(1.8, 1.7, 0.8)","(0.0, 0.0, 0.0)","(0.0, 0.0, 0.0)",
PLAYER_LOCATION,99963,3/14/2024 3:18:24 PM,bceedc17-7d27-42bd-aa14-d6a98f16c6a5,1.4,"(1.8, 1.7, 0.8)","(0.0, 0.0, 0.0)","(0.0, 0.0, 0.0)",
PLAYER_LOCATION,99963,3/14/2024 3:18:24 PM,bceedc17-7d27-42bd-aa14-d6a98f16c6a5,1.4,"(1.8, 1.7, 0.8)","(0.0, 0.0, 0.0)","(0.0, 0.0, 0.0)",
