PLAYER_LOCATION,667,3/20/2024 12:09:50 PM,f79b2938-cc4c-4667-a494-06663492d455,1.4,"(1.7, 1.7, 0.9)","(0.0, 0.0, 0.0)","(0.0, 0.0, 0.0)",
PLAYER_LOCATION,667,3/20/2024 12:09:50 PM,f79b2938-cc4c-4667-a494-06663492d455,1.4,"(1.7, 1.7, 0.9)","(0.0, 0.0, 0.0)","(0.0, 0.0, 0.0)",
PLAYER_LOCATION,1433,3/20/2024 12:09:51 PM,f79b2938-cc4c-4667-a494-06663492d455,1.4,"(1.7, 1.7, 0.9)","(0.0, 0.0, 0.0)","(0.0, 0.0, 0.0)",
PLAYER_LOCATION,1433,3/20/2024 12:09:51 PM,f79b2938-cc4c-4667-a494-06663492d455,1.4,"(1.7, 1.7, 0.9)","(0.0, 0.0, 0.0)","(0.0, 0.0, 0.0)",
PLAYER_LOCATION,1669,3/20/2024 12:09:51 PM,f79b2938-cc4c-4667-a494-06663492d455,1.4,"(1.7, 1.6, 0.9)","(0.0, 0.0, 0.0)","(0.0, 0.0, 0.0)",
PLAYER_LOCATION,1669,3/20/2024 12:09:51 PM,f79b2938-cc4c-4667-a494-06663492d455,1.4,"(1.7, 1.6, 0.9)","(0.0, 0.0, 0.0)","(0.0, 0.0, 0.0)",
PLAYER_LOCATION,2175,3/20/2024 12:09:52 PM,f79b2938-cc4c-4667-a494-06663492d455,1.4,"(1.7, 1.6, 0.8)","(0.0, 0.0, 0.0)","(0.0, 0.0, 0.0)",
PLAYER_LOCATION,2175,3/20/2024 12:09:52 PM,f79b2938-cc4c-4667-a494-06663492d455,1.4,"(1.7, 1.6, 0.8)","(0.0, 0.0, 0.0)","(0.0, 0.0, 0.0)",
PLAYER_LOCATION,2709,3/20/2024 12:09:52 PM,f79b2938-cc4c-4667-a494-06663492d455,1.4,"(1.7, 1.6, 0.8)","(0.0, 0.0, 0.0)","(0.0, 0.0, 0.0)",
PLAYER_LOCATION,2709,3/20/2024 12:09:52 PM,f79b2938-cc4c-4667-a494-06663492d455,1.4,"(1.7, 1.6, 0.8)","(0.0, 0.0, 0.0)","(0.0, 0.0, 0.0)",
PLAYER_LOCATION,3226,3/20/2024 12:09:53 PM,f79b2938-cc4c-4667-a494-06663492d455,1.4,"(1.7, 1.7, 0.8)","(0.0, 0.0, 0.0)","(0.0, 0.0, 0.0)",
PLAYER_LOCATION,3226,3/20/2024 12:09:53 PM,f79b2938-cc4c-4667-a494-06663492d455,1.4,"(1.7, 1.7, 0.8)","(0.0, 0.0, 0.0)","(0.0, 0.0, 0.0)",
PLAYER_LOCATION,3754,3/20/2024 12:09:54 PM,f79b2938-cc4c-4667-a494-06663492d455,1.4,"(1.8, 1.7, 0.9)","(0.0, 0.0, 0.0)","(0.0, 0.0, 0.0)",
PLAYER_LOCATION,3754,3/20/2024 12:09:54 PM,f79b2938-cc4c-4667-a494-06663492d455,1.4,"(1.8, 1.7, 0.9)","(0.0, 0.0, 0.0)","(0.0, 0.0, 0.0)",
PLAYER_LOCATION,4253,3/20/2024 12:09:54 PM,f79b2938-cc4c-4667-a494-06663492d455,1.4,"(1.8, 1.7, 0.9)","(0.0, 0.0, 0.0)","(0.0, 0.0, 0.0)",
PLAYER_LOCATION,4253,3/20/2024 12:09:54 PM,f79b2938-cc4c-4667-a494-06663492d455,1.4,"(1.8, 1.7, 0.9)","(0.0, 0.0, 0.0)","(0.0, 0.0, 0.0)",
PLAYER_LOCATION,4782,3/20/2024 12:09:55 PM,f79b2938-cc4c-4667-a494-06663492d455,1.4,"(1.8, 1.7, 0.9)","(0.0, 0.0, 0.0)","(0.0, 0.0, 0.0)",
PLAYER_LOCATION,4782,3/20/2024 12:09:55 PM,f79b2938-cc4c-4667-a494-06663492d455,1.4,"(1.8, 1.7, 0.9)","(0.0, 0.0, 0.0)","(0.0, 0.0, 0.0)",
PLAYER_LOCATION,5309,3/20/2024 12:09:55 PM,f79b2938-cc4c-4667-a494-06663492d455,1.4,"(1.7, 1.7, 0.9)","(0.0, 0.0, 0.0)","(0.0, 0.0, 0.0)",
PLAYER_LOCATION,5309,3/20/2024 12:09:55 PM,f79b2938-cc4c-4667-a494-06663492d455,1.4,"(1.7, 1.7, 0.9)","(0.0, 0.0, 0.0)","(0.0, 0.0, 0.0)",
PLAYER_LOCATION,5809,3/20/2024 12:09:56 PM,f79b2938-cc4c-4667-a494-06663492d455,1.4,"(1.7, 1.7, 0.9)","(0.0, 0.0, 0.0)","(0.0, 0.0, 0.0)",
PLAYER_LOCATION,5809,3/20/2024 12:09:56 PM,f79b2938-cc4c-4667-a494-06663492d455,1.4,"(1.7, 1.7, 0.9)","(0.0, 0.0, 0.0)","(0.0, 0.0, 0.0)",
PLAYER_LOCATION,6309,3/20/2024 12:09:56 PM,f79b2938-cc4c-4667-a494-06663492d455,1.4,"(1.7, 1.7, 0.9)","(0.0, 0.0, 0.0)","(0.0, 0.0, 0.0)",
PLAYER_LOCATION,6309,3/20/2024 12:09:56 PM,f79b2938-cc4c-4667-a494-06663492d455,1.4,"(1.7, 1.7, 0.9)","(0.0, 0.0, 0.0)","(0.0, 0.0, 0.0)",
PLAYER_LOCATION,6812,3/20/2024 12:09:57 PM,f79b2938-cc4c-4667-a494-06663492d455,1.4,"(1.7, 1.7, 0.9)","(0.0, 0.0, 0.0)","(0.0, 0.0, 0.0)",
PLAYER_LOCATION,6812,3/20/2024 12:09:57 PM,f79b2938-cc4c-4667-a494-06663492d455,1.4,"(1.7, 1.7, 0.9)","(0.0, 0.0, 0.0)","(0.0, 0.0, 0.0)",
PLAYER_LOCATION,7401,3/20/2024 12:09:57 PM,f79b2938-cc4c-4667-a494-06663492d455,1.4,"(1.7, 1.7, 0.9)","(0.0, 0.0, 0.0)","(0.0, 0.0, 0.0)",
PLAYER_LOCATION,7401,3/20/2024 12:09:57 PM,f79b2938-cc4c-4667-a494-06663492d455,1.4,"(1.7, 1.7, 0.9)","(0.0, 0.0, 0.0)","(0.0, 0.0, 0.0)",
PLAYER_LOCATION,7904,3/20/2024 12:09:58 PM,f79b2938-cc4c-4667-a494-06663492d455,1.4,"(1.7, 1.7, 0.9)","(0.0, 0.0, 0.0)","(0.0, 0.0, 0.0)",
PLAYER_LOCATION,7904,3/20/2024 12:09:58 PM,f79b2938-cc4c-4667-a494-06663492d455,1.4,"(1.7, 1.7, 0.9)","(0.0, 0.0, 0.0)","(0.0, 0.0, 0.0)",
PLAYER_LOCATION,8443,3/20/2024 12:09:58 PM,f79b2938-cc4c-4667-a494-06663492d455,1.4,"(1.7, 1.7, 0.9)","(0.0, 0.0, 0.0)","(0.0, 0.0, 0.0)",
PLAYER_LOCATION,8443,3/20/2024 12:09:58 PM,f79b2938-cc4c-4667-a494-06663492d455,1.4,"(1.7, 1.7, 0.9)","(0.0, 0.0, 0.0)","(0.0, 0.0, 0.0)",
PLAYER_LOCATION,8945,3/20/2024 12:09:59 PM,f79b2938-cc4c-4667-a494-06663492d455,1.4,"(1.7, 1.7, 0.9)","(0.0, 0.0, 0.0)","(0.0, 0.0, 0.0)",
PLAYER_LOCATION,8945,3/20/2024 12:09:59 PM,f79b2938-cc4c-4667-a494-06663492d455,1.4,"(1.7, 1.7, 0.9)","(0.0, 0.0, 0.0)","(0.0, 0.0, 0.0)",
PLAYER_LOCATION,9484,3/20/2024 12:09:59 PM,f79b2938-cc4c-4667-a494-06663492d455,1.4,"(1.7, 1.6, 0.9)","(0.0, 0.0, 0.0)","(0.0, 0.0, 0.0)",
PLAYER_LOCATION,9484,3/20/2024 12:09:59 PM,f79b2938-cc4c-4667-a494-06663492d455,1.4,"(1.7, 1.6, 0.9)","(0.0, 0.0, 0.0)","(0.0, 0.0, 0.0)",
PLAYER_LOCATION,9990,3/20/2024 12:10:00 PM,f79b2938-cc4c-4667-a494-06663492d455,1.4,"(1.7, 1.7, 0.9)","(0.0, 0.0, 0.0)","(0.0, 0.0, 0.0)",
PLAYER_LOCATION,9990,3/20/2024 12:10:00 PM,f79b2938-cc4c-4667-a494-06663492d455,1.4,"(1.7, 1.7, 0.9)","(0.0, 0.0, 0.0)","(0.0, 0.0, 0.0)",
PLAYER_LOCATION,10512,3/20/2024 12:10:00 PM,f79b2938-cc4c-4667-a494-06663492d455,1.4,"(1.7, 1.7, 0.9)","(0.0, 0.0, 0.0)","(0.0, 0.0, 0.0)",
PLAYER_LOCATION,10512,3/20/2024 12:10:00 PM,f79b2938-cc4c-4667-a494-06663492d455,1.4,"(1.7, 1.7, 0.9)","(0.0, 0.0, 0.0)","(0.0, 0.0, 0.0)",
PLAYER_LOCATION,11035,3/20/2024 12:10:01 PM,f79b2938-cc4c-4667-a494-06663492d455,1.4,"(1.7, 1.7, 0.9)","(0.0, 0.0, 0.0)","(0.0, 0.0, 0.0)",
PLAYER_LOCATION,11035,3/20/2024 12:10:01 PM,f79b2938-cc4c-4667-a494-06663492d455,1.4,"(1.7, 1.7, 0.9)","(0.0, 0.0, 0.0)","(0.0, 0.0, 0.0)",
PLAYER_LOCATION,11575,3/20/2024 12:10:01 PM,f79b2938-cc4c-4667-a494-06663492d455,1.4,"(1.8, 1.7, 0.9)","(0.0, 0.0, 0.0)","(0.0, 0.0, 0.0)",
PLAYER_LOCATION,11575,3/20/2024 12:10:01 PM,f79b2938-cc4c-4667-a494-06663492d455,1.4,"(1.8, 1.7, 0.9)","(0.0, 0.0, 0.0)","(0.0, 0.0, 0.0)",
PLAYER_LOCATION,12084,3/20/2024 12:10:02 PM,f79b2938-cc4c-4667-a494-06663492d455,1.4,"(1.7, 1.7, 0.9)","(0.0, 0.0, 0.0)","(0.0, 0.0, 0.0)",
PLAYER_LOCATION,12084,3/20/2024 12:10:02 PM,f79b2938-cc4c-4667-a494-06663492d455,1.4,"(1.7, 1.7, 0.9)","(0.0, 0.0, 0.0)","(0.0, 0.0, 0.0)",
PLAYER_LOCATION,12620,3/20/2024 12:10:02 PM,f79b2938-cc4c-4667-a494-06663492d455,1.4,"(1.7, 1.7, 0.9)","(0.0, 0.0, 0.0)","(0.0, 0.0, 0.0)",
PLAYER_LOCATION,12620,3/20/2024 12:10:02 PM,f79b2938-cc4c-4667-a494-06663492d455,1.4,"(1.7, 1.7, 0.9)","(0.0, 0.0, 0.0)","(0.0, 0.0, 0.0)",
PLAYER_LOCATION,13139,3/20/2024 12:10:03 PM,f79b2938-cc4c-4667-a494-06663492d455,1.4,"(1.7, 1.7, 0.9)","(0.0, 0.0, 0.0)","(0.0, 0.0, 0.0)",
PLAYER_LOCATION,13139,3/20/2024 12:10:03 PM,f79b2938-cc4c-4667-a494-06663492d455,1.4,"(1.7, 1.7, 0.9)","(0.0, 0.0, 0.0)","(0.0, 0.0, 0.0)",
PLAYER_LOCATION,13665,3/20/2024 12:10:03 PM,f79b2938-cc4c-4667-a494-06663492d455,1.4,"(1.7, 1.7, 0.9)","(0.0, 0.0, 0.0)","(0.0, 0.0, 0.0)",
PLAYER_LOCATION,13665,3/20/2024 12:10:03 PM,f79b2938-cc4c-4667-a494-06663492d455,1.4,"(1.7, 1.7, 0.9)","(0.0, 0.0, 0.0)","(0.0, 0.0, 0.0)",
PLAYER_LOCATION,14189,3/20/2024 12:10:04 PM,f79b2938-cc4c-4667-a494-06663492d455,1.4,"(1.7, 1.7, 0.9)","(0.0, 0.0, 0.0)","(0.0, 0.0, 0.0)",
PLAYER_LOCATION,14189,3/20/2024 12:10:04 PM,f79b2938-cc4c-4667-a494-06663492d455,1.4,"(1.7, 1.7, 0.9)","(0.0, 0.0, 0.0)","(0.0, 0.0, 0.0)",
PLAYER_LOCATION,14697,3/20/2024 12:10:04 PM,f79b2938-cc4c-4667-a494-06663492d455,1.4,"(1.7, 1.7, 0.9)","(0.0, 0.0, 0.0)","(0.0, 0.0, 0.0)",
PLAYER_LOCATION,14697,3/20/2024 12:10:04 PM,f79b2938-cc4c-4667-a494-06663492d455,1.4,"(1.7, 1.7, 0.9)","(0.0, 0.0, 0.0)","(0.0, 0.0, 0.0)",
PLAYER_LOCATION,15207,3/20/2024 12:10:05 PM,f79b2938-cc4c-4667-a494-06663492d455,1.4,"(1.7, 1.7, 0.9)","(0.0, 0.0, 0.0)","(0.0, 0.0, 0.0)",
PLAYER_LOCATION,15207,3/20/2024 12:10:05 PM,f79b2938-cc4c-4667-a494-06663492d455,1.4,"(1.7, 1.7, 0.9)","(0.0, 0.0, 0.0)","(0.0, 0.0, 0.0)",
PLAYER_LOCATION,15728,3/20/2024 12:10:05 PM,f79b2938-cc4c-4667-a494-06663492d455,1.4,"(1.7, 1.7, 0.9)","(0.0, 0.0, 0.0)","(0.0, 0.0, 0.0)",
PLAYER_LOCATION,15728,3/20/2024 12:10:05 PM,f79b2938-cc4c-4667-a494-06663492d455,1.4,"(1.7, 1.7, 0.9)","(0.0, 0.0, 0.0)","(0.0, 0.0, 0.0)",
PLAYER_LOCATION,16227,3/20/2024 12:10:06 PM,f79b2938-cc4c-4667-a494-06663492d455,1.4,"(1.8, 1.7, 0.9)","(0.0, 0.0, 0.0)","(0.0, 0.0, 0.0)",
PLAYER_LOCATION,16227,3/20/2024 12:10:06 PM,f79b2938-cc4c-4667-a494-06663492d455,1.4,"(1.8, 1.7, 0.9)","(0.0, 0.0, 0.0)","(0.0, 0.0, 0.0)",
PLAYER_LOCATION,16753,3/20/2024 12:10:07 PM,f79b2938-cc4c-4667-a494-06663492d455,1.4,"(1.8, 1.7, 1.0)","(0.0, 0.0, 0.0)","(0.0, 0.0, 0.0)",
PLAYER_LOCATION,16753,3/20/2024 12:10:07 PM,f79b2938-cc4c-4667-a494-06663492d455,1.4,"(1.8, 1.7, 1.0)","(0.0, 0.0, 0.0)","(0.0, 0.0, 0.0)",
PLAYER_LOCATION,17264,3/20/2024 12:10:07 PM,f79b2938-cc4c-4667-a494-06663492d455,1.4,"(1.9, 1.7, 1.1)","(0.0, 0.0, 0.0)","(0.0, 0.0, 0.0)",
PLAYER_LOCATION,17264,3/20/2024 12:10:07 PM,f79b2938-cc4c-4667-a494-06663492d455,1.4,"(1.9, 1.7, 1.1)","(0.0, 0.0, 0.0)","(0.0, 0.0, 0.0)",
PLAYER_LOCATION,17787,3/20/2024 12:10:08 PM,f79b2938-cc4c-4667-a494-06663492d455,1.4,"(1.9, 1.7, 1.0)","(0.0, 0.0, 0.0)","(0.0, 0.0, 0.0)",
PLAYER_LOCATION,17787,3/20/2024 12:10:08 PM,f79b2938-cc4c-4667-a494-06663492d455,1.4,"(1.9, 1.7, 1.0)","(0.0, 0.0, 0.0)","(0.0, 0.0, 0.0)",
PLAYER_LOCATION,18318,3/20/2024 12:10:08 PM,f79b2938-cc4c-4667-a494-06663492d455,1.4,"(1.9, 1.7, 0.8)","(0.0, 0.0, 0.0)","(0.0, 0.0, 0.0)",
PLAYER_LOCATION,18318,3/20/2024 12:10:08 PM,f79b2938-cc4c-4667-a494-06663492d455,1.4,"(1.9, 1.7, 0.8)","(0.0, 0.0, 0.0)","(0.0, 0.0, 0.0)",
PLAYER_LOCATION,18840,3/20/2024 12:10:09 PM,f79b2938-cc4c-4667-a494-06663492d455,1.4,"(1.8, 1.7, 0.7)","(0.0, 0.0, 0.0)","(0.0, 0.0, 0.0)",
PLAYER_LOCATION,18840,3/20/2024 12:10:09 PM,f79b2938-cc4c-4667-a494-06663492d455,1.4,"(1.8, 1.7, 0.7)","(0.0, 0.0, 0.0)","(0.0, 0.0, 0.0)",
PLAYER_LOCATION,19340,3/20/2024 12:10:09 PM,f79b2938-cc4c-4667-a494-06663492d455,1.4,"(1.9, 1.7, 0.7)","(0.0, 0.0, 0.0)","(0.0, 0.0, 0.0)",
PLAYER_LOCATION,19340,3/20/2024 12:10:09 PM,f79b2938-cc4c-4667-a494-06663492d455,1.4,"(1.9, 1.7, 0.7)","(0.0, 0.0, 0.0)","(0.0, 0.0, 0.0)",
PLAYER_LOCATION,19871,3/20/2024 12:10:10 PM,f79b2938-cc4c-4667-a494-06663492d455,1.4,"(1.9, 1.7, 0.6)","(0.0, 0.0, 0.0)","(0.0, 0.0, 0.0)",
PLAYER_LOCATION,19871,3/20/2024 12:10:10 PM,f79b2938-cc4c-4667-a494-06663492d455,1.4,"(1.9, 1.7, 0.6)","(0.0, 0.0, 0.0)","(0.0, 0.0, 0.0)",
PLAYER_LOCATION,20396,3/20/2024 12:10:10 PM,f79b2938-cc4c-4667-a494-06663492d455,1.4,"(1.9, 1.7, 0.6)","(0.0, 0.0, 0.0)","(0.0, 0.0, 0.0)",
PLAYER_LOCATION,20396,3/20/2024 12:10:10 PM,f79b2938-cc4c-4667-a494-06663492d455,1.4,"(1.9, 1.7, 0.6)","(0.0, 0.0, 0.0)","(0.0, 0.0, 0.0)",
PLAYER_LOCATION,20926,3/20/2024 12:10:11 PM,f79b2938-cc4c-4667-a494-06663492d455,1.4,"(1.8, 1.6, 0.6)","(0.0, 0.0, 0.0)","(0.0, 0.0, 0.0)",
PLAYER_LOCATION,20926,3/20/2024 12:10:11 PM,f79b2938-cc4c-4667-a494-06663492d455,1.4,"(1.8, 1.6, 0.6)","(0.0, 0.0, 0.0)","(0.0, 0.0, 0.0)",
PLAYER_LOCATION,21449,3/20/2024 12:10:11 PM,f79b2938-cc4c-4667-a494-06663492d455,1.4,"(1.8, 1.7, 0.6)","(0.0, 0.0, 0.0)","(0.0, 0.0, 0.0)",
PLAYER_LOCATION,21449,3/20/2024 12:10:11 PM,f79b2938-cc4c-4667-a494-06663492d455,1.4,"(1.8, 1.7, 0.6)","(0.0, 0.0, 0.0)","(0.0, 0.0, 0.0)",
VOICE_CAPTURE,21954,3/20/2024 12:10:12 PM,f79b2938-cc4c-4667-a494-06663492d455,1.4,Wonder if Med is doing something,NA,
PLAYER_LOCATION,21954,3/20/2024 12:10:12 PM,f79b2938-cc4c-4667-a494-06663492d455,1.4,"(1.8, 1.7, 0.6)","(0.0, 0.0, 0.0)","(0.0, 0.0, 0.0)",
PLAYER_LOCATION,21954,3/20/2024 12:10:12 PM,f79b2938-cc4c-4667-a494-06663492d455,1.4,"(1.8, 1.7, 0.6)","(0.0, 0.0, 0.0)","(0.0, 0.0, 0.0)",
PLAYER_LOCATION,22454,3/20/2024 12:10:12 PM,f79b2938-cc4c-4667-a494-06663492d455,1.4,"(1.8, 1.7, 0.6)","(0.0, 0.0, 0.0)","(0.0, 0.0, 0.0)",
PLAYER_LOCATION,22454,3/20/2024 12:10:12 PM,f79b2938-cc4c-4667-a494-06663492d455,1.4,"(1.8, 1.7, 0.6)","(0.0, 0.0, 0.0)","(0.0, 0.0, 0.0)",
PLAYER_LOCATION,22973,3/20/2024 12:10:13 PM,f79b2938-cc4c-4667-a494-06663492d455,1.4,"(1.8, 1.7, 0.6)","(0.0, 0.0, 0.0)","(0.0, 0.0, 0.0)",
PLAYER_LOCATION,22973,3/20/2024 12:10:13 PM,f79b2938-cc4c-4667-a494-06663492d455,1.4,"(1.8, 1.7, 0.6)","(0.0, 0.0, 0.0)","(0.0, 0.0, 0.0)",
PLAYER_LOCATION,23503,3/20/2024 12:10:13 PM,f79b2938-cc4c-4667-a494-06663492d455,1.4,"(1.8, 1.7, 0.6)","(0.0, 0.0, 0.0)","(0.0, 0.0, 0.0)",
PLAYER_LOCATION,23503,3/20/2024 12:10:13 PM,f79b2938-cc4c-4667-a494-06663492d455,1.4,"(1.8, 1.7, 0.6)","(0.0, 0.0, 0.0)","(0.0, 0.0, 0.0)",
PLAYER_LOCATION,24025,3/20/2024 12:10:14 PM,f79b2938-cc4c-4667-a494-06663492d455,1.4,"(1.8, 1.7, 0.6)","(0.0, 0.0, 0.0)","(0.0, 0.0, 0.0)",
PLAYER_LOCATION,24025,3/20/2024 12:10:14 PM,f79b2938-cc4c-4667-a494-06663492d455,1.4,"(1.8, 1.7, 0.6)","(0.0, 0.0, 0.0)","(0.0, 0.0, 0.0)",
PLAYER_LOCATION,24526,3/20/2024 12:10:14 PM,f79b2938-cc4c-4667-a494-06663492d455,1.4,"(1.8, 1.7, 0.6)","(0.0, 0.0, 0.0)","(0.0, 0.0, 0.0)",
PLAYER_LOCATION,24526,3/20/2024 12:10:14 PM,f79b2938-cc4c-4667-a494-06663492d455,1.4,"(1.8, 1.7, 0.6)","(0.0, 0.0, 0.0)","(0.0, 0.0, 0.0)",
PLAYER_LOCATION,25072,3/20/2024 12:10:15 PM,f79b2938-cc4c-4667-a494-06663492d455,1.4,"(1.8, 1.7, 0.6)","(0.0, 0.0, 0.0)","(0.0, 0.0, 0.0)",
PLAYER_LOCATION,25072,3/20/2024 12:10:15 PM,f79b2938-cc4c-4667-a494-06663492d455,1.4,"(1.8, 1.7, 0.6)","(0.0, 0.0, 0.0)","(0.0, 0.0, 0.0)",
PLAYER_LOCATION,25582,3/20/2024 12:10:15 PM,f79b2938-cc4c-4667-a494-06663492d455,1.4,"(1.8, 1.7, 0.6)","(0.0, 0.0, 0.0)","(0.0, 0.0, 0.0)",
PLAYER_LOCATION,25582,3/20/2024 12:10:15 PM,f79b2938-cc4c-4667-a494-06663492d455,1.4,"(1.8, 1.7, 0.6)","(0.0, 0.0, 0.0)","(0.0, 0.0, 0.0)",
PLAYER_LOCATION,26085,3/20/2024 12:10:16 PM,f79b2938-cc4c-4667-a494-06663492d455,1.4,"(1.8, 1.7, 0.6)","(0.0, 0.0, 0.0)","(0.0, 0.0, 0.0)",
PLAYER_LOCATION,26085,3/20/2024 12:10:16 PM,f79b2938-cc4c-4667-a494-06663492d455,1.4,"(1.8, 1.7, 0.6)","(0.0, 0.0, 0.0)","(0.0, 0.0, 0.0)",
PLAYER_LOCATION,26585,3/20/2024 12:10:16 PM,f79b2938-cc4c-4667-a494-06663492d455,1.4,"(1.8, 1.7, 0.6)","(0.0, 0.0, 0.0)","(0.0, 0.0, 0.0)",
PLAYER_LOCATION,26585,3/20/2024 12:10:16 PM,f79b2938-cc4c-4667-a494-06663492d455,1.4,"(1.8, 1.7, 0.6)","(0.0, 0.0, 0.0)","(0.0, 0.0, 0.0)",
PLAYER_LOCATION,27086,3/20/2024 12:10:17 PM,f79b2938-cc4c-4667-a494-06663492d455,1.4,"(1.8, 1.7, 0.6)","(0.0, 0.0, 0.0)","(0.0, 0.0, 0.0)",
PLAYER_LOCATION,27086,3/20/2024 12:10:17 PM,f79b2938-cc4c-4667-a494-06663492d455,1.4,"(1.8, 1.7, 0.6)","(0.0, 0.0, 0.0)","(0.0, 0.0, 0.0)",
PLAYER_LOCATION,27589,3/20/2024 12:10:17 PM,f79b2938-cc4c-4667-a494-06663492d455,1.4,"(1.8, 1.7, 0.6)","(0.0, 0.0, 0.0)","(0.0, 0.0, 0.0)",
PLAYER_LOCATION,27589,3/20/2024 12:10:17 PM,f79b2938-cc4c-4667-a494-06663492d455,1.4,"(1.8, 1.7, 0.6)","(0.0, 0.0, 0.0)","(0.0, 0.0, 0.0)",
PLAYER_LOCATION,28129,3/20/2024 12:10:18 PM,f79b2938-cc4c-4667-a494-06663492d455,1.4,"(1.8, 1.7, 0.6)","(0.0, 0.0, 0.0)","(0.0, 0.0, 0.0)",
PLAYER_LOCATION,28129,3/20/2024 12:10:18 PM,f79b2938-cc4c-4667-a494-06663492d455,1.4,"(1.8, 1.7, 0.6)","(0.0, 0.0, 0.0)","(0.0, 0.0, 0.0)",
VOICE_CAPTURE,28296,3/20/2024 12:10:18 PM,f79b2938-cc4c-4667-a494-06663492d455,1.4,just stop you can try to launch it but I don't think this is gonna be any better,NA,
PLAYER_LOCATION,28688,3/20/2024 12:10:18 PM,f79b2938-cc4c-4667-a494-06663492d455,1.4,"(1.8, 1.7, 0.6)","(0.0, 0.0, 0.0)","(0.0, 0.0, 0.0)",
PLAYER_LOCATION,28688,3/20/2024 12:10:18 PM,f79b2938-cc4c-4667-a494-06663492d455,1.4,"(1.8, 1.7, 0.6)","(0.0, 0.0, 0.0)","(0.0, 0.0, 0.0)",
PLAYER_LOCATION,29203,3/20/2024 12:10:19 PM,f79b2938-cc4c-4667-a494-06663492d455,1.4,"(1.8, 1.7, 0.6)","(0.0, 0.0, 0.0)","(0.0, 0.0, 0.0)",
PLAYER_LOCATION,29203,3/20/2024 12:10:19 PM,f79b2938-cc4c-4667-a494-06663492d455,1.4,"(1.8, 1.7, 0.6)","(0.0, 0.0, 0.0)","(0.0, 0.0, 0.0)",
PLAYER_LOCATION,29727,3/20/2024 12:10:19 PM,f79b2938-cc4c-4667-a494-06663492d455,1.4,"(1.8, 1.7, 0.6)","(0.0, 0.0, 0.0)","(0.0, 0.0, 0.0)",
PLAYER_LOCATION,29727,3/20/2024 12:10:19 PM,f79b2938-cc4c-4667-a494-06663492d455,1.4,"(1.8, 1.7, 0.6)","(0.0, 0.0, 0.0)","(0.0, 0.0, 0.0)",
PLAYER_LOCATION,30235,3/20/2024 12:10:20 PM,f79b2938-cc4c-4667-a494-06663492d455,1.4,"(1.8, 1.7, 0.6)","(0.0, 0.0, 0.0)","(0.0, 0.0, 0.0)",
PLAYER_LOCATION,30235,3/20/2024 12:10:20 PM,f79b2938-cc4c-4667-a494-06663492d455,1.4,"(1.8, 1.7, 0.6)","(0.0, 0.0, 0.0)","(0.0, 0.0, 0.0)",
PLAYER_LOCATION,30752,3/20/2024 12:10:21 PM,f79b2938-cc4c-4667-a494-06663492d455,1.4,"(1.8, 1.7, 0.6)","(0.0, 0.0, 0.0)","(0.0, 0.0, 0.0)",
PLAYER_LOCATION,30752,3/20/2024 12:10:21 PM,f79b2938-cc4c-4667-a494-06663492d455,1.4,"(1.8, 1.7, 0.6)","(0.0, 0.0, 0.0)","(0.0, 0.0, 0.0)",
PLAYER_LOCATION,31253,3/20/2024 12:10:21 PM,f79b2938-cc4c-4667-a494-06663492d455,1.4,"(1.8, 1.7, 0.6)","(0.0, 0.0, 0.0)","(0.0, 0.0, 0.0)",
PLAYER_LOCATION,31253,3/20/2024 12:10:21 PM,f79b2938-cc4c-4667-a494-06663492d455,1.4,"(1.8, 1.7, 0.6)","(0.0, 0.0, 0.0)","(0.0, 0.0, 0.0)",
PLAYER_LOCATION,31781,3/20/2024 12:10:22 PM,f79b2938-cc4c-4667-a494-06663492d455,1.4,"(1.8, 1.7, 0.6)","(0.0, 0.0, 0.0)","(0.0, 0.0, 0.0)",
PLAYER_LOCATION,31781,3/20/2024 12:10:22 PM,f79b2938-cc4c-4667-a494-06663492d455,1.4,"(1.8, 1.7, 0.6)","(0.0, 0.0, 0.0)","(0.0, 0.0, 0.0)",
PLAYER_LOCATION,32281,3/20/2024 12:10:22 PM,f79b2938-cc4c-4667-a494-06663492d455,1.4,"(1.8, 1.7, 0.6)","(0.0, 0.0, 0.0)","(0.0, 0.0, 0.0)",
PLAYER_LOCATION,32281,3/20/2024 12:10:22 PM,f79b2938-cc4c-4667-a494-06663492d455,1.4,"(1.8, 1.7, 0.6)","(0.0, 0.0, 0.0)","(0.0, 0.0, 0.0)",
PLAYER_LOCATION,32804,3/20/2024 12:10:23 PM,f79b2938-cc4c-4667-a494-06663492d455,1.4,"(1.8, 1.7, 0.6)","(0.0, 0.0, 0.0)","(0.0, 0.0, 0.0)",
PLAYER_LOCATION,32804,3/20/2024 12:10:23 PM,f79b2938-cc4c-4667-a494-06663492d455,1.4,"(1.8, 1.7, 0.6)","(0.0, 0.0, 0.0)","(0.0, 0.0, 0.0)",
PLAYER_LOCATION,33318,3/20/2024 12:10:23 PM,f79b2938-cc4c-4667-a494-06663492d455,1.4,"(1.8, 1.7, 0.6)","(0.0, 0.0, 0.0)","(0.0, 0.0, 0.0)",
PLAYER_LOCATION,33318,3/20/2024 12:10:23 PM,f79b2938-cc4c-4667-a494-06663492d455,1.4,"(1.8, 1.7, 0.6)","(0.0, 0.0, 0.0)","(0.0, 0.0, 0.0)",
VOICE_CAPTURE,33811,3/20/2024 12:10:24 PM,f79b2938-cc4c-4667-a494-06663492d455,1.4,I'm I'm kinda like it looks like the military ITM thing,NA,
PLAYER_LOCATION,33840,3/20/2024 12:10:24 PM,f79b2938-cc4c-4667-a494-06663492d455,1.4,"(1.8, 1.7, 0.6)","(0.0, 0.0, 0.0)","(0.0, 0.0, 0.0)",
PLAYER_LOCATION,33840,3/20/2024 12:10:24 PM,f79b2938-cc4c-4667-a494-06663492d455,1.4,"(1.8, 1.7, 0.6)","(0.0, 0.0, 0.0)","(0.0, 0.0, 0.0)",
PLAYER_LOCATION,34348,3/20/2024 12:10:24 PM,f79b2938-cc4c-4667-a494-06663492d455,1.4,"(1.8, 1.7, 0.6)","(0.0, 0.0, 0.0)","(0.0, 0.0, 0.0)",
PLAYER_LOCATION,34348,3/20/2024 12:10:24 PM,f79b2938-cc4c-4667-a494-06663492d455,1.4,"(1.8, 1.7, 0.6)","(0.0, 0.0, 0.0)","(0.0, 0.0, 0.0)",
PLAYER_LOCATION,34855,3/20/2024 12:10:25 PM,f79b2938-cc4c-4667-a494-06663492d455,1.4,"(1.8, 1.7, 0.6)","(0.0, 0.0, 0.0)","(0.0, 0.0, 0.0)",
PLAYER_LOCATION,34855,3/20/2024 12:10:25 PM,f79b2938-cc4c-4667-a494-06663492d455,1.4,"(1.8, 1.7, 0.6)","(0.0, 0.0, 0.0)","(0.0, 0.0, 0.0)",
PLAYER_LOCATION,35371,3/20/2024 12:10:25 PM,f79b2938-cc4c-4667-a494-06663492d455,1.4,"(1.8, 1.7, 0.6)","(0.0, 0.0, 0.0)","(0.0, 0.0, 0.0)",
PLAYER_LOCATION,35371,3/20/2024 12:10:25 PM,f79b2938-cc4c-4667-a494-06663492d455,1.4,"(1.8, 1.7, 0.6)","(0.0, 0.0, 0.0)","(0.0, 0.0, 0.0)",
PLAYER_LOCATION,35891,3/20/2024 12:10:26 PM,f79b2938-cc4c-4667-a494-06663492d455,1.4,"(1.8, 1.7, 0.6)","(0.0, 0.0, 0.0)","(0.0, 0.0, 0.0)",
PLAYER_LOCATION,35891,3/20/2024 12:10:26 PM,f79b2938-cc4c-4667-a494-06663492d455,1.4,"(1.8, 1.7, 0.6)","(0.0, 0.0, 0.0)","(0.0, 0.0, 0.0)",
PLAYER_LOCATION,36419,3/20/2024 12:10:26 PM,f79b2938-cc4c-4667-a494-06663492d455,1.4,"(1.8, 1.7, 0.6)","(0.0, 0.0, 0.0)","(0.0, 0.0, 0.0)",
PLAYER_LOCATION,36419,3/20/2024 12:10:26 PM,f79b2938-cc4c-4667-a494-06663492d455,1.4,"(1.8, 1.7, 0.6)","(0.0, 0.0, 0.0)","(0.0, 0.0, 0.0)",
PLAYER_LOCATION,36918,3/20/2024 12:10:27 PM,f79b2938-cc4c-4667-a494-06663492d455,1.4,"(1.8, 1.7, 0.6)","(0.0, 0.0, 0.0)","(0.0, 0.0, 0.0)",
PLAYER_LOCATION,36918,3/20/2024 12:10:27 PM,f79b2938-cc4c-4667-a494-06663492d455,1.4,"(1.8, 1.7, 0.6)","(0.0, 0.0, 0.0)","(0.0, 0.0, 0.0)",
PLAYER_LOCATION,37446,3/20/2024 12:10:27 PM,f79b2938-cc4c-4667-a494-06663492d455,1.4,"(1.8, 1.7, 0.6)","(0.0, 0.0, 0.0)","(0.0, 0.0, 0.0)",
PLAYER_LOCATION,37446,3/20/2024 12:10:27 PM,f79b2938-cc4c-4667-a494-06663492d455,1.4,"(1.8, 1.7, 0.6)","(0.0, 0.0, 0.0)","(0.0, 0.0, 0.0)",
VOICE_CAPTURE,43047,3/20/2024 12:10:33 PM,f79b2938-cc4c-4667-a494-06663492d455,1.4,nothing started yet,NA,
PLAYER_LOCATION,43290,3/20/2024 12:10:33 PM,f79b2938-cc4c-4667-a494-06663492d455,1.4,"(8.2, 1.7, 21.0)","(0.0, 0.0, 0.0)","(0.0, 0.0, 0.0)",
PLAYER_LOCATION,43290,3/20/2024 12:10:33 PM,f79b2938-cc4c-4667-a494-06663492d455,1.4,"(8.2, 1.7, 21.0)","(0.0, 0.0, 0.0)","(0.0, 0.0, 0.0)",
PATIENT_DEMOTED,43707,3/20/2024 12:10:33 PM,f79b2938-cc4c-4667-a494-06663492d455,1.4,100,Infinity,Marine 1 Male Root,"(5.0, 0.0, 4.4)","(0.0, 0.1, 0.0, 1.0)",EXPECTANT,still,faint,restricted,normal,dead,supine,
PATIENT_DEMOTED,43907,3/20/2024 12:10:34 PM,f79b2938-cc4c-4667-a494-06663492d455,1.4,100,Infinity,Marine 2 Male Root,"(6.1, 0.0, -3.4)","(0.0, 0.1, 0.0, 1.0)",IMMEDIATE,waver,fast,normal,normal,upset,sittingGround,
PATIENT_DEMOTED,43907,3/20/2024 12:10:34 PM,f79b2938-cc4c-4667-a494-06663492d455,1.4,100,Infinity,Marine 3 Male Root,"(5.4, 0.0, 10.9)","(0.0, 1.0, 0.0, 0.2)",IMMEDIATE,waver,fast,fast,normal,agony,supine,
PLAYER_LOCATION,43908,3/20/2024 12:10:34 PM,f79b2938-cc4c-4667-a494-06663492d455,1.4,"(8.2, 1.7, 21.0)","(0.0, 0.0, 0.0)","(0.0, 0.0, 0.0)",
PLAYER_LOCATION,43908,3/20/2024 12:10:34 PM,f79b2938-cc4c-4667-a494-06663492d455,1.4,"(8.2, 1.7, 21.0)","(0.0, 0.0, 0.0)","(0.0, 0.0, 0.0)",
PATIENT_DEMOTED,44045,3/20/2024 12:10:34 PM,f79b2938-cc4c-4667-a494-06663492d455,1.4,100,Infinity,Marine 4 Male Root,"(5.7, 0.0, 19.2)","(0.0, -0.8, 0.0, 0.5)",IMMEDIATE,waver,fast,fast,normal,agony,sittingGround,
PATIENT_DEMOTED,44075,3/20/2024 12:10:34 PM,f79b2938-cc4c-4667-a494-06663492d455,1.4,100,Infinity,Civilian 1 Female Root,"(5.2, 0.0, -9.4)","(0.0, 0.9, 0.0, 0.5)",IMMEDIATE,waver,fast,fast,normal,agony,supine,
PLAYER_LOCATION,44412,3/20/2024 12:10:34 PM,f79b2938-cc4c-4667-a494-06663492d455,1.4,"(8.2, 1.7, 21.0)","(0.0, 0.0, 0.0)","(0.0, 0.0, 0.0)",
PLAYER_LOCATION,44412,3/20/2024 12:10:34 PM,f79b2938-cc4c-4667-a494-06663492d455,1.4,"(8.2, 1.7, 21.0)","(0.0, 0.0, 0.0)","(0.0, 0.0, 0.0)",
PLAYER_LOCATION,44915,3/20/2024 12:10:35 PM,f79b2938-cc4c-4667-a494-06663492d455,1.4,"(8.2, 1.7, 21.0)","(0.0, 0.0, 0.0)","(0.0, 0.0, 0.0)",
PLAYER_LOCATION,44915,3/20/2024 12:10:35 PM,f79b2938-cc4c-4667-a494-06663492d455,1.4,"(8.2, 1.7, 21.0)","(0.0, 0.0, 0.0)","(0.0, 0.0, 0.0)",
PLAYER_LOCATION,45418,3/20/2024 12:10:35 PM,f79b2938-cc4c-4667-a494-06663492d455,1.4,"(8.2, 1.7, 21.0)","(0.0, 0.0, 0.0)","(0.0, 0.0, 0.0)",
PLAYER_LOCATION,45418,3/20/2024 12:10:35 PM,f79b2938-cc4c-4667-a494-06663492d455,1.4,"(8.2, 1.7, 21.0)","(0.0, 0.0, 0.0)","(0.0, 0.0, 0.0)",
SESSION_START,45664,3/20/2024 12:10:35 PM,f79b2938-cc4c-4667-a494-06663492d455,1.4,
PATIENT_RECORD,45665,3/20/2024 12:10:35 PM,f79b2938-cc4c-4667-a494-06663492d455,1.4,100,Infinity,Marine 1 Male Root,"(4.7, 0.0, 4.8)","(0.0, 0.1, 0.0, 1.0)",EXPECTANT,still,faint,restricted,normal,low,dead,supine,
INJURY_RECORD,45665,3/20/2024 12:10:35 PM,f79b2938-cc4c-4667-a494-06663492d455,1.4,L Stomach Puncture,Marine 1 Male Root,woundpack,high,abdomen,False,False,"(4.7, 1.1, 4.9)",
INJURY_RECORD,45665,3/20/2024 12:10:35 PM,f79b2938-cc4c-4667-a494-06663492d455,1.4,R Stomach Puncture,Marine 1 Male Root,woundpack,high,abdomen,False,False,"(4.8, 1.1, 4.8)",
INJURY_RECORD,45665,3/20/2024 12:10:35 PM,f79b2938-cc4c-4667-a494-06663492d455,1.4,L Thigh Puncture,Marine 1 Male Root,tourniquet,medium,leftHand,False,False,"(4.7, 0.6, 4.8)",
INJURY_RECORD,45665,3/20/2024 12:10:35 PM,f79b2938-cc4c-4667-a494-06663492d455,1.4,R Thigh Puncture,Marine 1 Male Root,tourniquet,medium,rightLeg,False,False,"(4.8, 0.6, 4.8)",
INJURY_RECORD,45665,3/20/2024 12:10:35 PM,f79b2938-cc4c-4667-a494-06663492d455,1.4,L Neck Puncture,Marine 1 Male Root,woundpack,high,neck,False,False,"(4.7, 1.5, 4.8)",
PATIENT_RECORD,45665,3/20/2024 12:10:35 PM,f79b2938-cc4c-4667-a494-06663492d455,1.4,100,Infinity,Marine 2 Male Root,"(13.7, 4.0, -3.3)","(0.0, 0.1, 0.0, 1.0)",IMMEDIATE,waver,fast,normal,normal,low,upset,sittingGround,
INJURY_RECORD,45665,3/20/2024 12:10:35 PM,f79b2938-cc4c-4667-a494-06663492d455,1.4,R Thigh Puncture,Marine 2 Male Root,tourniquet,medium,rightLeg,False,False,"(13.7, 4.6, -3.3)",
INJURY_RECORD,45665,3/20/2024 12:10:35 PM,f79b2938-cc4c-4667-a494-06663492d455,1.4,L Shoulder Broken,Marine 2 Male Root,splint,medium,leftArm,False,False,"(13.2, 5.4, -3.3)",
PATIENT_RECORD,45665,3/20/2024 12:10:35 PM,f79b2938-cc4c-4667-a494-06663492d455,1.4,100,Infinity,Marine 3 Male Root,"(11.8, 0.0, 10.3)","(0.0, 1.0, 0.0, 0.2)",IMMEDIATE,waver,fast,fast,normal,low,agony,supine,
INJURY_RECORD,45665,3/20/2024 12:10:35 PM,f79b2938-cc4c-4667-a494-06663492d455,1.4,R Stomach Puncture,Marine 3 Male Root,woundpack,high,abdomen,False,False,"(11.7, 1.1, 10.2)",
INJURY_RECORD,45665,3/20/2024 12:10:35 PM,f79b2938-cc4c-4667-a494-06663492d455,1.4,L Leg Broken,Marine 3 Male Root,splint,high,leftLeg,False,False,"(11.9, 0.0, 10.2)",
INJURY_RECORD,45665,3/20/2024 12:10:35 PM,f79b2938-cc4c-4667-a494-06663492d455,1.4,R Leg Broken,Marine 3 Male Root,splint,high,rightLeg,False,False,"(11.7, 0.0, 10.2)",
PATIENT_RECORD,45665,3/20/2024 12:10:35 PM,f79b2938-cc4c-4667-a494-06663492d455,1.4,100,Infinity,Marine 4 Male Root,"(10.0, 0.0, 18.7)","(0.0, -0.8, 0.0, 0.5)",IMMEDIATE,waver,fast,fast,normal,low,agony,sittingGround,
INJURY_RECORD,45665,3/20/2024 12:10:35 PM,f79b2938-cc4c-4667-a494-06663492d455,1.4,L Bicep Puncture,Marine 4 Male Root,tourniquet,medium,leftArm,False,False,"(10.2, 1.4, 18.4)",
INJURY_RECORD,45665,3/20/2024 12:10:35 PM,f79b2938-cc4c-4667-a494-06663492d455,1.4,L Shoulder Puncture,Marine 4 Male Root,woundpack,medium,chest,False,False,"(10.0, 1.4, 18.6)",
PATIENT_RECORD,45665,3/20/2024 12:10:35 PM,f79b2938-cc4c-4667-a494-06663492d455,1.4,100,Infinity,Civilian 1 Female Root,"(13.0, 0.0, -9.5)","(0.0, 0.9, 0.0, 0.5)",IMMEDIATE,waver,fast,fast,normal,normal,agony,supine,
INJURY_RECORD,45665,3/20/2024 12:10:35 PM,f79b2938-cc4c-4667-a494-06663492d455,1.4,L Bicep Puncture,Civilian 1 Female Root,tourniquet,medium,leftArm,False,False,"(13.2, 1.3, -9.2)",
INJURY_RECORD,45665,3/20/2024 12:10:35 PM,f79b2938-cc4c-4667-a494-06663492d455,1.4,L Leg Broken,Civilian 1 Female Root,splint,high,leftLeg,False,False,"(13.1, 0.0, -9.5)",
INJURY_RECORD,45665,3/20/2024 12:10:35 PM,f79b2938-cc4c-4667-a494-06663492d455,1.4,R Shoulder Broken,Civilian 1 Female Root,splint,medium,rightArm,False,False,"(12.8, 1.3, -9.9)",
PLAYER_LOCATION,45940,3/20/2024 12:10:36 PM,f79b2938-cc4c-4667-a494-06663492d455,1.4,"(8.2, 1.7, 21.0)","(0.0, 0.0, 0.0)","(0.0, 0.0, 0.0)",
PLAYER_LOCATION,45940,3/20/2024 12:10:36 PM,f79b2938-cc4c-4667-a494-06663492d455,1.4,"(8.2, 1.7, 21.0)","(0.0, 0.0, 0.0)","(0.0, 0.0, 0.0)",
PLAYER_LOCATION,46445,3/20/2024 12:10:36 PM,f79b2938-cc4c-4667-a494-06663492d455,1.4,"(8.2, 1.7, 21.0)","(0.0, 0.0, 0.0)","(0.0, 0.0, 0.0)",
PLAYER_LOCATION,46445,3/20/2024 12:10:36 PM,f79b2938-cc4c-4667-a494-06663492d455,1.4,"(8.2, 1.7, 21.0)","(0.0, 0.0, 0.0)","(0.0, 0.0, 0.0)",
PLAYER_LOCATION,46964,3/20/2024 12:10:37 PM,f79b2938-cc4c-4667-a494-06663492d455,1.4,"(8.3, 1.6, 21.0)","(0.0, 0.0, 0.0)","(0.0, 0.0, 0.0)",
PLAYER_LOCATION,46964,3/20/2024 12:10:37 PM,f79b2938-cc4c-4667-a494-06663492d455,1.4,"(8.3, 1.6, 21.0)","(0.0, 0.0, 0.0)","(0.0, 0.0, 0.0)",
PLAYER_LOCATION,47481,3/20/2024 12:10:37 PM,f79b2938-cc4c-4667-a494-06663492d455,1.4,"(8.3, 1.6, 21.0)","(0.0, 0.0, 0.0)","(0.0, 0.0, 0.0)",
PLAYER_LOCATION,47481,3/20/2024 12:10:37 PM,f79b2938-cc4c-4667-a494-06663492d455,1.4,"(8.3, 1.6, 21.0)","(0.0, 0.0, 0.0)","(0.0, 0.0, 0.0)",
PLAYER_LOCATION,47997,3/20/2024 12:10:38 PM,f79b2938-cc4c-4667-a494-06663492d455,1.4,"(8.3, 1.6, 21.0)","(0.0, 0.0, 0.0)","(0.0, 0.0, 0.0)",
PLAYER_LOCATION,47997,3/20/2024 12:10:38 PM,f79b2938-cc4c-4667-a494-06663492d455,1.4,"(8.3, 1.6, 21.0)","(0.0, 0.0, 0.0)","(0.0, 0.0, 0.0)",
PLAYER_LOCATION,48499,3/20/2024 12:10:38 PM,f79b2938-cc4c-4667-a494-06663492d455,1.4,"(8.3, 1.6, 21.0)","(0.0, 0.0, 0.0)","(0.0, 0.0, 0.0)",
PLAYER_LOCATION,48499,3/20/2024 12:10:38 PM,f79b2938-cc4c-4667-a494-06663492d455,1.4,"(8.3, 1.6, 21.0)","(0.0, 0.0, 0.0)","(0.0, 0.0, 0.0)",
PLAYER_LOCATION,49016,3/20/2024 12:10:39 PM,f79b2938-cc4c-4667-a494-06663492d455,1.4,"(8.3, 1.6, 21.0)","(0.0, 0.0, 0.0)","(0.0, 0.0, 0.0)",
PLAYER_LOCATION,49016,3/20/2024 12:10:39 PM,f79b2938-cc4c-4667-a494-06663492d455,1.4,"(8.3, 1.6, 21.0)","(0.0, 0.0, 0.0)","(0.0, 0.0, 0.0)",
TELEPORT,49246,3/20/2024 12:10:39 PM,f79b2938-cc4c-4667-a494-06663492d455,1.4,"(8.4, 0.0, 21.6)",
PLAYER_LOCATION,49523,3/20/2024 12:10:39 PM,f79b2938-cc4c-4667-a494-06663492d455,1.4,"(8.5, 1.6, 20.8)","(0.0, 0.0, 0.0)","(0.0, 0.0, 0.0)",
PLAYER_LOCATION,49523,3/20/2024 12:10:39 PM,f79b2938-cc4c-4667-a494-06663492d455,1.4,"(8.5, 1.6, 20.8)","(0.0, 0.0, 0.0)","(0.0, 0.0, 0.0)",
PLAYER_LOCATION,50068,3/20/2024 12:10:40 PM,f79b2938-cc4c-4667-a494-06663492d455,1.4,"(8.8, 1.6, 20.6)","(0.0, 0.0, 0.0)","(0.0, 0.0, 0.0)",
PLAYER_LOCATION,50068,3/20/2024 12:10:40 PM,f79b2938-cc4c-4667-a494-06663492d455,1.4,"(8.8, 1.6, 20.6)","(0.0, 0.0, 0.0)","(0.0, 0.0, 0.0)",
PLAYER_LOCATION,50597,3/20/2024 12:10:40 PM,f79b2938-cc4c-4667-a494-06663492d455,1.4,"(9.0, 1.6, 20.6)","(0.0, 0.0, 0.0)","(0.0, 0.0, 0.0)",
PLAYER_LOCATION,50597,3/20/2024 12:10:40 PM,f79b2938-cc4c-4667-a494-06663492d455,1.4,"(9.0, 1.6, 20.6)","(0.0, 0.0, 0.0)","(0.0, 0.0, 0.0)",
PLAYER_LOCATION,51117,3/20/2024 12:10:41 PM,f79b2938-cc4c-4667-a494-06663492d455,1.4,"(9.0, 1.6, 20.5)","(0.0, 0.0, 0.0)","(0.0, 0.0, 0.0)",
PLAYER_LOCATION,51117,3/20/2024 12:10:41 PM,f79b2938-cc4c-4667-a494-06663492d455,1.4,"(9.0, 1.6, 20.5)","(0.0, 0.0, 0.0)","(0.0, 0.0, 0.0)",
TELEPORT,51335,3/20/2024 12:10:41 PM,f79b2938-cc4c-4667-a494-06663492d455,1.4,"(8.4, 0.0, 21.6)",
PLAYER_LOCATION,51628,3/20/2024 12:10:41 PM,f79b2938-cc4c-4667-a494-06663492d455,1.4,"(9.1, 1.6, 20.4)","(0.0, 0.0, 0.0)","(0.0, 0.0, 0.0)",
PLAYER_LOCATION,51628,3/20/2024 12:10:41 PM,f79b2938-cc4c-4667-a494-06663492d455,1.4,"(9.1, 1.6, 20.4)","(0.0, 0.0, 0.0)","(0.0, 0.0, 0.0)",
PLAYER_LOCATION,52134,3/20/2024 12:10:42 PM,f79b2938-cc4c-4667-a494-06663492d455,1.4,"(9.3, 1.6, 20.1)","(0.0, 0.0, 0.0)","(0.0, 0.0, 0.0)",
PLAYER_LOCATION,52134,3/20/2024 12:10:42 PM,f79b2938-cc4c-4667-a494-06663492d455,1.4,"(9.3, 1.6, 20.1)","(0.0, 0.0, 0.0)","(0.0, 0.0, 0.0)",
PLAYER_LOCATION,52643,3/20/2024 12:10:42 PM,f79b2938-cc4c-4667-a494-06663492d455,1.4,"(9.5, 1.6, 19.8)","(0.0, 0.0, 0.0)","(0.0, 0.0, 0.0)",
PLAYER_LOCATION,52643,3/20/2024 12:10:42 PM,f79b2938-cc4c-4667-a494-06663492d455,1.4,"(9.5, 1.6, 19.8)","(0.0, 0.0, 0.0)","(0.0, 0.0, 0.0)",
PLAYER_LOCATION,53168,3/20/2024 12:10:43 PM,f79b2938-cc4c-4667-a494-06663492d455,1.4,"(9.7, 1.6, 19.6)","(0.0, 0.0, 0.0)","(0.0, 0.0, 0.0)",
PLAYER_LOCATION,53168,3/20/2024 12:10:43 PM,f79b2938-cc4c-4667-a494-06663492d455,1.4,"(9.7, 1.6, 19.6)","(0.0, 0.0, 0.0)","(0.0, 0.0, 0.0)",
PLAYER_LOCATION,53678,3/20/2024 12:10:43 PM,f79b2938-cc4c-4667-a494-06663492d455,1.4,"(9.6, 1.6, 19.6)","(0.0, 0.0, 0.0)","(0.0, 0.0, 0.0)",
PLAYER_LOCATION,53678,3/20/2024 12:10:43 PM,f79b2938-cc4c-4667-a494-06663492d455,1.4,"(9.6, 1.6, 19.6)","(0.0, 0.0, 0.0)","(0.0, 0.0, 0.0)",
PLAYER_LOCATION,54232,3/20/2024 12:10:44 PM,f79b2938-cc4c-4667-a494-06663492d455,1.4,"(9.6, 1.6, 19.6)","(0.0, 0.0, 0.0)","(0.0, 0.0, 0.0)",
PLAYER_GAZE,54232,3/20/2024 12:10:44 PM,f79b2938-cc4c-4667-a494-06663492d455,1.4,"(10.0, 0.0, 18.7)",Marine 4 Male Root,1.912421,"(-0.4, 1.6, 0.9)",
PLAYER_LOCATION,54232,3/20/2024 12:10:44 PM,f79b2938-cc4c-4667-a494-06663492d455,1.4,"(9.6, 1.6, 19.6)","(0.0, 0.0, 0.0)","(0.0, 0.0, 0.0)",
PLAYER_GAZE,54232,3/20/2024 12:10:44 PM,f79b2938-cc4c-4667-a494-06663492d455,1.4,"(10.0, 0.0, 18.7)",Marine 4 Male Root,1.912421,"(-0.4, 1.6, 0.9)",
PLAYER_LOCATION,54749,3/20/2024 12:10:45 PM,f79b2938-cc4c-4667-a494-06663492d455,1.4,"(9.4, 1.6, 19.8)","(0.0, 0.0, 0.0)","(0.0, 0.0, 0.0)",
PLAYER_LOCATION,54749,3/20/2024 12:10:45 PM,f79b2938-cc4c-4667-a494-06663492d455,1.4,"(9.4, 1.6, 19.8)","(0.0, 0.0, 0.0)","(0.0, 0.0, 0.0)",
PLAYER_LOCATION,55299,3/20/2024 12:10:45 PM,f79b2938-cc4c-4667-a494-06663492d455,1.4,"(9.4, 1.6, 19.8)","(0.0, 0.0, 0.0)","(0.0, 0.0, 0.0)",
PLAYER_LOCATION,55299,3/20/2024 12:10:45 PM,f79b2938-cc4c-4667-a494-06663492d455,1.4,"(9.4, 1.6, 19.8)","(0.0, 0.0, 0.0)","(0.0, 0.0, 0.0)",
PLAYER_LOCATION,55833,3/20/2024 12:10:46 PM,f79b2938-cc4c-4667-a494-06663492d455,1.4,"(9.4, 1.6, 19.8)","(0.0, 0.0, 0.0)","(0.0, 0.0, 0.0)",
PLAYER_LOCATION,55833,3/20/2024 12:10:46 PM,f79b2938-cc4c-4667-a494-06663492d455,1.4,"(9.4, 1.6, 19.8)","(0.0, 0.0, 0.0)","(0.0, 0.0, 0.0)",
PLAYER_LOCATION,56343,3/20/2024 12:10:46 PM,f79b2938-cc4c-4667-a494-06663492d455,1.4,"(9.4, 1.6, 19.8)","(0.0, 0.0, 0.0)","(0.0, 0.0, 0.0)",
PLAYER_LOCATION,56343,3/20/2024 12:10:46 PM,f79b2938-cc4c-4667-a494-06663492d455,1.4,"(9.4, 1.6, 19.8)","(0.0, 0.0, 0.0)","(0.0, 0.0, 0.0)",
PLAYER_LOCATION,56851,3/20/2024 12:10:47 PM,f79b2938-cc4c-4667-a494-06663492d455,1.4,"(9.5, 1.6, 19.9)","(0.0, 0.0, 0.0)","(0.0, 0.0, 0.0)",
PLAYER_LOCATION,56851,3/20/2024 12:10:47 PM,f79b2938-cc4c-4667-a494-06663492d455,1.4,"(9.5, 1.6, 19.9)","(0.0, 0.0, 0.0)","(0.0, 0.0, 0.0)",
PLAYER_LOCATION,57416,3/20/2024 12:10:47 PM,f79b2938-cc4c-4667-a494-06663492d455,1.4,"(9.5, 1.6, 19.9)","(0.0, 0.0, 0.0)","(0.0, 0.0, 0.0)",
PLAYER_GAZE,57416,3/20/2024 12:10:47 PM,f79b2938-cc4c-4667-a494-06663492d455,1.4,"(10.0, 0.0, 18.7)",Marine 4 Male Root,2.052701,"(-0.5, 1.6, 1.2)",
PLAYER_LOCATION,57416,3/20/2024 12:10:47 PM,f79b2938-cc4c-4667-a494-06663492d455,1.4,"(9.5, 1.6, 19.9)","(0.0, 0.0, 0.0)","(0.0, 0.0, 0.0)",
PLAYER_GAZE,57416,3/20/2024 12:10:47 PM,f79b2938-cc4c-4667-a494-06663492d455,1.4,"(10.0, 0.0, 18.7)",Marine 4 Male Root,2.052701,"(-0.5, 1.6, 1.2)",
PLAYER_LOCATION,57930,3/20/2024 12:10:48 PM,f79b2938-cc4c-4667-a494-06663492d455,1.4,"(9.5, 1.6, 19.9)","(0.0, 0.0, 0.0)","(0.0, 0.0, 0.0)",
PLAYER_LOCATION,57930,3/20/2024 12:10:48 PM,f79b2938-cc4c-4667-a494-06663492d455,1.4,"(9.5, 1.6, 19.9)","(0.0, 0.0, 0.0)","(0.0, 0.0, 0.0)",
PLAYER_LOCATION,58433,3/20/2024 12:10:48 PM,f79b2938-cc4c-4667-a494-06663492d455,1.4,"(9.4, 1.6, 19.9)","(0.0, 0.0, 0.0)","(0.0, 0.0, 0.0)",
PLAYER_GAZE,58433,3/20/2024 12:10:48 PM,f79b2938-cc4c-4667-a494-06663492d455,1.4,"(10.0, 0.0, 18.7)",Marine 4 Male Root,2.054745,"(-0.6, 1.6, 1.2)",
PLAYER_LOCATION,58433,3/20/2024 12:10:48 PM,f79b2938-cc4c-4667-a494-06663492d455,1.4,"(9.4, 1.6, 19.9)","(0.0, 0.0, 0.0)","(0.0, 0.0, 0.0)",
PLAYER_GAZE,58433,3/20/2024 12:10:48 PM,f79b2938-cc4c-4667-a494-06663492d455,1.4,"(10.0, 0.0, 18.7)",Marine 4 Male Root,2.054745,"(-0.6, 1.6, 1.2)",
VOICE_CAPTURE,58871,3/20/2024 12:10:49 PM,f79b2938-cc4c-4667-a494-06663492d455,1.4,Yes no this isn't doing anything,NA,
PLAYER_LOCATION,58959,3/20/2024 12:10:49 PM,f79b2938-cc4c-4667-a494-06663492d455,1.4,"(9.4, 1.6, 19.9)","(0.0, 0.0, 0.0)","(0.0, 0.0, 0.0)",
PLAYER_GAZE,58959,3/20/2024 12:10:49 PM,f79b2938-cc4c-4667-a494-06663492d455,1.4,"(10.0, 0.0, 18.7)",Marine 4 Male Root,2.043401,"(-0.6, 1.6, 1.2)",
PLAYER_LOCATION,58959,3/20/2024 12:10:49 PM,f79b2938-cc4c-4667-a494-06663492d455,1.4,"(9.4, 1.6, 19.9)","(0.0, 0.0, 0.0)","(0.0, 0.0, 0.0)",
PLAYER_GAZE,58959,3/20/2024 12:10:49 PM,f79b2938-cc4c-4667-a494-06663492d455,1.4,"(10.0, 0.0, 18.7)",Marine 4 Male Root,2.043401,"(-0.6, 1.6, 1.2)",
PLAYER_LOCATION,59469,3/20/2024 12:10:49 PM,f79b2938-cc4c-4667-a494-06663492d455,1.4,"(9.5, 1.6, 19.9)","(0.0, 0.0, 0.0)","(0.0, 0.0, 0.0)",
PLAYER_GAZE,59469,3/20/2024 12:10:49 PM,f79b2938-cc4c-4667-a494-06663492d455,1.4,"(10.0, 0.0, 18.7)",Marine 4 Male Root,2.047709,"(-0.5, 1.6, 1.2)",
PLAYER_LOCATION,59469,3/20/2024 12:10:49 PM,f79b2938-cc4c-4667-a494-06663492d455,1.4,"(9.5, 1.6, 19.9)","(0.0, 0.0, 0.0)","(0.0, 0.0, 0.0)",
PLAYER_GAZE,59469,3/20/2024 12:10:49 PM,f79b2938-cc4c-4667-a494-06663492d455,1.4,"(10.0, 0.0, 18.7)",Marine 4 Male Root,2.047709,"(-0.5, 1.6, 1.2)",
PLAYER_LOCATION,59997,3/20/2024 12:10:50 PM,f79b2938-cc4c-4667-a494-06663492d455,1.4,"(9.5, 1.6, 19.9)","(0.0, 0.0, 0.0)","(0.0, 0.0, 0.0)",
PLAYER_GAZE,59997,3/20/2024 12:10:50 PM,f79b2938-cc4c-4667-a494-06663492d455,1.4,"(10.0, 0.0, 18.7)",Marine 4 Male Root,2.051578,"(-0.5, 1.6, 1.2)",
PLAYER_LOCATION,59997,3/20/2024 12:10:50 PM,f79b2938-cc4c-4667-a494-06663492d455,1.4,"(9.5, 1.6, 19.9)","(0.0, 0.0, 0.0)","(0.0, 0.0, 0.0)",
PLAYER_GAZE,59997,3/20/2024 12:10:50 PM,f79b2938-cc4c-4667-a494-06663492d455,1.4,"(10.0, 0.0, 18.7)",Marine 4 Male Root,2.051578,"(-0.5, 1.6, 1.2)",
PLAYER_LOCATION,60498,3/20/2024 12:10:50 PM,f79b2938-cc4c-4667-a494-06663492d455,1.4,"(9.6, 1.6, 19.9)","(0.0, 0.0, 0.0)","(0.0, 0.0, 0.0)",
PLAYER_GAZE,60498,3/20/2024 12:10:50 PM,f79b2938-cc4c-4667-a494-06663492d455,1.4,"(10.0, 0.0, 18.7)",Marine 4 Male Root,2.058831,"(-0.4, 1.6, 1.2)",
PLAYER_LOCATION,60498,3/20/2024 12:10:50 PM,f79b2938-cc4c-4667-a494-06663492d455,1.4,"(9.6, 1.6, 19.9)","(0.0, 0.0, 0.0)","(0.0, 0.0, 0.0)",
PLAYER_GAZE,60498,3/20/2024 12:10:50 PM,f79b2938-cc4c-4667-a494-06663492d455,1.4,"(10.0, 0.0, 18.7)",Marine 4 Male Root,2.058831,"(-0.4, 1.6, 1.2)",
PLAYER_LOCATION,61013,3/20/2024 12:10:51 PM,f79b2938-cc4c-4667-a494-06663492d455,1.4,"(9.5, 1.6, 20.0)","(0.0, 0.0, 0.0)","(0.0, 0.0, 0.0)",
PLAYER_LOCATION,61013,3/20/2024 12:10:51 PM,f79b2938-cc4c-4667-a494-06663492d455,1.4,"(9.5, 1.6, 20.0)","(0.0, 0.0, 0.0)","(0.0, 0.0, 0.0)",
PLAYER_LOCATION,61526,3/20/2024 12:10:51 PM,f79b2938-cc4c-4667-a494-06663492d455,1.4,"(9.5, 1.7, 20.0)","(0.0, 0.0, 0.0)","(0.0, 0.0, 0.0)",
PLAYER_LOCATION,61526,3/20/2024 12:10:51 PM,f79b2938-cc4c-4667-a494-06663492d455,1.4,"(9.5, 1.7, 20.0)","(0.0, 0.0, 0.0)","(0.0, 0.0, 0.0)",
PLAYER_LOCATION,62046,3/20/2024 12:10:52 PM,f79b2938-cc4c-4667-a494-06663492d455,1.4,"(9.5, 1.7, 20.0)","(0.0, 0.0, 0.0)","(0.0, 0.0, 0.0)",
PLAYER_LOCATION,62046,3/20/2024 12:10:52 PM,f79b2938-cc4c-4667-a494-06663492d455,1.4,"(9.5, 1.7, 20.0)","(0.0, 0.0, 0.0)","(0.0, 0.0, 0.0)",
PLAYER_LOCATION,62547,3/20/2024 12:10:52 PM,f79b2938-cc4c-4667-a494-06663492d455,1.4,"(9.5, 1.7, 20.0)","(0.0, 0.0, 0.0)","(0.0, 0.0, 0.0)",
PLAYER_LOCATION,62547,3/20/2024 12:10:52 PM,f79b2938-cc4c-4667-a494-06663492d455,1.4,"(9.5, 1.7, 20.0)","(0.0, 0.0, 0.0)","(0.0, 0.0, 0.0)",
PLAYER_LOCATION,63061,3/20/2024 12:10:53 PM,f79b2938-cc4c-4667-a494-06663492d455,1.4,"(9.5, 1.6, 20.0)","(0.0, 0.0, 0.0)","(0.0, 0.0, 0.0)",
PLAYER_LOCATION,63061,3/20/2024 12:10:53 PM,f79b2938-cc4c-4667-a494-06663492d455,1.4,"(9.5, 1.6, 20.0)","(0.0, 0.0, 0.0)","(0.0, 0.0, 0.0)",
VOICE_CAPTURE,63372,3/20/2024 12:10:53 PM,f79b2938-cc4c-4667-a494-06663492d455,1.4,it's actually made it worse I think,NA,
PLAYER_LOCATION,63573,3/20/2024 12:10:53 PM,f79b2938-cc4c-4667-a494-06663492d455,1.4,"(9.5, 1.6, 20.0)","(0.0, 0.0, 0.0)","(0.0, 0.0, 0.0)",
PLAYER_LOCATION,63573,3/20/2024 12:10:53 PM,f79b2938-cc4c-4667-a494-06663492d455,1.4,"(9.5, 1.6, 20.0)","(0.0, 0.0, 0.0)","(0.0, 0.0, 0.0)",
PLAYER_LOCATION,64073,3/20/2024 12:10:54 PM,f79b2938-cc4c-4667-a494-06663492d455,1.4,"(9.5, 1.6, 20.0)","(0.0, 0.0, 0.0)","(0.0, 0.0, 0.0)",
PLAYER_LOCATION,64073,3/20/2024 12:10:54 PM,f79b2938-cc4c-4667-a494-06663492d455,1.4,"(9.5, 1.6, 20.0)","(0.0, 0.0, 0.0)","(0.0, 0.0, 0.0)",
PLAYER_LOCATION,64576,3/20/2024 12:10:54 PM,f79b2938-cc4c-4667-a494-06663492d455,1.4,"(9.5, 1.6, 20.0)","(0.0, 0.0, 0.0)","(0.0, 0.0, 0.0)",
PLAYER_LOCATION,64576,3/20/2024 12:10:54 PM,f79b2938-cc4c-4667-a494-06663492d455,1.4,"(9.5, 1.6, 20.0)","(0.0, 0.0, 0.0)","(0.0, 0.0, 0.0)",
PLAYER_LOCATION,65096,3/20/2024 12:10:55 PM,f79b2938-cc4c-4667-a494-06663492d455,1.4,"(9.5, 1.6, 20.0)","(0.0, 0.0, 0.0)","(0.0, 0.0, 0.0)",
PLAYER_LOCATION,65096,3/20/2024 12:10:55 PM,f79b2938-cc4c-4667-a494-06663492d455,1.4,"(9.5, 1.6, 20.0)","(0.0, 0.0, 0.0)","(0.0, 0.0, 0.0)",
PLAYER_LOCATION,65604,3/20/2024 12:10:55 PM,f79b2938-cc4c-4667-a494-06663492d455,1.4,"(9.5, 1.6, 20.0)","(0.0, 0.0, 0.0)","(0.0, 0.0, 0.0)",
PLAYER_LOCATION,65604,3/20/2024 12:10:55 PM,f79b2938-cc4c-4667-a494-06663492d455,1.4,"(9.5, 1.6, 20.0)","(0.0, 0.0, 0.0)","(0.0, 0.0, 0.0)",
PLAYER_LOCATION,66109,3/20/2024 12:10:56 PM,f79b2938-cc4c-4667-a494-06663492d455,1.4,"(9.5, 1.6, 20.0)","(0.0, 0.0, 0.0)","(0.0, 0.0, 0.0)",
PLAYER_GAZE,66109,3/20/2024 12:10:56 PM,f79b2938-cc4c-4667-a494-06663492d455,1.4,"(10.0, 0.0, 18.7)",Marine 4 Male Root,2.124203,"(-0.5, 1.6, 1.3)",
PLAYER_LOCATION,66109,3/20/2024 12:10:56 PM,f79b2938-cc4c-4667-a494-06663492d455,1.4,"(9.5, 1.6, 20.0)","(0.0, 0.0, 0.0)","(0.0, 0.0, 0.0)",
PLAYER_GAZE,66109,3/20/2024 12:10:56 PM,f79b2938-cc4c-4667-a494-06663492d455,1.4,"(10.0, 0.0, 18.7)",Marine 4 Male Root,2.124203,"(-0.5, 1.6, 1.3)",
PLAYER_LOCATION,66634,3/20/2024 12:10:56 PM,f79b2938-cc4c-4667-a494-06663492d455,1.4,"(9.5, 1.6, 20.0)","(0.0, 0.0, 0.0)","(0.0, 0.0, 0.0)",
PLAYER_GAZE,66634,3/20/2024 12:10:56 PM,f79b2938-cc4c-4667-a494-06663492d455,1.4,"(10.0, 0.0, 18.7)",Marine 4 Male Root,2.128215,"(-0.5, 1.6, 1.3)",
PLAYER_LOCATION,66634,3/20/2024 12:10:56 PM,f79b2938-cc4c-4667-a494-06663492d455,1.4,"(9.5, 1.6, 20.0)","(0.0, 0.0, 0.0)","(0.0, 0.0, 0.0)",
PLAYER_GAZE,66634,3/20/2024 12:10:56 PM,f79b2938-cc4c-4667-a494-06663492d455,1.4,"(10.0, 0.0, 18.7)",Marine 4 Male Root,2.128215,"(-0.5, 1.6, 1.3)",
PLAYER_LOCATION,67158,3/20/2024 12:10:57 PM,f79b2938-cc4c-4667-a494-06663492d455,1.4,"(9.5, 1.6, 20.0)","(0.0, 0.0, 0.0)","(0.0, 0.0, 0.0)",
PLAYER_GAZE,67158,3/20/2024 12:10:57 PM,f79b2938-cc4c-4667-a494-06663492d455,1.4,"(10.0, 0.0, 18.7)",Marine 4 Male Root,2.127454,"(-0.5, 1.6, 1.3)",
PLAYER_LOCATION,67158,3/20/2024 12:10:57 PM,f79b2938-cc4c-4667-a494-06663492d455,1.4,"(9.5, 1.6, 20.0)","(0.0, 0.0, 0.0)","(0.0, 0.0, 0.0)",
PLAYER_GAZE,67158,3/20/2024 12:10:57 PM,f79b2938-cc4c-4667-a494-06663492d455,1.4,"(10.0, 0.0, 18.7)",Marine 4 Male Root,2.127454,"(-0.5, 1.6, 1.3)",
PLAYER_LOCATION,67681,3/20/2024 12:10:57 PM,f79b2938-cc4c-4667-a494-06663492d455,1.4,"(9.5, 1.6, 20.0)","(0.0, 0.0, 0.0)","(0.0, 0.0, 0.0)",
PLAYER_LOCATION,67681,3/20/2024 12:10:57 PM,f79b2938-cc4c-4667-a494-06663492d455,1.4,"(9.5, 1.6, 20.0)","(0.0, 0.0, 0.0)","(0.0, 0.0, 0.0)",
PLAYER_LOCATION,68185,3/20/2024 12:10:58 PM,f79b2938-cc4c-4667-a494-06663492d455,1.4,"(9.5, 1.6, 20.0)","(0.0, 0.0, 0.0)","(0.0, 0.0, 0.0)",
PLAYER_LOCATION,68185,3/20/2024 12:10:58 PM,f79b2938-cc4c-4667-a494-06663492d455,1.4,"(9.5, 1.6, 20.0)","(0.0, 0.0, 0.0)","(0.0, 0.0, 0.0)",
PLAYER_LOCATION,68702,3/20/2024 12:10:58 PM,f79b2938-cc4c-4667-a494-06663492d455,1.4,"(9.5, 1.6, 20.0)","(0.0, 0.0, 0.0)","(0.0, 0.0, 0.0)",
PLAYER_GAZE,68702,3/20/2024 12:10:58 PM,f79b2938-cc4c-4667-a494-06663492d455,1.4,"(10.0, 0.0, 18.7)",Marine 4 Male Root,2.129954,"(-0.5, 1.6, 1.3)",
PLAYER_LOCATION,68702,3/20/2024 12:10:58 PM,f79b2938-cc4c-4667-a494-06663492d455,1.4,"(9.5, 1.6, 20.0)","(0.0, 0.0, 0.0)","(0.0, 0.0, 0.0)",
PLAYER_GAZE,68702,3/20/2024 12:10:58 PM,f79b2938-cc4c-4667-a494-06663492d455,1.4,"(10.0, 0.0, 18.7)",Marine 4 Male Root,2.129954,"(-0.5, 1.6, 1.3)",
PLAYER_LOCATION,69223,3/20/2024 12:10:59 PM,f79b2938-cc4c-4667-a494-06663492d455,1.4,"(9.5, 1.6, 20.0)","(0.0, 0.0, 0.0)","(0.0, 0.0, 0.0)",
PLAYER_GAZE,69223,3/20/2024 12:10:59 PM,f79b2938-cc4c-4667-a494-06663492d455,1.4,"(10.0, 0.0, 18.7)",Marine 4 Male Root,2.13457,"(-0.5, 1.6, 1.3)",
PLAYER_LOCATION,69223,3/20/2024 12:10:59 PM,f79b2938-cc4c-4667-a494-06663492d455,1.4,"(9.5, 1.6, 20.0)","(0.0, 0.0, 0.0)","(0.0, 0.0, 0.0)",
PLAYER_GAZE,69223,3/20/2024 12:10:59 PM,f79b2938-cc4c-4667-a494-06663492d455,1.4,"(10.0, 0.0, 18.7)",Marine 4 Male Root,2.13457,"(-0.5, 1.6, 1.3)",
PLAYER_LOCATION,69744,3/20/2024 12:10:59 PM,f79b2938-cc4c-4667-a494-06663492d455,1.4,"(9.5, 1.6, 20.0)","(0.0, 0.0, 0.0)","(0.0, 0.0, 0.0)",
PLAYER_GAZE,69744,3/20/2024 12:10:59 PM,f79b2938-cc4c-4667-a494-06663492d455,1.4,"(10.0, 0.0, 18.7)",Marine 4 Male Root,2.13038,"(-0.5, 1.6, 1.3)",
PLAYER_LOCATION,69744,3/20/2024 12:10:59 PM,f79b2938-cc4c-4667-a494-06663492d455,1.4,"(9.5, 1.6, 20.0)","(0.0, 0.0, 0.0)","(0.0, 0.0, 0.0)",
PLAYER_GAZE,69744,3/20/2024 12:10:59 PM,f79b2938-cc4c-4667-a494-06663492d455,1.4,"(10.0, 0.0, 18.7)",Marine 4 Male Root,2.13038,"(-0.5, 1.6, 1.3)",
PLAYER_LOCATION,70255,3/20/2024 12:11:00 PM,f79b2938-cc4c-4667-a494-06663492d455,1.4,"(9.5, 1.6, 20.0)","(0.0, 0.0, 0.0)","(0.0, 0.0, 0.0)",
PLAYER_GAZE,70255,3/20/2024 12:11:00 PM,f79b2938-cc4c-4667-a494-06663492d455,1.4,"(10.0, 0.0, 18.7)",Marine 4 Male Root,2.130316,"(-0.5, 1.6, 1.3)",
PLAYER_LOCATION,70255,3/20/2024 12:11:00 PM,f79b2938-cc4c-4667-a494-06663492d455,1.4,"(9.5, 1.6, 20.0)","(0.0, 0.0, 0.0)","(0.0, 0.0, 0.0)",
PLAYER_GAZE,70255,3/20/2024 12:11:00 PM,f79b2938-cc4c-4667-a494-06663492d455,1.4,"(10.0, 0.0, 18.7)",Marine 4 Male Root,2.130316,"(-0.5, 1.6, 1.3)",
VOICE_CAPTURE,70466,3/20/2024 12:11:00 PM,f79b2938-cc4c-4667-a494-06663492d455,1.4,how you can quit it,NA,
PLAYER_LOCATION,70786,3/20/2024 12:11:01 PM,f79b2938-cc4c-4667-a494-06663492d455,1.4,"(9.5, 1.6, 20.0)","(0.0, 0.0, 0.0)","(0.0, 0.0, 0.0)",
PLAYER_LOCATION,70786,3/20/2024 12:11:01 PM,f79b2938-cc4c-4667-a494-06663492d455,1.4,"(9.5, 1.6, 20.0)","(0.0, 0.0, 0.0)","(0.0, 0.0, 0.0)",
PLAYER_LOCATION,71335,3/20/2024 12:11:01 PM,f79b2938-cc4c-4667-a494-06663492d455,1.4,"(9.5, 1.6, 20.0)","(0.0, 0.0, 0.0)","(0.0, 0.0, 0.0)",
PLAYER_GAZE,71335,3/20/2024 12:11:01 PM,f79b2938-cc4c-4667-a494-06663492d455,1.4,"(10.0, 0.0, 18.7)",Marine 4 Male Root,2.127898,"(-0.5, 1.6, 1.3)",
PLAYER_LOCATION,71335,3/20/2024 12:11:01 PM,f79b2938-cc4c-4667-a494-06663492d455,1.4,"(9.5, 1.6, 20.0)","(0.0, 0.0, 0.0)","(0.0, 0.0, 0.0)",
PLAYER_GAZE,71335,3/20/2024 12:11:01 PM,f79b2938-cc4c-4667-a494-06663492d455,1.4,"(10.0, 0.0, 18.7)",Marine 4 Male Root,2.127898,"(-0.5, 1.6, 1.3)",
PLAYER_LOCATION,71837,3/20/2024 12:11:02 PM,f79b2938-cc4c-4667-a494-06663492d455,1.4,"(9.5, 1.6, 20.0)","(0.0, 0.0, 0.0)","(0.0, 0.0, 0.0)",
PLAYER_GAZE,71837,3/20/2024 12:11:02 PM,f79b2938-cc4c-4667-a494-06663492d455,1.4,"(10.0, 0.0, 18.7)",Marine 4 Male Root,2.12799,"(-0.5, 1.6, 1.3)",
PLAYER_LOCATION,71837,3/20/2024 12:11:02 PM,f79b2938-cc4c-4667-a494-06663492d455,1.4,"(9.5, 1.6, 20.0)","(0.0, 0.0, 0.0)","(0.0, 0.0, 0.0)",
PLAYER_GAZE,71837,3/20/2024 12:11:02 PM,f79b2938-cc4c-4667-a494-06663492d455,1.4,"(10.0, 0.0, 18.7)",Marine 4 Male Root,2.12799,"(-0.5, 1.6, 1.3)",
SESSION_END,71918,3/20/2024 12:11:02 PM,f79b2938-cc4c-4667-a494-06663492d455,1.4,
PLAYER_LOCATION,72566,3/20/2024 12:11:02 PM,f79b2938-cc4c-4667-a494-06663492d455,1.4,"(9.5, 1.6, 20.0)","(0.0, 0.0, 0.0)","(0.0, 0.0, 0.0)",
PLAYER_LOCATION,72566,3/20/2024 12:11:02 PM,f79b2938-cc4c-4667-a494-06663492d455,1.4,"(9.5, 1.6, 20.0)","(0.0, 0.0, 0.0)","(0.0, 0.0, 0.0)",
PLAYER_LOCATION,73104,3/20/2024 12:11:03 PM,f79b2938-cc4c-4667-a494-06663492d455,1.4,"(9.5, 1.6, 20.0)","(0.0, 0.0, 0.0)","(0.0, 0.0, 0.0)",
PLAYER_LOCATION,73104,3/20/2024 12:11:03 PM,f79b2938-cc4c-4667-a494-06663492d455,1.4,"(9.5, 1.6, 20.0)","(0.0, 0.0, 0.0)","(0.0, 0.0, 0.0)",
PLAYER_LOCATION,73685,3/20/2024 12:11:03 PM,f79b2938-cc4c-4667-a494-06663492d455,1.4,"(9.5, 1.6, 20.0)","(0.0, 0.0, 0.0)","(0.0, 0.0, 0.0)",
PLAYER_LOCATION,73685,3/20/2024 12:11:03 PM,f79b2938-cc4c-4667-a494-06663492d455,1.4,"(9.5, 1.6, 20.0)","(0.0, 0.0, 0.0)","(0.0, 0.0, 0.0)",
PLAYER_LOCATION,74203,3/20/2024 12:11:04 PM,f79b2938-cc4c-4667-a494-06663492d455,1.4,"(9.5, 1.6, 20.0)","(0.0, 0.0, 0.0)","(0.0, 0.0, 0.0)",
PLAYER_LOCATION,74203,3/20/2024 12:11:04 PM,f79b2938-cc4c-4667-a494-06663492d455,1.4,"(9.5, 1.6, 20.0)","(0.0, 0.0, 0.0)","(0.0, 0.0, 0.0)",
PLAYER_LOCATION,74703,3/20/2024 12:11:04 PM,f79b2938-cc4c-4667-a494-06663492d455,1.4,"(9.5, 1.6, 20.0)","(0.0, 0.0, 0.0)","(0.0, 0.0, 0.0)",
PLAYER_LOCATION,74703,3/20/2024 12:11:04 PM,f79b2938-cc4c-4667-a494-06663492d455,1.4,"(9.5, 1.6, 20.0)","(0.0, 0.0, 0.0)","(0.0, 0.0, 0.0)",
PLAYER_LOCATION,75228,3/20/2024 12:11:05 PM,f79b2938-cc4c-4667-a494-06663492d455,1.4,"(9.5, 1.6, 20.0)","(0.0, 0.0, 0.0)","(0.0, 0.0, 0.0)",
PLAYER_LOCATION,75228,3/20/2024 12:11:05 PM,f79b2938-cc4c-4667-a494-06663492d455,1.4,"(9.5, 1.6, 20.0)","(0.0, 0.0, 0.0)","(0.0, 0.0, 0.0)",
PLAYER_LOCATION,75729,3/20/2024 12:11:05 PM,f79b2938-cc4c-4667-a494-06663492d455,1.4,"(9.5, 1.6, 20.0)","(0.0, 0.0, 0.0)","(0.0, 0.0, 0.0)",
PLAYER_LOCATION,75729,3/20/2024 12:11:05 PM,f79b2938-cc4c-4667-a494-06663492d455,1.4,"(9.5, 1.6, 20.0)","(0.0, 0.0, 0.0)","(0.0, 0.0, 0.0)",
PLAYER_LOCATION,76257,3/20/2024 12:11:06 PM,f79b2938-cc4c-4667-a494-06663492d455,1.4,"(9.5, 1.6, 20.0)","(0.0, 0.0, 0.0)","(0.0, 0.0, 0.0)",
PLAYER_LOCATION,76257,3/20/2024 12:11:06 PM,f79b2938-cc4c-4667-a494-06663492d455,1.4,"(9.5, 1.6, 20.0)","(0.0, 0.0, 0.0)","(0.0, 0.0, 0.0)",
PLAYER_LOCATION,76757,3/20/2024 12:11:07 PM,f79b2938-cc4c-4667-a494-06663492d455,1.4,"(9.5, 1.6, 20.0)","(0.0, 0.0, 0.0)","(0.0, 0.0, 0.0)",
PLAYER_LOCATION,76757,3/20/2024 12:11:07 PM,f79b2938-cc4c-4667-a494-06663492d455,1.4,"(9.5, 1.6, 20.0)","(0.0, 0.0, 0.0)","(0.0, 0.0, 0.0)",
PLAYER_LOCATION,77285,3/20/2024 12:11:07 PM,f79b2938-cc4c-4667-a494-06663492d455,1.4,"(9.5, 1.6, 20.0)","(0.0, 0.0, 0.0)","(0.0, 0.0, 0.0)",
PLAYER_LOCATION,77285,3/20/2024 12:11:07 PM,f79b2938-cc4c-4667-a494-06663492d455,1.4,"(9.5, 1.6, 20.0)","(0.0, 0.0, 0.0)","(0.0, 0.0, 0.0)",
PLAYER_LOCATION,77813,3/20/2024 12:11:08 PM,f79b2938-cc4c-4667-a494-06663492d455,1.4,"(9.5, 1.6, 20.0)","(0.0, 0.0, 0.0)","(0.0, 0.0, 0.0)",
PLAYER_LOCATION,77813,3/20/2024 12:11:08 PM,f79b2938-cc4c-4667-a494-06663492d455,1.4,"(9.5, 1.6, 20.0)","(0.0, 0.0, 0.0)","(0.0, 0.0, 0.0)",
PLAYER_LOCATION,78339,3/20/2024 12:11:08 PM,f79b2938-cc4c-4667-a494-06663492d455,1.4,"(9.5, 1.6, 20.0)","(0.0, 0.0, 0.0)","(0.0, 0.0, 0.0)",
PLAYER_LOCATION,78339,3/20/2024 12:11:08 PM,f79b2938-cc4c-4667-a494-06663492d455,1.4,"(9.5, 1.6, 20.0)","(0.0, 0.0, 0.0)","(0.0, 0.0, 0.0)",
PLAYER_LOCATION,78868,3/20/2024 12:11:09 PM,f79b2938-cc4c-4667-a494-06663492d455,1.4,"(9.5, 1.6, 20.0)","(0.0, 0.0, 0.0)","(0.0, 0.0, 0.0)",
PLAYER_LOCATION,78868,3/20/2024 12:11:09 PM,f79b2938-cc4c-4667-a494-06663492d455,1.4,"(9.5, 1.6, 20.0)","(0.0, 0.0, 0.0)","(0.0, 0.0, 0.0)",
PLAYER_LOCATION,79396,3/20/2024 12:11:09 PM,f79b2938-cc4c-4667-a494-06663492d455,1.4,"(9.5, 1.6, 20.0)","(0.0, 0.0, 0.0)","(0.0, 0.0, 0.0)",
PLAYER_LOCATION,79396,3/20/2024 12:11:09 PM,f79b2938-cc4c-4667-a494-06663492d455,1.4,"(9.5, 1.6, 20.0)","(0.0, 0.0, 0.0)","(0.0, 0.0, 0.0)",
PLAYER_LOCATION,79896,3/20/2024 12:11:10 PM,f79b2938-cc4c-4667-a494-06663492d455,1.4,"(9.5, 1.6, 20.0)","(0.0, 0.0, 0.0)","(0.0, 0.0, 0.0)",
PLAYER_LOCATION,79896,3/20/2024 12:11:10 PM,f79b2938-cc4c-4667-a494-06663492d455,1.4,"(9.5, 1.6, 20.0)","(0.0, 0.0, 0.0)","(0.0, 0.0, 0.0)",
PLAYER_LOCATION,80424,3/20/2024 12:11:10 PM,f79b2938-cc4c-4667-a494-06663492d455,1.4,"(9.5, 1.6, 20.0)","(0.0, 0.0, 0.0)","(0.0, 0.0, 0.0)",
PLAYER_LOCATION,80424,3/20/2024 12:11:10 PM,f79b2938-cc4c-4667-a494-06663492d455,1.4,"(9.5, 1.6, 20.0)","(0.0, 0.0, 0.0)","(0.0, 0.0, 0.0)",
PLAYER_LOCATION,80952,3/20/2024 12:11:11 PM,f79b2938-cc4c-4667-a494-06663492d455,1.4,"(9.5, 1.6, 20.0)","(0.0, 0.0, 0.0)","(0.0, 0.0, 0.0)",
PLAYER_LOCATION,80952,3/20/2024 12:11:11 PM,f79b2938-cc4c-4667-a494-06663492d455,1.4,"(9.5, 1.6, 20.0)","(0.0, 0.0, 0.0)","(0.0, 0.0, 0.0)",
PLAYER_LOCATION,81478,3/20/2024 12:11:11 PM,f79b2938-cc4c-4667-a494-06663492d455,1.4,"(9.5, 1.6, 20.0)","(0.0, 0.0, 0.0)","(0.0, 0.0, 0.0)",
PLAYER_LOCATION,81478,3/20/2024 12:11:11 PM,f79b2938-cc4c-4667-a494-06663492d455,1.4,"(9.5, 1.6, 20.0)","(0.0, 0.0, 0.0)","(0.0, 0.0, 0.0)",
PLAYER_LOCATION,81979,3/20/2024 12:11:12 PM,f79b2938-cc4c-4667-a494-06663492d455,1.4,"(9.5, 1.6, 20.0)","(0.0, 0.0, 0.0)","(0.0, 0.0, 0.0)",
PLAYER_LOCATION,81979,3/20/2024 12:11:12 PM,f79b2938-cc4c-4667-a494-06663492d455,1.4,"(9.5, 1.6, 20.0)","(0.0, 0.0, 0.0)","(0.0, 0.0, 0.0)",
PLAYER_LOCATION,82508,3/20/2024 12:11:12 PM,f79b2938-cc4c-4667-a494-06663492d455,1.4,"(9.5, 1.6, 20.0)","(0.0, 0.0, 0.0)","(0.0, 0.0, 0.0)",
PLAYER_LOCATION,82508,3/20/2024 12:11:12 PM,f79b2938-cc4c-4667-a494-06663492d455,1.4,"(9.5, 1.6, 20.0)","(0.0, 0.0, 0.0)","(0.0, 0.0, 0.0)",
